family,layer,mean_entropy_bits,mean_target_logprob,mean_target_margin,mean_target_probability,model_id,n_identities,revision,semantic,split,syntax,top1_accuracy
alternation:animal,0,1.2631471753120422,-37.55057907104492,-37.261322021484375,1.4923475541080818e-16,EleutherAI/pythia-70m-deduped,2,step143000,animal,evaluation,alternation,0.0
alternation:animal,3,6.667425632476807,-16.45115089416504,-14.145538330078125,7.793560286017964e-08,EleutherAI/pythia-70m-deduped,2,step143000,animal,evaluation,alternation,0.0
alternation:animal,5,13.404999256134033,-8.549705028533936,-4.1143798828125,0.00028415233100531623,EleutherAI/pythia-70m-deduped,2,step143000,animal,evaluation,alternation,0.0
alternation:animal,0,2.342489004135132,-33.99830150604248,-33.090972900390625,4.481725499375244e-13,EleutherAI/pythia-70m-deduped,2,step143000,animal,fit,alternation,0.0
alternation:animal,3,6.618716716766357,-19.675636291503906,-17.22894287109375,4.5103268897506155e-09,EleutherAI/pythia-70m-deduped,2,step143000,animal,fit,alternation,0.0
alternation:animal,5,13.451701164245605,-10.077245235443115,-5.518798828125,4.22217544837622e-05,EleutherAI/pythia-70m-deduped,2,step143000,animal,fit,alternation,0.0
alternation:color,0,0.10482434835284948,-37.8603572845459,-37.848846435546875,7.154507891151782e-16,EleutherAI/pythia-70m-deduped,2,step143000,color,evaluation,alternation,0.0
alternation:color,3,6.933032035827637,-16.29322338104248,-14.01800537109375,3.8259567647358494e-07,EleutherAI/pythia-70m-deduped,2,step143000,color,evaluation,alternation,0.0
alternation:color,5,13.14350938796997,-8.624322414398193,-4.42376708984375,0.00018725789414020255,EleutherAI/pythia-70m-deduped,2,step143000,color,evaluation,alternation,0.0
alternation:color,0,0.9221957703121006,-33.555012702941895,-33.272674560546875,2.4549096269166048e-14,EleutherAI/pythia-70m-deduped,2,step143000,color,fit,alternation,0.0
alternation:color,3,4.254183292388916,-11.112767696380615,-9.71575927734375,1.736289505060995e-05,EleutherAI/pythia-70m-deduped,2,step143000,color,fit,alternation,0.0
alternation:color,5,12.765437602996826,-7.686553001403809,-4.19427490234375,0.0004591394099406898,EleutherAI/pythia-70m-deduped,2,step143000,color,fit,alternation,0.0
alternation:direction,0,1.1535416394472122,-30.350341796875,-30.030975341796875,6.88600499727408e-14,EleutherAI/pythia-70m-deduped,2,step143000,direction,evaluation,alternation,0.0
alternation:direction,3,4.235614776611328,-9.2370285987854,-7.885498046875,0.0005629951292576152,EleutherAI/pythia-70m-deduped,2,step143000,direction,evaluation,alternation,0.0
alternation:direction,5,12.769666194915771,-7.8401312828063965,-4.2193603515625,0.00040013510442804545,EleutherAI/pythia-70m-deduped,2,step143000,direction,evaluation,alternation,0.0
alternation:direction,0,1.3159988522529602,-31.87202548980713,-31.619110107421875,1.4775212015650336e-14,EleutherAI/pythia-70m-deduped,2,step143000,direction,fit,alternation,0.0
alternation:direction,3,6.072688102722168,-11.925010681152344,-9.91094970703125,1.2792844756859267e-05,EleutherAI/pythia-70m-deduped,2,step143000,direction,fit,alternation,0.0
alternation:direction,5,13.282400608062744,-8.72343111038208,-4.2685546875,0.00016272853827103972,EleutherAI/pythia-70m-deduped,2,step143000,direction,fit,alternation,0.0
alternation:geography,0,0.6880667135119438,-33.17909336090088,-32.834320068359375,1.6743898720975792e-13,EleutherAI/pythia-70m-deduped,2,step143000,geography,evaluation,alternation,0.0
alternation:geography,3,6.125488758087158,-22.943806648254395,-20.708251953125,1.6651602748572747e-09,EleutherAI/pythia-70m-deduped,2,step143000,geography,evaluation,alternation,0.0
alternation:geography,5,12.840442657470703,-9.61564302444458,-5.1170654296875,6.993752322159708e-05,EleutherAI/pythia-70m-deduped,2,step143000,geography,evaluation,alternation,0.0
alternation:geography,0,1.6213450655341148,-38.29187774658203,-37.725494384765625,3.9705181840934805e-17,EleutherAI/pythia-70m-deduped,2,step143000,geography,fit,alternation,0.0
alternation:geography,3,5.4461095333099365,-16.477139472961426,-14.632965087890625,1.6788118030186538e-06,EleutherAI/pythia-70m-deduped,2,step143000,geography,fit,alternation,0.0
alternation:geography,5,12.740849494934082,-10.005313873291016,-5.4033203125,5.480170148075558e-05,EleutherAI/pythia-70m-deduped,2,step143000,geography,fit,alternation,0.0
alternation:magnitude,0,0.9113862812519073,-33.42715644836426,-33.02252197265625,3.357516630171642e-15,EleutherAI/pythia-70m-deduped,2,step143000,magnitude,evaluation,alternation,0.0
alternation:magnitude,3,4.446694731712341,-10.619919300079346,-9.2816162109375,0.00012806967140477354,EleutherAI/pythia-70m-deduped,2,step143000,magnitude,evaluation,alternation,0.0
alternation:magnitude,5,12.915641784667969,-9.913861751556396,-5.82159423828125,5.6845583458198234e-05,EleutherAI/pythia-70m-deduped,2,step143000,magnitude,evaluation,alternation,0.0
alternation:magnitude,0,1.7511722445487976,-32.3819055557251,-31.770263671875,1.1119331629698393e-14,EleutherAI/pythia-70m-deduped,2,step143000,magnitude,fit,alternation,0.0
alternation:magnitude,3,5.895841598510742,-10.82880449295044,-9.04425048828125,0.00010723225074116272,EleutherAI/pythia-70m-deduped,2,step143000,magnitude,fit,alternation,0.0
alternation:magnitude,5,13.101926803588867,-8.366509914398193,-3.96441650390625,0.00024726644915062934,EleutherAI/pythia-70m-deduped,2,step143000,magnitude,fit,alternation,0.0
alternation:number,0,1.318156123161316,-28.65744972229004,-28.166717529296875,1.3417923854460215e-11,EleutherAI/pythia-70m-deduped,2,step143000,number,evaluation,alternation,0.0
alternation:number,3,6.398027658462524,-9.61799144744873,-7.5323486328125,0.00013561235209635925,EleutherAI/pythia-70m-deduped,2,step143000,number,evaluation,alternation,0.0
alternation:number,5,12.940633296966553,-9.786958694458008,-5.73345947265625,6.909927469678223e-05,EleutherAI/pythia-70m-deduped,2,step143000,number,evaluation,alternation,0.0
alternation:number,0,0.44953152537345886,-30.89851951599121,-30.834991455078125,5.256113029354897e-14,EleutherAI/pythia-70m-deduped,2,step143000,number,fit,alternation,0.0
alternation:number,3,5.516160488128662,-7.256892681121826,-5.6595458984375,0.0007813217089278623,EleutherAI/pythia-70m-deduped,2,step143000,number,fit,alternation,0.0
alternation:number,5,13.00706148147583,-8.6593017578125,-4.61383056640625,0.0002099654848279897,EleutherAI/pythia-70m-deduped,2,step143000,number,fit,alternation,0.0
alternation:temperature,0,1.7511722445487976,-32.3819055557251,-31.770263671875,1.1119331629698393e-14,EleutherAI/pythia-70m-deduped,2,step143000,temperature,evaluation,alternation,0.0
alternation:temperature,3,5.895841598510742,-10.82880449295044,-9.04425048828125,0.00010723225074116272,EleutherAI/pythia-70m-deduped,2,step143000,temperature,evaluation,alternation,0.0
alternation:temperature,5,13.101926803588867,-8.366509914398193,-3.96441650390625,0.00024726644915062934,EleutherAI/pythia-70m-deduped,2,step143000,temperature,evaluation,alternation,0.0
alternation:temperature,0,0.7605457752943039,-35.90669822692871,-35.78106689453125,5.721236696892451e-15,EleutherAI/pythia-70m-deduped,2,step143000,temperature,fit,alternation,0.0
alternation:temperature,3,6.525741338729858,-11.836539268493652,-9.373016357421875,1.2971664432370744e-05,EleutherAI/pythia-70m-deduped,2,step143000,temperature,fit,alternation,0.0
alternation:temperature,5,13.422850608825684,-8.31821608543396,-3.61834716796875,0.0002646169741638005,EleutherAI/pythia-70m-deduped,2,step143000,temperature,fit,alternation,0.0
alternation:tense,0,1.6530019901692867,-22.497900009155273,-21.884033203125,1.7353720543900053e-10,EleutherAI/pythia-70m-deduped,2,step143000,tense,evaluation,alternation,0.0
alternation:tense,3,3.4061094522476196,-14.733683586120605,-13.552886962890625,9.886407426051846e-07,EleutherAI/pythia-70m-deduped,2,step143000,tense,evaluation,alternation,0.0
alternation:tense,5,13.316047191619873,-9.242538928985596,-4.69244384765625,0.00010681705316528678,EleutherAI/pythia-70m-deduped,2,step143000,tense,evaluation,alternation,0.0
alternation:tense,0,0.09333626367151737,-32.57802391052246,-32.5679931640625,2.9844386921524396e-14,EleutherAI/pythia-70m-deduped,2,step143000,tense,fit,alternation,0.0
alternation:tense,3,6.299656391143799,-14.139047622680664,-12.030029296875,5.153962309378812e-06,EleutherAI/pythia-70m-deduped,2,step143000,tense,fit,alternation,0.0
alternation:tense,5,13.479158401489258,-11.108757019042969,-6.64605712890625,1.529397059130133e-05,EleutherAI/pythia-70m-deduped,2,step143000,tense,fit,alternation,0.0
arrow:animal,0,1.8805235028266907,-31.04135227203369,-30.582366943359375,9.059001279376327e-13,EleutherAI/pythia-70m-deduped,2,step143000,animal,evaluation,arrow,0.0
arrow:animal,3,2.5072520971298218,-1.0840870141983032,0.610626220703125,0.4172365590929985,EleutherAI/pythia-70m-deduped,2,step143000,animal,evaluation,arrow,0.5
arrow:animal,5,12.23569393157959,-5.05181360244751,-1.4837646484375,0.009176135412417352,EleutherAI/pythia-70m-deduped,2,step143000,animal,evaluation,arrow,0.0
arrow:animal,0,0.6024412512779236,-37.11857604980469,-37.048858642578125,2.0364517256087852e-13,EleutherAI/pythia-70m-deduped,2,step143000,animal,fit,arrow,0.0
arrow:animal,3,2.9338467121124268,-4.8844097554683685,-3.4305419921875,0.276569619505608,EleutherAI/pythia-70m-deduped,2,step143000,animal,fit,arrow,0.5
arrow:animal,5,12.552886486053467,-6.317894697189331,-2.11578369140625,0.0018114138511009514,EleutherAI/pythia-70m-deduped,2,step143000,animal,fit,arrow,0.0
arrow:color,0,2.992207407951355,-18.524465084075928,-17.433349609375,1.3780257872297863e-07,EleutherAI/pythia-70m-deduped,2,step143000,color,evaluation,arrow,0.0
arrow:color,3,1.0317662954330444,-0.9965119063854218,-0.471527099609375,0.38473206758499146,EleutherAI/pythia-70m-deduped,2,step143000,color,evaluation,arrow,0.0
arrow:color,5,12.18508529663086,-4.3409401178359985,-0.9254150390625,0.016095776110887527,EleutherAI/pythia-70m-deduped,2,step143000,color,evaluation,arrow,0.0
arrow:color,0,3.1540980339050293,-17.50306510925293,-16.61114501953125,1.2263330884110246e-07,EleutherAI/pythia-70m-deduped,2,step143000,color,fit,arrow,0.0
arrow:color,3,1.054984211921692,-2.763983190059662,-2.40765380859375,0.16343651851639152,EleutherAI/pythia-70m-deduped,2,step143000,color,fit,arrow,0.0
arrow:color,5,12.209676265716553,-4.074727296829224,-0.687255859375,0.01780303055420518,EleutherAI/pythia-70m-deduped,2,step143000,color,fit,arrow,0.0
arrow:direction,0,3.1317657232284546,-13.794814825057983,-12.99383544921875,0.0002018178889349187,EleutherAI/pythia-70m-deduped,2,step143000,direction,evaluation,arrow,0.0
arrow:direction,3,1.056448072195053,-0.5878273900598288,1.7877197265625,0.6481877714395523,EleutherAI/pythia-70m-deduped,2,step143000,direction,evaluation,arrow,0.5
arrow:direction,5,12.47498083114624,-4.367232084274292,-0.896240234375,0.01503350492566824,EleutherAI/pythia-70m-deduped,2,step143000,direction,evaluation,arrow,0.0
arrow:direction,0,2.873132586479187,-18.293818473815918,-17.6107177734375,3.248267255173687e-08,EleutherAI/pythia-70m-deduped,2,step143000,direction,fit,arrow,0.0
arrow:direction,3,0.5916900858283043,-0.37459300737828016,1.976959228515625,0.7312014847993851,EleutherAI/pythia-70m-deduped,2,step143000,direction,fit,arrow,0.5
arrow:direction,5,12.455202579498291,-5.712327241897583,-1.76483154296875,0.0041481200023554265,EleutherAI/pythia-70m-deduped,2,step143000,direction,fit,arrow,0.0
arrow:geography,0,0.3262704089283943,-24.51374912261963,-24.477996826171875,2.545869071113316e-11,EleutherAI/pythia-70m-deduped,2,step143000,geography,evaluation,arrow,0.0
arrow:geography,3,0.7783249206840992,-6.899009704589844,-6.779632568359375,0.0012133025447838008,EleutherAI/pythia-70m-deduped,2,step143000,geography,evaluation,arrow,0.0
arrow:geography,5,12.472391128540039,-5.651273250579834,-1.10040283203125,0.004056053585372865,EleutherAI/pythia-70m-deduped,2,step143000,geography,evaluation,arrow,0.0
arrow:geography,0,0.8220584988594055,-22.390056610107422,-22.272216796875,4.157403848265018e-10,EleutherAI/pythia-70m-deduped,2,step143000,geography,fit,arrow,0.0
arrow:geography,3,2.269233286380768,-4.639269612729549,-2.8365478515625,0.40805874705620226,EleutherAI/pythia-70m-deduped,2,step143000,geography,fit,arrow,0.5
arrow:geography,5,12.3633713722229,-7.323332786560059,-3.33294677734375,0.0007849098183214664,EleutherAI/pythia-70m-deduped,2,step143000,geography,fit,arrow,0.0
arrow:magnitude,0,2.8512569665908813,-17.796732902526855,-16.973419189453125,2.149504663151447e-08,EleutherAI/pythia-70m-deduped,2,step143000,magnitude,evaluation,arrow,0.0
arrow:magnitude,3,0.7178580090403557,-2.4540996567811817,0.646728515625,0.5002312995493412,EleutherAI/pythia-70m-deduped,2,step143000,magnitude,evaluation,arrow,0.5
arrow:magnitude,5,12.618425846099854,-5.851387023925781,-1.80865478515625,0.003626289253588766,EleutherAI/pythia-70m-deduped,2,step143000,magnitude,evaluation,arrow,0.0
arrow:magnitude,0,3.3888334035873413,-22.07394790649414,-21.180267333984375,1.0406023976533563e-09,EleutherAI/pythia-70m-deduped,2,step143000,magnitude,fit,arrow,0.0
arrow:magnitude,3,0.4514935538172722,-0.12153647374361753,2.711181640625,0.8901100158691406,EleutherAI/pythia-70m-deduped,2,step143000,magnitude,fit,arrow,1.0
arrow:magnitude,5,12.29163408279419,-4.930333852767944,-0.77178955078125,0.007248431909829378,EleutherAI/pythia-70m-deduped,2,step143000,magnitude,fit,arrow,0.0
arrow:number,0,2.497252941131592,-17.708102226257324,-17.107757568359375,2.4613640015047622e-08,EleutherAI/pythia-70m-deduped,2,step143000,number,evaluation,arrow,0.0
arrow:number,3,1.3449682518839836,-1.9751539246644825,1.503631591796875,0.5062044616788626,EleutherAI/pythia-70m-deduped,2,step143000,number,evaluation,arrow,0.5
arrow:number,5,12.564356327056885,-5.613817453384399,-1.58026123046875,0.005400872963946313,EleutherAI/pythia-70m-deduped,2,step143000,number,evaluation,arrow,0.0
arrow:number,0,2.6531890630722046,-12.689778089523315,-12.02606201171875,0.00020182836798010584,EleutherAI/pythia-70m-deduped,2,step143000,number,fit,arrow,0.0
arrow:number,3,0.8372483551502228,-2.015175586566329,0.328125,0.5001203408464789,EleutherAI/pythia-70m-deduped,2,step143000,number,fit,arrow,0.5
arrow:number,5,12.875670433044434,-5.149250268936157,-1.29071044921875,0.0059009091928601265,EleutherAI/pythia-70m-deduped,2,step143000,number,fit,arrow,0.0
arrow:temperature,0,3.3888334035873413,-22.07394790649414,-21.180267333984375,1.0406023976533563e-09,EleutherAI/pythia-70m-deduped,2,step143000,temperature,evaluation,arrow,0.0
arrow:temperature,3,0.4514935538172722,-0.12153647374361753,2.711181640625,0.8901100158691406,EleutherAI/pythia-70m-deduped,2,step143000,temperature,evaluation,arrow,1.0
arrow:temperature,5,12.29163408279419,-4.930333852767944,-0.77178955078125,0.007248431909829378,EleutherAI/pythia-70m-deduped,2,step143000,temperature,evaluation,arrow,0.0
arrow:temperature,0,2.3582093715667725,-24.52878189086914,-24.080718994140625,3.145845577694245e-08,EleutherAI/pythia-70m-deduped,2,step143000,temperature,fit,arrow,0.0
arrow:temperature,3,0.6092612743377686,-3.811099410057068,-3.469879150390625,0.24170513631543145,EleutherAI/pythia-70m-deduped,2,step143000,temperature,fit,arrow,0.0
arrow:temperature,5,12.68547773361206,-6.053296804428101,-2.11041259765625,0.002503141586203128,EleutherAI/pythia-70m-deduped,2,step143000,temperature,fit,arrow,0.0
arrow:tense,0,2.453612267971039,-26.427082061767578,-25.5523681640625,5.766929985715754e-11,EleutherAI/pythia-70m-deduped,2,step143000,tense,evaluation,arrow,0.0
arrow:tense,3,1.1111429631710052,-0.5687363920733333,1.81207275390625,0.6542559862136841,EleutherAI/pythia-70m-deduped,2,step143000,tense,evaluation,arrow,0.5
arrow:tense,5,12.739246845245361,-5.532430171966553,-1.232666015625,0.0045681874034926295,EleutherAI/pythia-70m-deduped,2,step143000,tense,evaluation,arrow,0.0
arrow:tense,0,1.50054731965065,-29.40562152862549,-29.04583740234375,2.10155199855842e-13,EleutherAI/pythia-70m-deduped,2,step143000,tense,fit,arrow,0.0
arrow:tense,3,0.7382677774876356,-3.9465717682614923,-0.784454345703125,0.49735151427739765,EleutherAI/pythia-70m-deduped,2,step143000,tense,fit,arrow,0.5
arrow:tense,5,12.78591775894165,-8.41653060913086,-4.23052978515625,0.00028396920242812485,EleutherAI/pythia-70m-deduped,2,step143000,tense,fit,arrow,0.0
mapping:animal,0,0.6480108797550201,-24.135188102722168,-24.03680419921875,4.5242969960723745e-11,EleutherAI/pythia-70m-deduped,2,step143000,animal,evaluation,mapping,0.0
mapping:animal,3,1.1264976561069489,-0.21518509835004807,2.2259521484375,0.8064146637916565,EleutherAI/pythia-70m-deduped,2,step143000,animal,evaluation,mapping,1.0
mapping:animal,5,12.321995258331299,-4.951748847961426,-1.66705322265625,0.007830189308151603,EleutherAI/pythia-70m-deduped,2,step143000,animal,evaluation,mapping,0.0
mapping:animal,0,1.1966546773910522,-31.735488891601562,-31.467681884765625,3.1785022027777536e-13,EleutherAI/pythia-70m-deduped,2,step143000,animal,fit,mapping,0.0
mapping:animal,3,1.0241165906190872,-0.8400368262082338,1.228179931640625,0.5747562050819397,EleutherAI/pythia-70m-deduped,2,step143000,animal,fit,mapping,0.5
mapping:animal,5,12.744671821594238,-5.912406921386719,-1.48956298828125,0.002739115501753986,EleutherAI/pythia-70m-deduped,2,step143000,animal,fit,mapping,0.0
mapping:color,0,1.3519678115844727,-22.1221923828125,-21.831695556640625,4.203986291029249e-10,EleutherAI/pythia-70m-deduped,2,step143000,color,evaluation,mapping,0.0
mapping:color,3,0.2574395313858986,-0.04495437629520893,3.7843017578125,0.956707775592804,EleutherAI/pythia-70m-deduped,2,step143000,color,evaluation,mapping,1.0
mapping:color,5,12.04951286315918,-4.4088218212127686,-1.0863037109375,0.013308167923241854,EleutherAI/pythia-70m-deduped,2,step143000,color,evaluation,mapping,0.0
mapping:color,0,1.2224228382110596,-24.564138412475586,-24.33477783203125,5.203512666595873e-10,EleutherAI/pythia-70m-deduped,2,step143000,color,fit,mapping,0.0
mapping:color,3,0.8646344915032387,-0.3112276364117861,2.34466552734375,0.7633589804172516,EleutherAI/pythia-70m-deduped,2,step143000,color,fit,mapping,1.0
mapping:color,5,12.061412334442139,-4.998732328414917,-1.592529296875,0.007062302902340889,EleutherAI/pythia-70m-deduped,2,step143000,color,fit,mapping,0.0
mapping:direction,0,1.2236313223838806,-20.803804397583008,-20.5986328125,9.600547570866324e-07,EleutherAI/pythia-70m-deduped,2,step143000,direction,evaluation,mapping,0.0
mapping:direction,3,1.245620608329773,-0.3880143091082573,1.53814697265625,0.6937404274940491,EleutherAI/pythia-70m-deduped,2,step143000,direction,evaluation,mapping,1.0
mapping:direction,5,12.31513500213623,-5.269974946975708,-1.57183837890625,0.006020997534506023,EleutherAI/pythia-70m-deduped,2,step143000,direction,evaluation,mapping,0.0
mapping:direction,0,2.8021374940872192,-21.525609016418457,-20.602752685546875,4.797266750511398e-10,EleutherAI/pythia-70m-deduped,2,step143000,direction,fit,mapping,0.0
mapping:direction,3,0.2780861034989357,-0.04351735394448042,3.63739013671875,0.957704097032547,EleutherAI/pythia-70m-deduped,2,step143000,direction,fit,mapping,1.0
mapping:direction,5,12.435414791107178,-5.879287242889404,-1.76019287109375,0.0029303800547495484,EleutherAI/pythia-70m-deduped,2,step143000,direction,fit,mapping,0.0
mapping:geography,0,1.7659006118774414,-25.400970458984375,-24.903289794921875,3.62890768324832e-11,EleutherAI/pythia-70m-deduped,2,step143000,geography,evaluation,mapping,0.0
mapping:geography,3,0.0059645812143571675,-0.00041337235506944126,10.104217529296875,0.9995867908000946,EleutherAI/pythia-70m-deduped,2,step143000,geography,evaluation,mapping,1.0
mapping:geography,5,11.452123641967773,-4.45313835144043,-0.60137939453125,0.011930520180612803,EleutherAI/pythia-70m-deduped,2,step143000,geography,evaluation,mapping,0.0
mapping:geography,0,1.564896285533905,-20.631787300109863,-20.2314453125,2.9087503692140637e-08,EleutherAI/pythia-70m-deduped,2,step143000,geography,fit,mapping,0.0
mapping:geography,3,0.9659842103719711,-0.3302219584584236,1.785888671875,0.7442890703678131,EleutherAI/pythia-70m-deduped,2,step143000,geography,fit,mapping,1.0
mapping:geography,5,11.760583400726318,-5.547176361083984,-1.4705810546875,0.004469220759347081,EleutherAI/pythia-70m-deduped,2,step143000,geography,fit,mapping,0.0
mapping:magnitude,0,1.0513461232185364,-16.954678535461426,-16.796295166015625,6.290431286970488e-08,EleutherAI/pythia-70m-deduped,2,step143000,magnitude,evaluation,mapping,0.0
mapping:magnitude,3,1.9161723852157593,-1.2133364081382751,-0.39776611328125,0.3110794872045517,EleutherAI/pythia-70m-deduped,2,step143000,magnitude,evaluation,mapping,0.5
mapping:magnitude,5,12.712026119232178,-6.099850654602051,-1.33734130859375,0.0024489836068823934,EleutherAI/pythia-70m-deduped,2,step143000,magnitude,evaluation,mapping,0.0
mapping:magnitude,0,2.955970287322998,-18.759432792663574,-18.022735595703125,3.9359443676501016e-08,EleutherAI/pythia-70m-deduped,2,step143000,magnitude,fit,mapping,0.0
mapping:magnitude,3,0.27798520028591156,-0.047566880472004414,3.16680908203125,0.9537467658519745,EleutherAI/pythia-70m-deduped,2,step143000,magnitude,fit,mapping,1.0
mapping:magnitude,5,12.173523902893066,-5.3895838260650635,-1.13836669921875,0.004639523685909808,EleutherAI/pythia-70m-deduped,2,step143000,magnitude,fit,mapping,0.0
mapping:number,0,1.1199089288711548,-16.91200351715088,-16.73638916015625,6.367467619838862e-08,EleutherAI/pythia-70m-deduped,2,step143000,number,evaluation,mapping,0.0
mapping:number,3,1.8714509010314941,-2.054304778575897,-1.302978515625,0.22186296805739403,EleutherAI/pythia-70m-deduped,2,step143000,number,evaluation,mapping,0.5
mapping:number,5,12.71744966506958,-6.103882074356079,-1.35955810546875,0.0024352052714675665,EleutherAI/pythia-70m-deduped,2,step143000,number,evaluation,mapping,0.0
mapping:number,0,1.2222225666046143,-15.699783325195312,-15.5118408203125,9.66066073360139e-07,EleutherAI/pythia-70m-deduped,2,step143000,number,fit,mapping,0.0
mapping:number,3,0.7220662832260132,-2.0188497826457024,-0.761199951171875,0.42991947289556265,EleutherAI/pythia-70m-deduped,2,step143000,number,fit,mapping,0.5
mapping:number,5,12.782435417175293,-5.9189887046813965,-1.2471923828125,0.0026950774481520057,EleutherAI/pythia-70m-deduped,2,step143000,number,fit,mapping,0.0
mapping:temperature,0,2.955970287322998,-18.759432792663574,-18.022735595703125,3.9359443676501016e-08,EleutherAI/pythia-70m-deduped,2,step143000,temperature,evaluation,mapping,0.0
mapping:temperature,3,0.27798520028591156,-0.047566880472004414,3.16680908203125,0.9537467658519745,EleutherAI/pythia-70m-deduped,2,step143000,temperature,evaluation,mapping,1.0
mapping:temperature,5,12.173523902893066,-5.3895838260650635,-1.13836669921875,0.004639523685909808,EleutherAI/pythia-70m-deduped,2,step143000,temperature,evaluation,mapping,0.0
mapping:temperature,0,2.585257887840271,-25.157264709472656,-24.03314208984375,1.5467351905567098e-10,EleutherAI/pythia-70m-deduped,2,step143000,temperature,fit,mapping,0.0
mapping:temperature,3,0.5595673099160194,-0.21463002916425467,2.6337890625,0.8223311305046082,EleutherAI/pythia-70m-deduped,2,step143000,temperature,fit,mapping,1.0
mapping:temperature,5,12.708733081817627,-5.6172637939453125,-1.8157958984375,0.0042409521993249655,EleutherAI/pythia-70m-deduped,2,step143000,temperature,fit,mapping,0.0
mapping:tense,0,0.996946856379509,-25.062332153320312,-24.87982177734375,1.6135502656222656e-11,EleutherAI/pythia-70m-deduped,2,step143000,tense,evaluation,mapping,0.0
mapping:tense,3,1.1842653369531035,-0.29606528248405084,4.0621337890625,0.7762080729007721,EleutherAI/pythia-70m-deduped,2,step143000,tense,evaluation,mapping,1.0
mapping:tense,5,12.647035598754883,-5.150645971298218,-1.03399658203125,0.010247808182612062,EleutherAI/pythia-70m-deduped,2,step143000,tense,evaluation,mapping,0.5
mapping:tense,0,0.8628521114587784,-36.72606086730957,-36.589752197265625,4.1685273887246687e-16,EleutherAI/pythia-70m-deduped,2,step143000,tense,fit,mapping,0.0
mapping:tense,3,2.426472544670105,-6.953110456466675,-6.016204833984375,0.02260314394334273,EleutherAI/pythia-70m-deduped,2,step143000,tense,fit,mapping,0.0
mapping:tense,5,12.708546161651611,-7.9924046993255615,-3.97381591796875,0.0003951738035539165,EleutherAI/pythia-70m-deduped,2,step143000,tense,fit,mapping,0.0
question:animal,0,1.0923648476600647,-33.71255016326904,-33.550018310546875,6.130800893774137e-14,EleutherAI/pythia-70m-deduped,2,step143000,animal,evaluation,question,0.0
question:animal,3,1.0854541063308716,-1.3013128712773323,0.1434326171875,0.49509067833423615,EleutherAI/pythia-70m-deduped,2,step143000,animal,evaluation,question,0.5
question:animal,5,12.438862323760986,-4.902278661727905,-0.86102294921875,0.00794147769920528,EleutherAI/pythia-70m-deduped,2,step143000,animal,evaluation,question,0.0
question:animal,0,1.0576877295970917,-39.826385498046875,-39.676910400390625,1.6379278036523445e-17,EleutherAI/pythia-70m-deduped,2,step143000,animal,fit,question,0.0
question:animal,3,0.5502605438232422,-0.08296145312488079,3.080169677734375,0.9208664000034332,EleutherAI/pythia-70m-deduped,2,step143000,animal,fit,question,1.0
question:animal,5,12.567185878753662,-5.932839632034302,-1.7579345703125,0.0026570333866402507,EleutherAI/pythia-70m-deduped,2,step143000,animal,fit,question,0.0
question:color,0,1.21597421169281,-25.714550971984863,-25.502410888671875,1.0865166405471527e-11,EleutherAI/pythia-70m-deduped,2,step143000,color,evaluation,question,0.0
question:color,3,0.11836324777686968,-2.274509070241038,2.7735595703125,0.5052438527345657,EleutherAI/pythia-70m-deduped,2,step143000,color,evaluation,question,0.5
question:color,5,12.445030212402344,-4.473126649856567,-0.7989501953125,0.013878847006708384,EleutherAI/pythia-70m-deduped,2,step143000,color,evaluation,question,0.0
question:color,0,1.4368886351585388,-29.34408473968506,-29.04302978515625,2.751499759100478e-13,EleutherAI/pythia-70m-deduped,2,step143000,color,fit,question,0.0
question:color,3,1.1890509724617004,-1.0164458006620407,-0.21734619140625,0.4424320086836815,EleutherAI/pythia-70m-deduped,2,step143000,color,fit,question,0.5
question:color,5,12.370046138763428,-4.764577150344849,-1.41912841796875,0.009301962330937386,EleutherAI/pythia-70m-deduped,2,step143000,color,fit,question,0.0
question:direction,0,1.088497906923294,-27.968850135803223,-27.74371337890625,7.682408311934785e-13,EleutherAI/pythia-70m-deduped,2,step143000,direction,evaluation,question,0.0
question:direction,3,0.5971669554710388,-2.3473548740148544,-1.699310302734375,0.35504464991390705,EleutherAI/pythia-70m-deduped,2,step143000,direction,evaluation,question,0.5
question:direction,5,12.464063167572021,-4.980005741119385,-1.37054443359375,0.008324679802171886,EleutherAI/pythia-70m-deduped,2,step143000,direction,evaluation,question,0.0
question:direction,0,1.6201480031013489,-22.325486183166504,-21.949249267578125,2.0973409120550457e-10,EleutherAI/pythia-70m-deduped,2,step143000,direction,fit,question,0.0
question:direction,3,1.0029267370700836,-0.8172012381255627,0.722015380859375,0.5616648569703102,EleutherAI/pythia-70m-deduped,2,step143000,direction,fit,question,0.5
question:direction,5,12.64088249206543,-5.68351411819458,-1.3658447265625,0.003402235801331699,EleutherAI/pythia-70m-deduped,2,step143000,direction,fit,question,0.0
question:geography,0,0.7908786833286285,-21.35210418701172,-21.2518310546875,8.024428413411222e-10,EleutherAI/pythia-70m-deduped,2,step143000,geography,evaluation,question,0.0
question:geography,3,0.6125556286424398,-0.5134666112717241,2.971099853515625,0.6781997233629227,EleutherAI/pythia-70m-deduped,2,step143000,geography,evaluation,question,0.5
question:geography,5,11.857400894165039,-5.945059299468994,-2.08673095703125,0.0026220392901450396,EleutherAI/pythia-70m-deduped,2,step143000,geography,evaluation,question,0.0
question:geography,0,0.8093359470367432,-25.953824043273926,-25.8497314453125,7.573527525603363e-12,EleutherAI/pythia-70m-deduped,2,step143000,geography,fit,question,0.0
question:geography,3,0.29208904504776,-2.2699241805821657,-0.112762451171875,0.49590994557365775,EleutherAI/pythia-70m-deduped,2,step143000,geography,fit,question,0.5
question:geography,5,11.703332901000977,-6.460428714752197,-2.650390625,0.0016336491098627448,EleutherAI/pythia-70m-deduped,2,step143000,geography,fit,question,0.0
question:magnitude,0,1.1389238238334656,-32.750617027282715,-32.51251220703125,1.1141333450129395e-11,EleutherAI/pythia-70m-deduped,2,step143000,magnitude,evaluation,question,0.0
question:magnitude,3,1.4595367312431335,-3.777547001838684,-3.177764892578125,0.026820737402886152,EleutherAI/pythia-70m-deduped,2,step143000,magnitude,evaluation,question,0.0
question:magnitude,5,12.594346523284912,-5.76921272277832,-1.625732421875,0.00444193824660033,EleutherAI/pythia-70m-deduped,2,step143000,magnitude,evaluation,question,0.0
question:magnitude,0,1.5423768162727356,-21.66131591796875,-21.289703369140625,5.816945675141127e-10,EleutherAI/pythia-70m-deduped,2,step143000,magnitude,fit,question,0.0
question:magnitude,3,0.859441339969635,-3.130738615989685,-2.78338623046875,0.11178479716181755,EleutherAI/pythia-70m-deduped,2,step143000,magnitude,fit,question,0.0
question:magnitude,5,12.402911186218262,-5.557769775390625,-1.33917236328125,0.0038791297702118754,EleutherAI/pythia-70m-deduped,2,step143000,magnitude,fit,question,0.0
question:number,0,1.416782259941101,-32.28467845916748,-31.93475341796875,1.1141334684637057e-11,EleutherAI/pythia-70m-deduped,2,step143000,number,evaluation,question,0.0
question:number,3,1.8842584490776062,-2.8075790405273438,-2.17822265625,0.0650247074663639,EleutherAI/pythia-70m-deduped,2,step143000,number,evaluation,question,0.0
question:number,5,12.588656902313232,-5.751434803009033,-1.57513427734375,0.004579507163725793,EleutherAI/pythia-70m-deduped,2,step143000,number,evaluation,question,0.0
question:number,0,0.6313143968582153,-34.58741855621338,-34.4940185546875,5.267494309325107e-13,EleutherAI/pythia-70m-deduped,2,step143000,number,fit,question,0.0
question:number,3,1.0843026638031006,-2.536830872297287,-1.859619140625,0.24512492306530476,EleutherAI/pythia-70m-deduped,2,step143000,number,fit,question,0.5
question:number,5,12.743610858917236,-5.693160533905029,-1.537841796875,0.003378257271833718,EleutherAI/pythia-70m-deduped,2,step143000,number,fit,question,0.0
question:temperature,0,1.5423768162727356,-21.66131591796875,-21.289703369140625,5.816945675141127e-10,EleutherAI/pythia-70m-deduped,2,step143000,temperature,evaluation,question,0.0
question:temperature,3,0.859441339969635,-3.130738615989685,-2.78338623046875,0.11178479716181755,EleutherAI/pythia-70m-deduped,2,step143000,temperature,evaluation,question,0.0
question:temperature,5,12.402911186218262,-5.557769775390625,-1.33917236328125,0.0038791297702118754,EleutherAI/pythia-70m-deduped,2,step143000,temperature,evaluation,question,0.0
question:temperature,0,1.4736304879188538,-26.716408729553223,-26.421173095703125,1.340625400973302e-10,EleutherAI/pythia-70m-deduped,2,step143000,temperature,fit,question,0.0
question:temperature,3,0.7409695684909821,-0.5848836116492748,0.836151123046875,0.6251493394374847,EleutherAI/pythia-70m-deduped,2,step143000,temperature,fit,question,0.5
question:temperature,5,12.841852188110352,-5.248497247695923,-0.76812744140625,0.005807854002341628,EleutherAI/pythia-70m-deduped,2,step143000,temperature,fit,question,0.0
question:tense,0,1.7979375720024109,-25.776894569396973,-25.430694580078125,6.404669329607149e-12,EleutherAI/pythia-70m-deduped,2,step143000,tense,evaluation,question,0.0
question:tense,3,1.4362661838531494,-3.195714831352234,-2.777587890625,0.04324625339359045,EleutherAI/pythia-70m-deduped,2,step143000,tense,evaluation,question,0.0
question:tense,5,12.529048442840576,-5.526952743530273,-1.74945068359375,0.00427981186658144,EleutherAI/pythia-70m-deduped,2,step143000,tense,evaluation,question,0.0
question:tense,0,1.6094117760658264,-24.13694953918457,-23.853057861328125,3.885768356387542e-11,EleutherAI/pythia-70m-deduped,2,step143000,tense,fit,question,0.0
question:tense,3,0.32004163414239883,-3.5133764753118157,-0.899566650390625,0.4926707273116335,EleutherAI/pythia-70m-deduped,2,step143000,tense,fit,question,0.5
question:tense,5,12.450391292572021,-8.067151069641113,-4.2930908203125,0.0003307513106847182,EleutherAI/pythia-70m-deduped,2,step143000,tense,fit,question,0.0
alternation:animal,0,3.3628761172294617,-16.521361827850342,-15.98057222366333,1.1975993707835642e-07,Qwen/Qwen3-0.6B,2,c1899de289a04d12100db370d81485cdf75e47ca,animal,evaluation,alternation,0.0
alternation:animal,14,6.364461421966553,-14.925451755523682,-13.412567138671875,4.927833074930277e-07,Qwen/Qwen3-0.6B,2,c1899de289a04d12100db370d81485cdf75e47ca,animal,evaluation,alternation,0.0
alternation:animal,27,0.7008037567138672,-0.42475518491119146,1.890024185180664,0.7064207494258881,Qwen/Qwen3-0.6B,2,c1899de289a04d12100db370d81485cdf75e47ca,animal,evaluation,alternation,0.5
alternation:animal,0,5.273686408996582,-14.277024269104004,-13.228330612182617,1.7566076238040296e-06,Qwen/Qwen3-0.6B,2,c1899de289a04d12100db370d81485cdf75e47ca,animal,fit,alternation,0.0
alternation:animal,14,8.883958339691162,-14.836325645446777,-12.311236381530762,5.183928308838404e-07,Qwen/Qwen3-0.6B,2,c1899de289a04d12100db370d81485cdf75e47ca,animal,fit,alternation,0.0
alternation:animal,27,1.091989517211914,-0.8346687406301498,-0.02035999298095703,0.4886331409215927,Qwen/Qwen3-0.6B,2,c1899de289a04d12100db370d81485cdf75e47ca,animal,fit,alternation,0.5
alternation:color,0,2.8632348775863647,-11.338086128234863,-10.695015907287598,7.569220960590428e-05,Qwen/Qwen3-0.6B,2,c1899de289a04d12100db370d81485cdf75e47ca,color,evaluation,alternation,0.0
alternation:color,14,7.164199590682983,-17.39912700653076,-14.93498182296753,4.025280420094646e-08,Qwen/Qwen3-0.6B,2,c1899de289a04d12100db370d81485cdf75e47ca,color,evaluation,alternation,0.0
alternation:color,27,1.6368316411972046,-0.8291380554437637,0.3166027069091797,0.472161203622818,Qwen/Qwen3-0.6B,2,c1899de289a04d12100db370d81485cdf75e47ca,color,evaluation,alternation,0.5
alternation:color,0,2.8725508749485016,-5.2759246826171875,-4.473870277404785,0.007763022789731622,Qwen/Qwen3-0.6B,2,c1899de289a04d12100db370d81485cdf75e47ca,color,fit,alternation,0.0
alternation:color,14,4.866875886917114,-16.28614616394043,-14.612279891967773,2.557697462712838e-07,Qwen/Qwen3-0.6B,2,c1899de289a04d12100db370d81485cdf75e47ca,color,fit,alternation,0.0
alternation:color,27,0.8241725936532021,-0.4937629634514451,2.3335819244384766,0.6821271032094955,Qwen/Qwen3-0.6B,2,c1899de289a04d12100db370d81485cdf75e47ca,color,fit,alternation,0.5
alternation:direction,0,5.4189133644104,-6.1427106857299805,-5.0669264793396,0.006971852548304014,Qwen/Qwen3-0.6B,2,c1899de289a04d12100db370d81485cdf75e47ca,direction,evaluation,alternation,0.0
alternation:direction,14,7.040650367736816,-14.266565322875977,-12.074511289596558,1.4121443510983767e-05,Qwen/Qwen3-0.6B,2,c1899de289a04d12100db370d81485cdf75e47ca,direction,evaluation,alternation,0.0
alternation:direction,27,0.45805535465478897,-0.09667521063238382,3.4500999450683594,0.9110057950019836,Qwen/Qwen3-0.6B,2,c1899de289a04d12100db370d81485cdf75e47ca,direction,evaluation,alternation,1.0
alternation:direction,0,4.913200378417969,-6.677579879760742,-5.524755001068115,0.004398193290398922,Qwen/Qwen3-0.6B,2,c1899de289a04d12100db370d81485cdf75e47ca,direction,fit,alternation,0.0
alternation:direction,14,7.056608200073242,-17.04392385482788,-14.820395469665527,1.2051102316057438e-07,Qwen/Qwen3-0.6B,2,c1899de289a04d12100db370d81485cdf75e47ca,direction,fit,alternation,0.0
alternation:direction,27,1.0899165272712708,-0.654824435710907,0.1263751983642578,0.5262486934661865,Qwen/Qwen3-0.6B,2,c1899de289a04d12100db370d81485cdf75e47ca,direction,fit,alternation,0.5
alternation:geography,0,5.881489276885986,-12.991716861724854,-12.016456127166748,2.512960236344952e-06,Qwen/Qwen3-0.6B,2,c1899de289a04d12100db370d81485cdf75e47ca,geography,evaluation,alternation,0.0
alternation:geography,14,7.009167432785034,-14.385393619537354,-12.420310497283936,5.806878249359215e-07,Qwen/Qwen3-0.6B,2,c1899de289a04d12100db370d81485cdf75e47ca,geography,evaluation,alternation,0.0
alternation:geography,27,3.438931941986084,-0.7883720844984055,1.0656375885009766,0.4910677671432495,Qwen/Qwen3-0.6B,2,c1899de289a04d12100db370d81485cdf75e47ca,geography,evaluation,alternation,1.0
alternation:geography,0,3.761641025543213,-11.153451919555664,-10.592321395874023,1.5512312074861256e-05,Qwen/Qwen3-0.6B,2,c1899de289a04d12100db370d81485cdf75e47ca,geography,fit,alternation,0.0
alternation:geography,14,6.001238584518433,-11.38403034210205,-9.678788185119629,1.6212759874179028e-05,Qwen/Qwen3-0.6B,2,c1899de289a04d12100db370d81485cdf75e47ca,geography,fit,alternation,0.0
alternation:geography,27,3.769720196723938,-1.2846291661262512,-0.07463550567626953,0.280075803399086,Qwen/Qwen3-0.6B,2,c1899de289a04d12100db370d81485cdf75e47ca,geography,fit,alternation,0.5
alternation:magnitude,0,5.5248860120773315,-14.412590026855469,-13.528394222259521,5.717767805890617e-07,Qwen/Qwen3-0.6B,2,c1899de289a04d12100db370d81485cdf75e47ca,magnitude,evaluation,alternation,0.0
alternation:magnitude,14,8.376722812652588,-13.971811294555664,-11.941862106323242,8.553145391942962e-07,Qwen/Qwen3-0.6B,2,c1899de289a04d12100db370d81485cdf75e47ca,magnitude,evaluation,alternation,0.0
alternation:magnitude,27,2.086901068687439,-1.4649414420127869,-0.4324817657470703,0.28988315910100937,Qwen/Qwen3-0.6B,2,c1899de289a04d12100db370d81485cdf75e47ca,magnitude,evaluation,alternation,0.5
alternation:magnitude,0,4.147055149078369,-10.266816139221191,-9.668774127960205,9.52819580106734e-05,Qwen/Qwen3-0.6B,2,c1899de289a04d12100db370d81485cdf75e47ca,magnitude,fit,alternation,0.0
alternation:magnitude,14,6.616756200790405,-16.51658582687378,-14.361814975738525,1.2677824923201797e-07,Qwen/Qwen3-0.6B,2,c1899de289a04d12100db370d81485cdf75e47ca,magnitude,fit,alternation,0.0
alternation:magnitude,27,0.9973455369472504,-0.4978014826774597,0.4445838928222656,0.6078695356845856,Qwen/Qwen3-0.6B,2,c1899de289a04d12100db370d81485cdf75e47ca,magnitude,fit,alternation,1.0
alternation:number,0,2.6797115802764893,-13.089815616607666,-12.7030611038208,5.327805723709389e-06,Qwen/Qwen3-0.6B,2,c1899de289a04d12100db370d81485cdf75e47ca,number,evaluation,alternation,0.0
alternation:number,14,7.7726569175720215,-12.771061897277832,-10.979619979858398,5.125505566638822e-06,Qwen/Qwen3-0.6B,2,c1899de289a04d12100db370d81485cdf75e47ca,number,evaluation,alternation,0.0
alternation:number,27,1.2571996003389359,-2.79921555519104,-2.3965110778808594,0.073556799441576,Qwen/Qwen3-0.6B,2,c1899de289a04d12100db370d81485cdf75e47ca,number,evaluation,alternation,0.0
alternation:number,0,4.958302855491638,-10.292564153671265,-9.557648181915283,0.0001714395325507212,Qwen/Qwen3-0.6B,2,c1899de289a04d12100db370d81485cdf75e47ca,number,fit,alternation,0.0
alternation:number,14,12.2400803565979,-10.380000591278076,-5.768873453140259,3.1187966669676825e-05,Qwen/Qwen3-0.6B,2,c1899de289a04d12100db370d81485cdf75e47ca,number,fit,alternation,0.0
alternation:number,27,1.3715420961380005,-0.7417857944965363,0.5270719528198242,0.5534094423055649,Qwen/Qwen3-0.6B,2,c1899de289a04d12100db370d81485cdf75e47ca,number,fit,alternation,0.5
alternation:temperature,0,4.147055149078369,-10.266816139221191,-9.668774127960205,9.52819580106734e-05,Qwen/Qwen3-0.6B,2,c1899de289a04d12100db370d81485cdf75e47ca,temperature,evaluation,alternation,0.0
alternation:temperature,14,6.616756200790405,-16.51658582687378,-14.361814975738525,1.2677824923201797e-07,Qwen/Qwen3-0.6B,2,c1899de289a04d12100db370d81485cdf75e47ca,temperature,evaluation,alternation,0.0
alternation:temperature,27,0.9973455369472504,-0.4978014826774597,0.4445838928222656,0.6078695356845856,Qwen/Qwen3-0.6B,2,c1899de289a04d12100db370d81485cdf75e47ca,temperature,evaluation,alternation,1.0
alternation:temperature,0,5.12725305557251,-8.55199670791626,-7.068938732147217,0.004308362323172332,Qwen/Qwen3-0.6B,2,c1899de289a04d12100db370d81485cdf75e47ca,temperature,fit,alternation,0.0
alternation:temperature,14,6.471197605133057,-17.82978630065918,-15.973933219909668,2.768243922979252e-08,Qwen/Qwen3-0.6B,2,c1899de289a04d12100db370d81485cdf75e47ca,temperature,fit,alternation,0.0
alternation:temperature,27,1.1697723269462585,-0.8268962204456329,-0.22394752502441406,0.43743349611759186,Qwen/Qwen3-0.6B,2,c1899de289a04d12100db370d81485cdf75e47ca,temperature,fit,alternation,0.0
alternation:tense,0,5.648565053939819,-5.479777574539185,-4.077041149139404,0.042356469348305836,Qwen/Qwen3-0.6B,2,c1899de289a04d12100db370d81485cdf75e47ca,tense,evaluation,alternation,0.0
alternation:tense,14,7.042658805847168,-15.818042755126953,-14.12859058380127,1.2003604772381493e-06,Qwen/Qwen3-0.6B,2,c1899de289a04d12100db370d81485cdf75e47ca,tense,evaluation,alternation,0.0
alternation:tense,27,0.8228402733802795,-1.095883309841156,-0.2982292175292969,0.44897255301475525,Qwen/Qwen3-0.6B,2,c1899de289a04d12100db370d81485cdf75e47ca,tense,evaluation,alternation,0.5
alternation:tense,0,4.378919780254364,-6.587125778198242,-5.241312026977539,0.0013803771580569446,Qwen/Qwen3-0.6B,2,c1899de289a04d12100db370d81485cdf75e47ca,tense,fit,alternation,0.0
alternation:tense,14,7.522963047027588,-12.380008697509766,-10.105295658111572,9.793712334627003e-05,Qwen/Qwen3-0.6B,2,c1899de289a04d12100db370d81485cdf75e47ca,tense,fit,alternation,0.0
alternation:tense,27,0.36572660505771637,-0.051221657544374466,3.137786865234375,0.9500743746757507,Qwen/Qwen3-0.6B,2,c1899de289a04d12100db370d81485cdf75e47ca,tense,fit,alternation,1.0
arrow:animal,0,6.177629470825195,-13.236350059509277,-12.170222759246826,1.7909367215906968e-06,Qwen/Qwen3-0.6B,2,c1899de289a04d12100db370d81485cdf75e47ca,animal,evaluation,arrow,0.0
arrow:animal,14,5.5564985275268555,-16.4364652633667,-14.934985637664795,7.552488767714749e-08,Qwen/Qwen3-0.6B,2,c1899de289a04d12100db370d81485cdf75e47ca,animal,evaluation,arrow,0.0
arrow:animal,27,2.8634669184684753,-0.7200818210840225,1.0606002807617188,0.5274387151002884,Qwen/Qwen3-0.6B,2,c1899de289a04d12100db370d81485cdf75e47ca,animal,evaluation,arrow,1.0
arrow:animal,0,6.356100797653198,-17.94006633758545,-16.81727695465088,1.4227126288179903e-07,Qwen/Qwen3-0.6B,2,c1899de289a04d12100db370d81485cdf75e47ca,animal,fit,arrow,0.0
arrow:animal,14,7.1732165813446045,-14.51876449584961,-12.240899562835693,1.0717146778915776e-06,Qwen/Qwen3-0.6B,2,c1899de289a04d12100db370d81485cdf75e47ca,animal,fit,arrow,0.0
arrow:animal,27,2.6172953844070435,-0.9470178931951523,0.1119375228881836,0.42768946290016174,Qwen/Qwen3-0.6B,2,c1899de289a04d12100db370d81485cdf75e47ca,animal,fit,arrow,0.5
arrow:color,0,5.527037858963013,-7.1348443031311035,-6.0179548263549805,0.003275005063187564,Qwen/Qwen3-0.6B,2,c1899de289a04d12100db370d81485cdf75e47ca,color,evaluation,arrow,0.0
arrow:color,14,4.339727163314819,-10.079225540161133,-9.29744577407837,5.648525348078692e-05,Qwen/Qwen3-0.6B,2,c1899de289a04d12100db370d81485cdf75e47ca,color,evaluation,arrow,0.0
arrow:color,27,2.040325880050659,-0.7491240799427032,0.5933914184570312,0.475310817360878,Qwen/Qwen3-0.6B,2,c1899de289a04d12100db370d81485cdf75e47ca,color,evaluation,arrow,1.0
arrow:color,0,6.258818864822388,-15.639526844024658,-14.47372817993164,1.2616950035848618e-06,Qwen/Qwen3-0.6B,2,c1899de289a04d12100db370d81485cdf75e47ca,color,fit,arrow,0.0
arrow:color,14,6.356745958328247,-12.435502052307129,-10.59538459777832,5.159628585715836e-06,Qwen/Qwen3-0.6B,2,c1899de289a04d12100db370d81485cdf75e47ca,color,fit,arrow,0.0
arrow:color,27,2.22480970621109,-1.2339096069335938,-0.22969818115234375,0.3016221821308136,Qwen/Qwen3-0.6B,2,c1899de289a04d12100db370d81485cdf75e47ca,color,fit,arrow,0.0
arrow:direction,0,6.018864393234253,-12.583142280578613,-11.433070182800293,3.59639943781076e-06,Qwen/Qwen3-0.6B,2,c1899de289a04d12100db370d81485cdf75e47ca,direction,evaluation,arrow,0.0
arrow:direction,14,7.144783020019531,-11.283982753753662,-9.34528398513794,1.3578872767538996e-05,Qwen/Qwen3-0.6B,2,c1899de289a04d12100db370d81485cdf75e47ca,direction,evaluation,arrow,0.0
arrow:direction,27,1.1989749073982239,-1.738111972808838,-1.3099536895751953,0.2308478131890297,Qwen/Qwen3-0.6B,2,c1899de289a04d12100db370d81485cdf75e47ca,direction,evaluation,arrow,0.0
arrow:direction,0,5.537084102630615,-15.438294410705566,-14.342748641967773,2.696218324160782e-07,Qwen/Qwen3-0.6B,2,c1899de289a04d12100db370d81485cdf75e47ca,direction,fit,arrow,0.0
arrow:direction,14,6.940233469009399,-14.634854316711426,-12.462702751159668,1.0021096557011333e-06,Qwen/Qwen3-0.6B,2,c1899de289a04d12100db370d81485cdf75e47ca,direction,fit,arrow,0.0
arrow:direction,27,1.6230524182319641,-1.081013411283493,-0.32935523986816406,0.34098951518535614,Qwen/Qwen3-0.6B,2,c1899de289a04d12100db370d81485cdf75e47ca,direction,fit,arrow,0.0
arrow:geography,0,6.956018447875977,-16.865886688232422,-15.395419597625732,8.412765106768916e-08,Qwen/Qwen3-0.6B,2,c1899de289a04d12100db370d81485cdf75e47ca,geography,evaluation,arrow,0.0
arrow:geography,14,5.899486064910889,-14.815814971923828,-13.289487361907959,2.6786261111411136e-06,Qwen/Qwen3-0.6B,2,c1899de289a04d12100db370d81485cdf75e47ca,geography,evaluation,arrow,0.0
arrow:geography,27,4.511946201324463,-4.364027976989746,-2.4412784576416016,0.025071253185160458,Qwen/Qwen3-0.6B,2,c1899de289a04d12100db370d81485cdf75e47ca,geography,evaluation,arrow,0.0
arrow:geography,0,6.65938663482666,-16.89878559112549,-15.481043338775635,5.642167444364077e-08,Qwen/Qwen3-0.6B,2,c1899de289a04d12100db370d81485cdf75e47ca,geography,fit,arrow,0.0
arrow:geography,14,6.607882976531982,-12.71485948562622,-11.107948303222656,5.549774328983403e-06,Qwen/Qwen3-0.6B,2,c1899de289a04d12100db370d81485cdf75e47ca,geography,fit,arrow,0.0
arrow:geography,27,4.370884418487549,-4.941978216171265,-3.409529685974121,0.016789084242191166,Qwen/Qwen3-0.6B,2,c1899de289a04d12100db370d81485cdf75e47ca,geography,fit,arrow,0.0
arrow:magnitude,0,5.812262535095215,-11.154446601867676,-9.790667533874512,2.0613884316844633e-05,Qwen/Qwen3-0.6B,2,c1899de289a04d12100db370d81485cdf75e47ca,magnitude,evaluation,arrow,0.0
arrow:magnitude,14,7.305253982543945,-11.205976963043213,-9.206750392913818,6.19332959104213e-05,Qwen/Qwen3-0.6B,2,c1899de289a04d12100db370d81485cdf75e47ca,magnitude,evaluation,arrow,0.0
arrow:magnitude,27,1.7814089059829712,-1.344646692276001,-0.2653656005859375,0.3366428203880787,Qwen/Qwen3-0.6B,2,c1899de289a04d12100db370d81485cdf75e47ca,magnitude,evaluation,arrow,0.5
arrow:magnitude,0,5.65412974357605,-15.137792110443115,-13.895079135894775,4.563838693627531e-07,Qwen/Qwen3-0.6B,2,c1899de289a04d12100db370d81485cdf75e47ca,magnitude,fit,arrow,0.0
arrow:magnitude,14,6.93277645111084,-12.150699615478516,-9.996453762054443,8.292343807170255e-06,Qwen/Qwen3-0.6B,2,c1899de289a04d12100db370d81485cdf75e47ca,magnitude,fit,arrow,0.0
arrow:magnitude,27,1.1298741698265076,-0.7561928629875183,-0.040660858154296875,0.4812391400337219,Qwen/Qwen3-0.6B,2,c1899de289a04d12100db370d81485cdf75e47ca,magnitude,fit,arrow,0.5
arrow:number,0,5.842194080352783,-11.181209564208984,-9.921966075897217,2.0463320879571256e-05,Qwen/Qwen3-0.6B,2,c1899de289a04d12100db370d81485cdf75e47ca,number,evaluation,arrow,0.0
arrow:number,14,5.823169231414795,-11.816877365112305,-10.153448104858398,6.140078359351264e-05,Qwen/Qwen3-0.6B,2,c1899de289a04d12100db370d81485cdf75e47ca,number,evaluation,arrow,0.0
arrow:number,27,1.6611471772193909,-1.3900242149829865,-0.5678195953369141,0.31279661133885384,Qwen/Qwen3-0.6B,2,c1899de289a04d12100db370d81485cdf75e47ca,number,evaluation,arrow,0.5
arrow:number,0,5.5430824756622314,-11.145507335662842,-10.032623767852783,2.461813323861861e-05,Qwen/Qwen3-0.6B,2,c1899de289a04d12100db370d81485cdf75e47ca,number,fit,arrow,0.0
arrow:number,14,7.146687746047974,-10.660809516906738,-8.783736228942871,2.4045860300248023e-05,Qwen/Qwen3-0.6B,2,c1899de289a04d12100db370d81485cdf75e47ca,number,fit,arrow,0.0
arrow:number,27,1.1658601760864258,-1.9410759806632996,-1.4648075103759766,0.1673886403441429,Qwen/Qwen3-0.6B,2,c1899de289a04d12100db370d81485cdf75e47ca,number,fit,arrow,0.0
arrow:temperature,0,5.65412974357605,-15.137792110443115,-13.895079135894775,4.563838693627531e-07,Qwen/Qwen3-0.6B,2,c1899de289a04d12100db370d81485cdf75e47ca,temperature,evaluation,arrow,0.0
arrow:temperature,14,6.93277645111084,-12.150699615478516,-9.996453762054443,8.292343807170255e-06,Qwen/Qwen3-0.6B,2,c1899de289a04d12100db370d81485cdf75e47ca,temperature,evaluation,arrow,0.0
arrow:temperature,27,1.1298741698265076,-0.7561928629875183,-0.040660858154296875,0.4812391400337219,Qwen/Qwen3-0.6B,2,c1899de289a04d12100db370d81485cdf75e47ca,temperature,evaluation,arrow,0.5
arrow:temperature,0,5.374216318130493,-15.610188484191895,-14.658636093139648,2.571251478400427e-07,Qwen/Qwen3-0.6B,2,c1899de289a04d12100db370d81485cdf75e47ca,temperature,fit,arrow,0.0
arrow:temperature,14,5.939910888671875,-15.600097179412842,-13.843850135803223,1.8903430998307158e-07,Qwen/Qwen3-0.6B,2,c1899de289a04d12100db370d81485cdf75e47ca,temperature,fit,arrow,0.0
arrow:temperature,27,1.7708026766777039,-1.66051584482193,-1.0309810638427734,0.21219858527183533,Qwen/Qwen3-0.6B,2,c1899de289a04d12100db370d81485cdf75e47ca,temperature,fit,arrow,0.0
arrow:tense,0,5.8789756298065186,-12.369097232818604,-11.10146951675415,2.6161591307527488e-05,Qwen/Qwen3-0.6B,2,c1899de289a04d12100db370d81485cdf75e47ca,tense,evaluation,arrow,0.0
arrow:tense,14,5.137762069702148,-13.693956851959229,-12.445831298828125,5.2020462604218665e-06,Qwen/Qwen3-0.6B,2,c1899de289a04d12100db370d81485cdf75e47ca,tense,evaluation,arrow,0.0
arrow:tense,27,0.4614981561899185,-0.0629778504371643,2.9759435653686523,0.9389653503894806,Qwen/Qwen3-0.6B,2,c1899de289a04d12100db370d81485cdf75e47ca,tense,evaluation,arrow,1.0
arrow:tense,0,5.891000270843506,-13.593467235565186,-12.407707691192627,1.5620176597508362e-05,Qwen/Qwen3-0.6B,2,c1899de289a04d12100db370d81485cdf75e47ca,tense,fit,arrow,0.0
arrow:tense,14,7.180537462234497,-14.43399953842163,-12.653496265411377,9.128605640285059e-07,Qwen/Qwen3-0.6B,2,c1899de289a04d12100db370d81485cdf75e47ca,tense,fit,arrow,0.0
arrow:tense,27,1.2361763715744019,-0.1514794770628214,3.8058643341064453,0.8633303642272949,Qwen/Qwen3-0.6B,2,c1899de289a04d12100db370d81485cdf75e47ca,tense,fit,arrow,1.0
mapping:animal,0,5.609112501144409,-15.78544807434082,-14.88517713546753,8.046519317517209e-07,Qwen/Qwen3-0.6B,2,c1899de289a04d12100db370d81485cdf75e47ca,animal,evaluation,mapping,0.0
mapping:animal,14,7.37163782119751,-13.535770416259766,-11.174506664276123,1.3466889186020126e-06,Qwen/Qwen3-0.6B,2,c1899de289a04d12100db370d81485cdf75e47ca,animal,evaluation,mapping,0.0
mapping:animal,27,0.6930873095989227,-0.08174819126725197,3.217832565307617,0.9215149283409119,Qwen/Qwen3-0.6B,2,c1899de289a04d12100db370d81485cdf75e47ca,animal,evaluation,mapping,1.0
mapping:animal,0,5.425656080245972,-15.899677753448486,-15.051007747650146,3.268343258255868e-07,Qwen/Qwen3-0.6B,2,c1899de289a04d12100db370d81485cdf75e47ca,animal,fit,mapping,0.0
mapping:animal,14,7.580441474914551,-12.75846004486084,-10.4275484085083,2.887160917453002e-06,Qwen/Qwen3-0.6B,2,c1899de289a04d12100db370d81485cdf75e47ca,animal,fit,mapping,0.0
mapping:animal,27,0.8189096450805664,-0.12657137215137482,2.43599796295166,0.8814167082309723,Qwen/Qwen3-0.6B,2,c1899de289a04d12100db370d81485cdf75e47ca,animal,fit,mapping,1.0
mapping:color,0,5.161575794219971,-12.562015056610107,-11.744782447814941,2.346052757218331e-05,Qwen/Qwen3-0.6B,2,c1899de289a04d12100db370d81485cdf75e47ca,color,evaluation,mapping,0.0
mapping:color,14,3.5729920864105225,-10.25975513458252,-9.580605506896973,3.679824840219226e-05,Qwen/Qwen3-0.6B,2,c1899de289a04d12100db370d81485cdf75e47ca,color,evaluation,mapping,0.0
mapping:color,27,1.569856345653534,-0.6629669815301895,1.095388412475586,0.5684208869934082,Qwen/Qwen3-0.6B,2,c1899de289a04d12100db370d81485cdf75e47ca,color,evaluation,mapping,0.5
mapping:color,0,5.4855053424835205,-15.10230302810669,-14.16761064529419,2.7969011284767475e-07,Qwen/Qwen3-0.6B,2,c1899de289a04d12100db370d81485cdf75e47ca,color,fit,mapping,0.0
mapping:color,14,4.708291053771973,-11.064121723175049,-9.709300994873047,1.5671783330617473e-05,Qwen/Qwen3-0.6B,2,c1899de289a04d12100db370d81485cdf75e47ca,color,fit,mapping,0.0
mapping:color,27,0.2820969484746456,-0.04421329218894243,4.084606170654297,0.9574215412139893,Qwen/Qwen3-0.6B,2,c1899de289a04d12100db370d81485cdf75e47ca,color,fit,mapping,1.0
mapping:direction,0,5.449819803237915,-13.164604663848877,-12.268946647644043,5.8344867568393965e-06,Qwen/Qwen3-0.6B,2,c1899de289a04d12100db370d81485cdf75e47ca,direction,evaluation,mapping,0.0
mapping:direction,14,5.2627105712890625,-9.878849983215332,-8.300400018692017,8.936683570937021e-05,Qwen/Qwen3-0.6B,2,c1899de289a04d12100db370d81485cdf75e47ca,direction,evaluation,mapping,0.0
mapping:direction,27,0.5827787071466446,-0.10872301831841469,2.486082077026367,0.8973067998886108,Qwen/Qwen3-0.6B,2,c1899de289a04d12100db370d81485cdf75e47ca,direction,evaluation,mapping,1.0
mapping:direction,0,6.785123825073242,-15.92959976196289,-14.544554233551025,1.2096765544811205e-07,Qwen/Qwen3-0.6B,2,c1899de289a04d12100db370d81485cdf75e47ca,direction,fit,mapping,0.0
mapping:direction,14,6.119959592819214,-14.820851802825928,-12.990783214569092,3.970447579604297e-07,Qwen/Qwen3-0.6B,2,c1899de289a04d12100db370d81485cdf75e47ca,direction,fit,mapping,0.0
mapping:direction,27,0.5031536184251308,-0.1720686978660524,2.9198150634765625,0.8528779149055481,Qwen/Qwen3-0.6B,2,c1899de289a04d12100db370d81485cdf75e47ca,direction,fit,mapping,1.0
mapping:geography,0,5.260307550430298,-17.645524978637695,-16.83546543121338,2.1824052787167147e-08,Qwen/Qwen3-0.6B,2,c1899de289a04d12100db370d81485cdf75e47ca,geography,evaluation,mapping,0.0
mapping:geography,14,6.903595209121704,-11.918142318725586,-9.780420780181885,2.2238537667362834e-05,Qwen/Qwen3-0.6B,2,c1899de289a04d12100db370d81485cdf75e47ca,geography,evaluation,mapping,0.0
mapping:geography,27,0.29238519817590714,-0.031153883785009384,4.045899391174316,0.9693611562252045,Qwen/Qwen3-0.6B,2,c1899de289a04d12100db370d81485cdf75e47ca,geography,evaluation,mapping,1.0
mapping:geography,0,5.242337226867676,-18.217917442321777,-17.416604042053223,1.815921124581621e-08,Qwen/Qwen3-0.6B,2,c1899de289a04d12100db370d81485cdf75e47ca,geography,fit,mapping,0.0
mapping:geography,14,6.562493085861206,-12.380518436431885,-10.902570724487305,5.762995840541407e-06,Qwen/Qwen3-0.6B,2,c1899de289a04d12100db370d81485cdf75e47ca,geography,fit,mapping,0.0
mapping:geography,27,1.5676936656236649,-0.6477360650897026,1.1476936340332031,0.6120746731758118,Qwen/Qwen3-0.6B,2,c1899de289a04d12100db370d81485cdf75e47ca,geography,fit,mapping,0.5
mapping:magnitude,0,5.120507478713989,-12.088434219360352,-11.308221340179443,6.272058840295358e-06,Qwen/Qwen3-0.6B,2,c1899de289a04d12100db370d81485cdf75e47ca,magnitude,evaluation,mapping,0.0
mapping:magnitude,14,6.5193397998809814,-8.136454105377197,-6.2350311279296875,0.0003882071905536577,Qwen/Qwen3-0.6B,2,c1899de289a04d12100db370d81485cdf75e47ca,magnitude,evaluation,mapping,0.0
mapping:magnitude,27,1.0121614336967468,-0.25592392683029175,1.8250255584716797,0.7754635512828827,Qwen/Qwen3-0.6B,2,c1899de289a04d12100db370d81485cdf75e47ca,magnitude,evaluation,mapping,1.0
mapping:magnitude,0,6.79228949546814,-12.162673473358154,-10.851171016693115,0.00010629901221648197,Qwen/Qwen3-0.6B,2,c1899de289a04d12100db370d81485cdf75e47ca,magnitude,fit,mapping,0.0
mapping:magnitude,14,5.45282506942749,-13.86610221862793,-12.238542079925537,1.9815084471019873e-06,Qwen/Qwen3-0.6B,2,c1899de289a04d12100db370d81485cdf75e47ca,magnitude,fit,mapping,0.0
mapping:magnitude,27,0.6418003588914871,-0.2010585181415081,1.8180999755859375,0.8250181674957275,Qwen/Qwen3-0.6B,2,c1899de289a04d12100db370d81485cdf75e47ca,magnitude,fit,mapping,1.0
mapping:number,0,4.935215711593628,-11.831817626953125,-11.101844787597656,9.306320976065763e-06,Qwen/Qwen3-0.6B,2,c1899de289a04d12100db370d81485cdf75e47ca,number,evaluation,mapping,0.0
mapping:number,14,7.1996824741363525,-9.195362091064453,-6.977171182632446,0.0003296347495052032,Qwen/Qwen3-0.6B,2,c1899de289a04d12100db370d81485cdf75e47ca,number,evaluation,mapping,0.0
mapping:number,27,0.9772799611091614,-0.25273071229457855,1.6179561614990234,0.7780894041061401,Qwen/Qwen3-0.6B,2,c1899de289a04d12100db370d81485cdf75e47ca,number,evaluation,mapping,1.0
mapping:number,0,5.300783634185791,-10.424429416656494,-9.608935356140137,4.454324516700581e-05,Qwen/Qwen3-0.6B,2,c1899de289a04d12100db370d81485cdf75e47ca,number,fit,mapping,0.0
mapping:number,14,6.043823003768921,-9.37755298614502,-7.373746156692505,0.00010330218174203765,Qwen/Qwen3-0.6B,2,c1899de289a04d12100db370d81485cdf75e47ca,number,fit,mapping,0.0
mapping:number,27,1.159250408411026,-0.4938153550028801,1.102508544921875,0.6498331874608994,Qwen/Qwen3-0.6B,2,c1899de289a04d12100db370d81485cdf75e47ca,number,fit,mapping,1.0
mapping:temperature,0,6.79228949546814,-12.162673473358154,-10.851171016693115,0.00010629901221648197,Qwen/Qwen3-0.6B,2,c1899de289a04d12100db370d81485cdf75e47ca,temperature,evaluation,mapping,0.0
mapping:temperature,14,5.45282506942749,-13.86610221862793,-12.238542079925537,1.9815084471019873e-06,Qwen/Qwen3-0.6B,2,c1899de289a04d12100db370d81485cdf75e47ca,temperature,evaluation,mapping,0.0
mapping:temperature,27,0.6418003588914871,-0.2010585181415081,1.8180999755859375,0.8250181674957275,Qwen/Qwen3-0.6B,2,c1899de289a04d12100db370d81485cdf75e47ca,temperature,evaluation,mapping,1.0
mapping:temperature,0,6.2834250926971436,-15.470298767089844,-14.27608871459961,2.1758889090506273e-07,Qwen/Qwen3-0.6B,2,c1899de289a04d12100db370d81485cdf75e47ca,temperature,fit,mapping,0.0
mapping:temperature,14,6.808319568634033,-14.526694297790527,-12.668950080871582,4.943378968391698e-07,Qwen/Qwen3-0.6B,2,c1899de289a04d12100db370d81485cdf75e47ca,temperature,fit,mapping,0.0
mapping:temperature,27,0.29639096185564995,-1.2207304663024843,1.2824459075927734,0.5385676920413971,Qwen/Qwen3-0.6B,2,c1899de289a04d12100db370d81485cdf75e47ca,temperature,fit,mapping,0.5
mapping:tense,0,6.516303539276123,-13.186472415924072,-11.804924011230469,4.3831660436310926e-05,Qwen/Qwen3-0.6B,2,c1899de289a04d12100db370d81485cdf75e47ca,tense,evaluation,mapping,0.0
mapping:tense,14,6.878831386566162,-12.854907512664795,-11.29273509979248,9.807442083342721e-06,Qwen/Qwen3-0.6B,2,c1899de289a04d12100db370d81485cdf75e47ca,tense,evaluation,mapping,0.0
mapping:tense,27,0.03925402322784066,-0.0024226511595770717,8.893115043640137,0.9975822269916534,Qwen/Qwen3-0.6B,2,c1899de289a04d12100db370d81485cdf75e47ca,tense,evaluation,mapping,1.0
mapping:tense,0,5.913606643676758,-16.604504585266113,-15.545725345611572,4.1786526638887267e-07,Qwen/Qwen3-0.6B,2,c1899de289a04d12100db370d81485cdf75e47ca,tense,fit,mapping,0.0
mapping:tense,14,6.19278883934021,-16.163048267364502,-14.666346073150635,2.7861242646309847e-07,Qwen/Qwen3-0.6B,2,c1899de289a04d12100db370d81485cdf75e47ca,tense,fit,mapping,0.0
mapping:tense,27,0.17749812826514244,-0.015251291915774345,5.989922523498535,0.9848988056182861,Qwen/Qwen3-0.6B,2,c1899de289a04d12100db370d81485cdf75e47ca,tense,fit,mapping,1.0
question:animal,0,4.848780155181885,-15.333417415618896,-13.665114879608154,8.420705213230129e-06,Qwen/Qwen3-0.6B,2,c1899de289a04d12100db370d81485cdf75e47ca,animal,evaluation,question,0.0
question:animal,14,8.176336288452148,-10.844698905944824,-9.156410455703735,5.740918481933477e-05,Qwen/Qwen3-0.6B,2,c1899de289a04d12100db370d81485cdf75e47ca,animal,evaluation,question,0.0
question:animal,27,3.0339763164520264,-0.655106246471405,0.9266672134399414,0.5209277272224426,Qwen/Qwen3-0.6B,2,c1899de289a04d12100db370d81485cdf75e47ca,animal,evaluation,question,1.0
question:animal,0,4.899648666381836,-18.072065353393555,-16.34066867828369,3.4049174041372865e-07,Qwen/Qwen3-0.6B,2,c1899de289a04d12100db370d81485cdf75e47ca,animal,fit,question,0.0
question:animal,14,7.762313604354858,-10.980772018432617,-9.766841411590576,0.0001112900172870468,Qwen/Qwen3-0.6B,2,c1899de289a04d12100db370d81485cdf75e47ca,animal,fit,question,0.0
question:animal,27,3.30872905254364,-1.1741014420986176,0.17513561248779297,0.36932969838380814,Qwen/Qwen3-0.6B,2,c1899de289a04d12100db370d81485cdf75e47ca,animal,fit,question,0.5
question:color,0,4.956029176712036,-13.687361717224121,-11.869327068328857,2.052995256462964e-06,Qwen/Qwen3-0.6B,2,c1899de289a04d12100db370d81485cdf75e47ca,color,evaluation,question,0.0
question:color,14,7.646844148635864,-10.728875637054443,-9.44920825958252,2.8675983685388928e-05,Qwen/Qwen3-0.6B,2,c1899de289a04d12100db370d81485cdf75e47ca,color,evaluation,question,0.0
question:color,27,1.0236388742923737,-0.2151932679116726,2.3882675170898438,0.8137398064136505,Qwen/Qwen3-0.6B,2,c1899de289a04d12100db370d81485cdf75e47ca,color,evaluation,question,1.0
question:color,0,4.952053785324097,-14.81266736984253,-12.95719051361084,4.753959643721828e-07,Qwen/Qwen3-0.6B,2,c1899de289a04d12100db370d81485cdf75e47ca,color,fit,question,0.0
question:color,14,8.547058582305908,-10.89848518371582,-9.037378549575806,3.26285187384201e-05,Qwen/Qwen3-0.6B,2,c1899de289a04d12100db370d81485cdf75e47ca,color,fit,question,0.0
question:color,27,1.3375057578086853,-0.48436929285526276,0.8579521179199219,0.6166606247425079,Qwen/Qwen3-0.6B,2,c1899de289a04d12100db370d81485cdf75e47ca,color,fit,question,1.0
question:direction,0,4.847539901733398,-13.033607959747314,-11.25889253616333,3.468648685611697e-06,Qwen/Qwen3-0.6B,2,c1899de289a04d12100db370d81485cdf75e47ca,direction,evaluation,question,0.0
question:direction,14,7.940828800201416,-12.04424524307251,-10.617108821868896,5.879898935745587e-06,Qwen/Qwen3-0.6B,2,c1899de289a04d12100db370d81485cdf75e47ca,direction,evaluation,question,0.0
question:direction,27,0.8649146556854248,-0.3149333633482456,1.4600658416748047,0.7463992536067963,Qwen/Qwen3-0.6B,2,c1899de289a04d12100db370d81485cdf75e47ca,direction,evaluation,question,1.0
question:direction,0,4.957717418670654,-16.417118072509766,-14.544553756713867,8.465658574152712e-08,Qwen/Qwen3-0.6B,2,c1899de289a04d12100db370d81485cdf75e47ca,direction,fit,question,0.0
question:direction,14,7.097231864929199,-15.088361740112305,-13.798843383789062,2.826786129617176e-07,Qwen/Qwen3-0.6B,2,c1899de289a04d12100db370d81485cdf75e47ca,direction,fit,question,0.0
question:direction,27,0.9475230276584625,-0.42365098372101784,1.2136039733886719,0.6854937225580215,Qwen/Qwen3-0.6B,2,c1899de289a04d12100db370d81485cdf75e47ca,direction,fit,question,0.5
question:geography,0,4.974398374557495,-20.83396053314209,-19.02279758453369,1.4215390253813354e-09,Qwen/Qwen3-0.6B,2,c1899de289a04d12100db370d81485cdf75e47ca,geography,evaluation,question,0.0
question:geography,14,8.111881494522095,-13.185465812683105,-11.205626010894775,1.8974060367327183e-06,Qwen/Qwen3-0.6B,2,c1899de289a04d12100db370d81485cdf75e47ca,geography,evaluation,question,0.0
question:geography,27,3.716295838356018,-2.956714630126953,-1.9117908477783203,0.0646372102200985,Qwen/Qwen3-0.6B,2,c1899de289a04d12100db370d81485cdf75e47ca,geography,evaluation,question,0.0
question:geography,0,5.005178689956665,-19.84950065612793,-18.035110473632812,3.3438611324321244e-09,Qwen/Qwen3-0.6B,2,c1899de289a04d12100db370d81485cdf75e47ca,geography,fit,question,0.0
question:geography,14,7.943629741668701,-13.74325704574585,-12.167448043823242,1.4019471166193398e-06,Qwen/Qwen3-0.6B,2,c1899de289a04d12100db370d81485cdf75e47ca,geography,fit,question,0.0
question:geography,27,2.684059500694275,-4.842477202415466,-4.090109825134277,0.03000853263074532,Qwen/Qwen3-0.6B,2,c1899de289a04d12100db370d81485cdf75e47ca,geography,fit,question,0.0
question:magnitude,0,4.809088230133057,-10.564565181732178,-8.771074771881104,5.3525300700130174e-05,Qwen/Qwen3-0.6B,2,c1899de289a04d12100db370d81485cdf75e47ca,magnitude,evaluation,question,0.0
question:magnitude,14,7.346640348434448,-11.18039846420288,-9.896408081054688,5.444367582185805e-05,Qwen/Qwen3-0.6B,2,c1899de289a04d12100db370d81485cdf75e47ca,magnitude,evaluation,question,0.0
question:magnitude,27,1.2793355584144592,-1.006772831082344,0.13907623291015625,0.45860809832811356,Qwen/Qwen3-0.6B,2,c1899de289a04d12100db370d81485cdf75e47ca,magnitude,evaluation,question,0.5
question:magnitude,0,5.048023462295532,-14.099895000457764,-12.111332416534424,2.3186799680274817e-06,Qwen/Qwen3-0.6B,2,c1899de289a04d12100db370d81485cdf75e47ca,magnitude,fit,question,0.0
question:magnitude,14,5.200187921524048,-14.68821382522583,-13.914827346801758,4.796490742364767e-07,Qwen/Qwen3-0.6B,2,c1899de289a04d12100db370d81485cdf75e47ca,magnitude,fit,question,0.0
question:magnitude,27,0.9737951457500458,-0.5030713081359863,0.5553874969482422,0.6202259808778763,Qwen/Qwen3-0.6B,2,c1899de289a04d12100db370d81485cdf75e47ca,magnitude,fit,question,0.5
question:number,0,4.781810522079468,-10.416552066802979,-8.626387596130371,5.4668463235429954e-05,Qwen/Qwen3-0.6B,2,c1899de289a04d12100db370d81485cdf75e47ca,number,evaluation,question,0.0
question:number,14,7.166995525360107,-11.630138874053955,-10.354740619659424,5.390498193946769e-05,Qwen/Qwen3-0.6B,2,c1899de289a04d12100db370d81485cdf75e47ca,number,evaluation,question,0.0
question:number,27,1.480757236480713,-1.528705358505249,-1.0179061889648438,0.22025906294584274,Qwen/Qwen3-0.6B,2,c1899de289a04d12100db370d81485cdf75e47ca,number,evaluation,question,0.0
question:number,0,4.651362895965576,-11.546020984649658,-9.869166851043701,1.0675487374101067e-05,Qwen/Qwen3-0.6B,2,c1899de289a04d12100db370d81485cdf75e47ca,number,fit,question,0.0
question:number,14,7.743016004562378,-11.125621318817139,-9.828916072845459,2.103679753417964e-05,Qwen/Qwen3-0.6B,2,c1899de289a04d12100db370d81485cdf75e47ca,number,fit,question,0.0
question:number,27,0.8616766333580017,-0.797141257673502,0.6731185913085938,0.5638434514403343,Qwen/Qwen3-0.6B,2,c1899de289a04d12100db370d81485cdf75e47ca,number,fit,question,0.5
question:temperature,0,5.048023462295532,-14.099895000457764,-12.111332416534424,2.3186799680274817e-06,Qwen/Qwen3-0.6B,2,c1899de289a04d12100db370d81485cdf75e47ca,temperature,evaluation,question,0.0
question:temperature,14,5.200187921524048,-14.68821382522583,-13.914827346801758,4.796490742364767e-07,Qwen/Qwen3-0.6B,2,c1899de289a04d12100db370d81485cdf75e47ca,temperature,evaluation,question,0.0
question:temperature,27,0.9737951457500458,-0.5030713081359863,0.5553874969482422,0.6202259808778763,Qwen/Qwen3-0.6B,2,c1899de289a04d12100db370d81485cdf75e47ca,temperature,evaluation,question,0.5
question:temperature,0,4.874768018722534,-16.402015686035156,-14.666467189788818,8.658077099710226e-08,Qwen/Qwen3-0.6B,2,c1899de289a04d12100db370d81485cdf75e47ca,temperature,fit,question,0.0
question:temperature,14,8.229328870773315,-14.566482543945312,-13.05449628829956,5.072233761893585e-07,Qwen/Qwen3-0.6B,2,c1899de289a04d12100db370d81485cdf75e47ca,temperature,fit,question,0.0
question:temperature,27,0.9756443798542023,-0.16401785984635353,2.1590709686279297,0.8496300876140594,Qwen/Qwen3-0.6B,2,c1899de289a04d12100db370d81485cdf75e47ca,temperature,fit,question,1.0
question:tense,0,4.799087047576904,-13.312034606933594,-11.631509780883789,1.5453677615795414e-05,Qwen/Qwen3-0.6B,2,c1899de289a04d12100db370d81485cdf75e47ca,tense,evaluation,question,0.0
question:tense,14,7.1927525997161865,-13.630384922027588,-12.390581607818604,1.562146000289033e-05,Qwen/Qwen3-0.6B,2,c1899de289a04d12100db370d81485cdf75e47ca,tense,evaluation,question,0.0
question:tense,27,0.5161578059196472,-0.05001896992325783,3.8728561401367188,0.9513218998908997,Qwen/Qwen3-0.6B,2,c1899de289a04d12100db370d81485cdf75e47ca,tense,evaluation,question,1.0
question:tense,0,4.846239805221558,-15.174987316131592,-13.475473403930664,4.01798253335528e-07,Qwen/Qwen3-0.6B,2,c1899de289a04d12100db370d81485cdf75e47ca,tense,fit,question,0.0
question:tense,14,7.353761672973633,-16.353221893310547,-15.205992221832275,1.3024852130172349e-07,Qwen/Qwen3-0.6B,2,c1899de289a04d12100db370d81485cdf75e47ca,tense,fit,question,0.0
question:tense,27,1.6942057609558105,-0.3092912808060646,2.4374399185180664,0.7529501020908356,Qwen/Qwen3-0.6B,2,c1899de289a04d12100db370d81485cdf75e47ca,tense,fit,question,1.0
