accuracy_delta,component,donor,donor_type,js_damage,layer,margin_damage,model_depth,model_seed,predicate,recipient,stage,status
0,sa,test:isAncestor:D8:d1:b2:N4:t0:paligned:tree211:i0,same_predicate_cross_tree_same_role,1.8179074686486274e-05,0,-1.2055883407592773,6,11,,test:isAncestor:D8:d1:b2:N4:t0:paligned:tree101:i0,s1,
0,ff,test:isAncestor:D8:d1:b2:N4:t0:paligned:tree211:i0,same_predicate_cross_tree_same_role,6.68093753120047e-06,0,-0.799464225769043,6,11,,test:isAncestor:D8:d1:b2:N4:t0:paligned:tree101:i0,s1,
0,sa,test:isAncestor:D8:d1:b2:N4:t0:paligned:tree211:i0,same_predicate_cross_tree_same_role,9.490097454545321e-07,1,-0.15507221221923828,6,11,,test:isAncestor:D8:d1:b2:N4:t0:paligned:tree101:i0,s1,
0,ff,test:isAncestor:D8:d1:b2:N4:t0:paligned:tree211:i0,same_predicate_cross_tree_same_role,2.018822442551027e-08,1,-0.0662240982055664,6,11,,test:isAncestor:D8:d1:b2:N4:t0:paligned:tree101:i0,s1,
0,sa,test:isAncestor:D8:d1:b2:N4:t0:paligned:tree211:i0,same_predicate_cross_tree_same_role,7.728870059509063e-07,2,-0.27782249450683594,6,11,,test:isAncestor:D8:d1:b2:N4:t0:paligned:tree101:i0,s1,
0,ff,test:isAncestor:D8:d1:b2:N4:t0:paligned:tree211:i0,same_predicate_cross_tree_same_role,6.736672730767168e-08,2,-0.06909370422363281,6,11,,test:isAncestor:D8:d1:b2:N4:t0:paligned:tree101:i0,s1,
0,sa,test:isAncestor:D8:d1:b2:N4:t0:paligned:tree211:i0,same_predicate_cross_tree_same_role,1.56639998749597e-08,3,0.017391204833984375,6,11,,test:isAncestor:D8:d1:b2:N4:t0:paligned:tree101:i0,s1,
0,ff,test:isAncestor:D8:d1:b2:N4:t0:paligned:tree211:i0,same_predicate_cross_tree_same_role,2.4494852368661668e-08,3,-0.015944480895996094,6,11,,test:isAncestor:D8:d1:b2:N4:t0:paligned:tree101:i0,s1,
0,sa,test:isAncestor:D8:d1:b2:N4:t0:paligned:tree211:i0,same_predicate_cross_tree_same_role,7.036271654214943e-08,4,-0.06565093994140625,6,11,,test:isAncestor:D8:d1:b2:N4:t0:paligned:tree101:i0,s1,
0,ff,test:isAncestor:D8:d1:b2:N4:t0:paligned:tree211:i0,same_predicate_cross_tree_same_role,8.703807452548062e-09,4,-0.014570236206054688,6,11,,test:isAncestor:D8:d1:b2:N4:t0:paligned:tree101:i0,s1,
0,sa,test:isAncestor:D8:d1:b2:N4:t0:paligned:tree211:i0,same_predicate_cross_tree_same_role,1.9394803985051112e-08,5,0.06105327606201172,6,11,,test:isAncestor:D8:d1:b2:N4:t0:paligned:tree101:i0,s1,
0,ff,test:isAncestor:D8:d1:b2:N4:t0:paligned:tree211:i0,same_predicate_cross_tree_same_role,3.143685489703785e-08,5,-0.03176593780517578,6,11,,test:isAncestor:D8:d1:b2:N4:t0:paligned:tree101:i0,s1,
0,sa,test:isAncestor:D8:d8:b2:N4:t0:paligned:tree101:i0,same_predicate_cross_tree_same_role,3.5811674024444073e-05,0,2.6686058044433594,6,11,,test:isAncestor:D8:d8:b2:N4:t0:paligned:tree307:i0,s1,
0,ff,test:isAncestor:D8:d8:b2:N4:t0:paligned:tree101:i0,same_predicate_cross_tree_same_role,3.398787384867319e-07,0,0.5458869934082031,6,11,,test:isAncestor:D8:d8:b2:N4:t0:paligned:tree307:i0,s1,
0,sa,test:isAncestor:D8:d8:b2:N4:t0:paligned:tree101:i0,same_predicate_cross_tree_same_role,3.8000064250809373e-07,1,-0.04371356964111328,6,11,,test:isAncestor:D8:d8:b2:N4:t0:paligned:tree307:i0,s1,
0,ff,test:isAncestor:D8:d8:b2:N4:t0:paligned:tree101:i0,same_predicate_cross_tree_same_role,4.990847912722529e-08,1,-0.201141357421875,6,11,,test:isAncestor:D8:d8:b2:N4:t0:paligned:tree307:i0,s1,
0,sa,test:isAncestor:D8:d8:b2:N4:t0:paligned:tree101:i0,same_predicate_cross_tree_same_role,1.68582090509517e-07,2,0.19389820098876953,6,11,,test:isAncestor:D8:d8:b2:N4:t0:paligned:tree307:i0,s1,
0,ff,test:isAncestor:D8:d8:b2:N4:t0:paligned:tree101:i0,same_predicate_cross_tree_same_role,1.1962704604684404e-08,2,0.06455516815185547,6,11,,test:isAncestor:D8:d8:b2:N4:t0:paligned:tree307:i0,s1,
0,sa,test:isAncestor:D8:d8:b2:N4:t0:paligned:tree101:i0,same_predicate_cross_tree_same_role,2.7831333682115655e-08,3,-0.0020399093627929688,6,11,,test:isAncestor:D8:d8:b2:N4:t0:paligned:tree307:i0,s1,
0,ff,test:isAncestor:D8:d8:b2:N4:t0:paligned:tree101:i0,same_predicate_cross_tree_same_role,2.577127844460847e-09,3,0.06010723114013672,6,11,,test:isAncestor:D8:d8:b2:N4:t0:paligned:tree307:i0,s1,
0,sa,test:isAncestor:D8:d8:b2:N4:t0:paligned:tree101:i0,same_predicate_cross_tree_same_role,2.5215484811269562e-08,4,0.0774831771850586,6,11,,test:isAncestor:D8:d8:b2:N4:t0:paligned:tree307:i0,s1,
0,ff,test:isAncestor:D8:d8:b2:N4:t0:paligned:tree101:i0,same_predicate_cross_tree_same_role,1.439346419829235e-09,4,-0.0052738189697265625,6,11,,test:isAncestor:D8:d8:b2:N4:t0:paligned:tree307:i0,s1,
0,sa,test:isAncestor:D8:d8:b2:N4:t0:paligned:tree101:i0,same_predicate_cross_tree_same_role,2.885434113863994e-09,5,0.075103759765625,6,11,,test:isAncestor:D8:d8:b2:N4:t0:paligned:tree307:i0,s1,
0,ff,test:isAncestor:D8:d8:b2:N4:t0:paligned:tree101:i0,same_predicate_cross_tree_same_role,3.7777603267841187e-10,5,-0.0006513595581054688,6,11,,test:isAncestor:D8:d8:b2:N4:t0:paligned:tree307:i0,s1,
0,sa,test:isAncestor:D12:d8:b2:N4:t0:paligned:tree101:i0,same_predicate_cross_tree_same_role,2.7728829081752338e-06,0,0.1570606231689453,6,11,,test:isAncestor:D12:d8:b2:N4:t0:paligned:tree211:i0,s1,
0,ff,test:isAncestor:D12:d8:b2:N4:t0:paligned:tree101:i0,same_predicate_cross_tree_same_role,3.8899483456589223e-07,0,-0.4991950988769531,6,11,,test:isAncestor:D12:d8:b2:N4:t0:paligned:tree211:i0,s1,
0,sa,test:isAncestor:D12:d8:b2:N4:t0:paligned:tree101:i0,same_predicate_cross_tree_same_role,1.3882612392990268e-06,1,0.5486488342285156,6,11,,test:isAncestor:D12:d8:b2:N4:t0:paligned:tree211:i0,s1,
0,ff,test:isAncestor:D12:d8:b2:N4:t0:paligned:tree101:i0,same_predicate_cross_tree_same_role,8.909148974112213e-10,1,0.000148773193359375,6,11,,test:isAncestor:D12:d8:b2:N4:t0:paligned:tree211:i0,s1,
0,sa,test:isAncestor:D12:d8:b2:N4:t0:paligned:tree101:i0,same_predicate_cross_tree_same_role,1.854977966786464e-07,2,0.04768943786621094,6,11,,test:isAncestor:D12:d8:b2:N4:t0:paligned:tree211:i0,s1,
0,ff,test:isAncestor:D12:d8:b2:N4:t0:paligned:tree101:i0,same_predicate_cross_tree_same_role,2.80600964686073e-09,2,-0.023949623107910156,6,11,,test:isAncestor:D12:d8:b2:N4:t0:paligned:tree211:i0,s1,
0,sa,test:isAncestor:D12:d8:b2:N4:t0:paligned:tree101:i0,same_predicate_cross_tree_same_role,5.970198913018976e-08,3,-0.18710994720458984,6,11,,test:isAncestor:D12:d8:b2:N4:t0:paligned:tree211:i0,s1,
0,ff,test:isAncestor:D12:d8:b2:N4:t0:paligned:tree101:i0,same_predicate_cross_tree_same_role,2.0933413225066033e-08,3,-0.0875997543334961,6,11,,test:isAncestor:D12:d8:b2:N4:t0:paligned:tree211:i0,s1,
0,sa,test:isAncestor:D12:d8:b2:N4:t0:paligned:tree101:i0,same_predicate_cross_tree_same_role,2.2648194430985313e-08,4,-0.07230949401855469,6,11,,test:isAncestor:D12:d8:b2:N4:t0:paligned:tree211:i0,s1,
0,ff,test:isAncestor:D12:d8:b2:N4:t0:paligned:tree101:i0,same_predicate_cross_tree_same_role,3.091638944852093e-09,4,-0.040162086486816406,6,11,,test:isAncestor:D12:d8:b2:N4:t0:paligned:tree211:i0,s1,
0,sa,test:isAncestor:D12:d8:b2:N4:t0:paligned:tree101:i0,same_predicate_cross_tree_same_role,3.7040464917481586e-08,5,-0.12171459197998047,6,11,,test:isAncestor:D12:d8:b2:N4:t0:paligned:tree211:i0,s1,
0,ff,test:isAncestor:D12:d8:b2:N4:t0:paligned:tree101:i0,same_predicate_cross_tree_same_role,3.981430296562394e-09,5,-0.03993701934814453,6,11,,test:isAncestor:D12:d8:b2:N4:t0:paligned:tree211:i0,s1,
-1,sa,test:isAncestor:D16:d6:b2:N4:t0:paligned:tree211:i0,same_predicate_cross_tree_same_role,0.6877356767654419,0,18.274849891662598,6,11,,test:isAncestor:D16:d6:b2:N4:t1:paligned:tree101:i1,s1,
0,ff,test:isAncestor:D16:d6:b2:N4:t0:paligned:tree211:i0,same_predicate_cross_tree_same_role,0.21392348408699036,0,3.4434871673583984,6,11,,test:isAncestor:D16:d6:b2:N4:t1:paligned:tree101:i1,s1,
0,sa,test:isAncestor:D16:d6:b2:N4:t0:paligned:tree211:i0,same_predicate_cross_tree_same_role,0.00355811626650393,1,-0.8011770248413086,6,11,,test:isAncestor:D16:d6:b2:N4:t1:paligned:tree101:i1,s1,
0,ff,test:isAncestor:D16:d6:b2:N4:t0:paligned:tree211:i0,same_predicate_cross_tree_same_role,0.0001559211523272097,1,-0.018235206604003906,6,11,,test:isAncestor:D16:d6:b2:N4:t1:paligned:tree101:i1,s1,
0,sa,test:isAncestor:D16:d6:b2:N4:t0:paligned:tree211:i0,same_predicate_cross_tree_same_role,0.0001285202451981604,2,-0.01758098602294922,6,11,,test:isAncestor:D16:d6:b2:N4:t1:paligned:tree101:i1,s1,
0,ff,test:isAncestor:D16:d6:b2:N4:t0:paligned:tree211:i0,same_predicate_cross_tree_same_role,0.00010160227247979492,2,0.1378011703491211,6,11,,test:isAncestor:D16:d6:b2:N4:t1:paligned:tree101:i1,s1,
0,sa,test:isAncestor:D16:d6:b2:N4:t0:paligned:tree211:i0,same_predicate_cross_tree_same_role,6.519595626741648e-05,3,-0.10394001007080078,6,11,,test:isAncestor:D16:d6:b2:N4:t1:paligned:tree101:i1,s1,
0,ff,test:isAncestor:D16:d6:b2:N4:t0:paligned:tree211:i0,same_predicate_cross_tree_same_role,4.258728586137295e-05,3,0.09720039367675781,6,11,,test:isAncestor:D16:d6:b2:N4:t1:paligned:tree101:i1,s1,
0,sa,test:isAncestor:D16:d6:b2:N4:t0:paligned:tree211:i0,same_predicate_cross_tree_same_role,0.0003379965201020241,4,-0.11785316467285156,6,11,,test:isAncestor:D16:d6:b2:N4:t1:paligned:tree101:i1,s1,
0,ff,test:isAncestor:D16:d6:b2:N4:t0:paligned:tree211:i0,same_predicate_cross_tree_same_role,4.041241481900215e-05,4,-0.02436542510986328,6,11,,test:isAncestor:D16:d6:b2:N4:t1:paligned:tree101:i1,s1,
0,sa,test:isAncestor:D16:d6:b2:N4:t0:paligned:tree211:i0,same_predicate_cross_tree_same_role,2.8873211704194546e-05,5,0.033626556396484375,6,11,,test:isAncestor:D16:d6:b2:N4:t1:paligned:tree101:i1,s1,
0,ff,test:isAncestor:D16:d6:b2:N4:t0:paligned:tree211:i0,same_predicate_cross_tree_same_role,1.960875124495942e-05,5,0.06560516357421875,6,11,,test:isAncestor:D16:d6:b2:N4:t1:paligned:tree101:i1,s1,
0,sa,test:isAncestor:D8:d1:b2:N4:t0:paligned:tree211:i0,same_predicate_cross_tree_same_role,0.16534140706062317,0,8.295514106750488,4,23,,test:isAncestor:D8:d1:b2:N4:t0:paligned:tree101:i0,s1,
0,ff,test:isAncestor:D8:d1:b2:N4:t0:paligned:tree211:i0,same_predicate_cross_tree_same_role,3.8814596337033436e-05,0,0.9572391510009766,4,23,,test:isAncestor:D8:d1:b2:N4:t0:paligned:tree101:i0,s1,
0,sa,test:isAncestor:D8:d1:b2:N4:t0:paligned:tree211:i0,same_predicate_cross_tree_same_role,6.685052539978642e-06,1,-0.4758033752441406,4,23,,test:isAncestor:D8:d1:b2:N4:t0:paligned:tree101:i0,s1,
0,ff,test:isAncestor:D8:d1:b2:N4:t0:paligned:tree211:i0,same_predicate_cross_tree_same_role,2.181973286496941e-07,1,-0.09720897674560547,4,23,,test:isAncestor:D8:d1:b2:N4:t0:paligned:tree101:i0,s1,
0,sa,test:isAncestor:D8:d1:b2:N4:t0:paligned:tree211:i0,same_predicate_cross_tree_same_role,7.819148777343798e-07,2,-0.17773151397705078,4,23,,test:isAncestor:D8:d1:b2:N4:t0:paligned:tree101:i0,s1,
0,ff,test:isAncestor:D8:d1:b2:N4:t0:paligned:tree211:i0,same_predicate_cross_tree_same_role,7.360795279964805e-07,2,0.09965229034423828,4,23,,test:isAncestor:D8:d1:b2:N4:t0:paligned:tree101:i0,s1,
0,sa,test:isAncestor:D8:d1:b2:N4:t0:paligned:tree211:i0,same_predicate_cross_tree_same_role,5.0415565056027845e-08,3,-0.040958404541015625,4,23,,test:isAncestor:D8:d1:b2:N4:t0:paligned:tree101:i0,s1,
0,ff,test:isAncestor:D8:d1:b2:N4:t0:paligned:tree211:i0,same_predicate_cross_tree_same_role,1.894495653687045e-07,3,0.043221473693847656,4,23,,test:isAncestor:D8:d1:b2:N4:t0:paligned:tree101:i0,s1,
0,sa,test:isAncestor:D8:d8:b2:N4:t0:paligned:tree101:i0,same_predicate_cross_tree_same_role,0.000959571625571698,0,-3.4815444946289062,4,23,,test:isAncestor:D8:d8:b2:N4:t0:paligned:tree307:i0,s1,
0,ff,test:isAncestor:D8:d8:b2:N4:t0:paligned:tree101:i0,same_predicate_cross_tree_same_role,7.004917279118672e-06,0,-0.03718757629394531,4,23,,test:isAncestor:D8:d8:b2:N4:t0:paligned:tree307:i0,s1,
0,sa,test:isAncestor:D8:d8:b2:N4:t0:paligned:tree101:i0,same_predicate_cross_tree_same_role,8.704348874744028e-05,1,-0.5718793869018555,4,23,,test:isAncestor:D8:d8:b2:N4:t0:paligned:tree307:i0,s1,
0,ff,test:isAncestor:D8:d8:b2:N4:t0:paligned:tree101:i0,same_predicate_cross_tree_same_role,1.4253946574172005e-06,1,0.00209808349609375,4,23,,test:isAncestor:D8:d8:b2:N4:t0:paligned:tree307:i0,s1,
0,sa,test:isAncestor:D8:d8:b2:N4:t0:paligned:tree101:i0,same_predicate_cross_tree_same_role,6.183693585626315e-06,2,0.11868000030517578,4,23,,test:isAncestor:D8:d8:b2:N4:t0:paligned:tree307:i0,s1,
0,ff,test:isAncestor:D8:d8:b2:N4:t0:paligned:tree101:i0,same_predicate_cross_tree_same_role,6.241174560273066e-06,2,-0.13652610778808594,4,23,,test:isAncestor:D8:d8:b2:N4:t0:paligned:tree307:i0,s1,
0,sa,test:isAncestor:D8:d8:b2:N4:t0:paligned:tree101:i0,same_predicate_cross_tree_same_role,7.35556568542961e-07,3,0.03471946716308594,4,23,,test:isAncestor:D8:d8:b2:N4:t0:paligned:tree307:i0,s1,
0,ff,test:isAncestor:D8:d8:b2:N4:t0:paligned:tree101:i0,same_predicate_cross_tree_same_role,7.344010555243585e-08,3,-0.012030601501464844,4,23,,test:isAncestor:D8:d8:b2:N4:t0:paligned:tree307:i0,s1,
0,sa,test:isAncestor:D12:d8:b2:N4:t0:paligned:tree101:i0,same_predicate_cross_tree_same_role,6.375512020895258e-05,0,0.8684053421020508,4,23,,test:isAncestor:D12:d8:b2:N4:t0:paligned:tree211:i0,s1,
0,ff,test:isAncestor:D12:d8:b2:N4:t0:paligned:tree101:i0,same_predicate_cross_tree_same_role,6.602364237551228e-07,0,-0.19728755950927734,4,23,,test:isAncestor:D12:d8:b2:N4:t0:paligned:tree211:i0,s1,
0,sa,test:isAncestor:D12:d8:b2:N4:t0:paligned:tree101:i0,same_predicate_cross_tree_same_role,6.195876267156564e-06,1,-0.2796344757080078,4,23,,test:isAncestor:D12:d8:b2:N4:t0:paligned:tree211:i0,s1,
0,ff,test:isAncestor:D12:d8:b2:N4:t0:paligned:tree101:i0,same_predicate_cross_tree_same_role,5.148581294633914e-08,1,0.0502777099609375,4,23,,test:isAncestor:D12:d8:b2:N4:t0:paligned:tree211:i0,s1,
0,sa,test:isAncestor:D12:d8:b2:N4:t0:paligned:tree101:i0,same_predicate_cross_tree_same_role,9.640057214710396e-07,2,-0.20781803131103516,4,23,,test:isAncestor:D12:d8:b2:N4:t0:paligned:tree211:i0,s1,
0,ff,test:isAncestor:D12:d8:b2:N4:t0:paligned:tree101:i0,same_predicate_cross_tree_same_role,3.3488731787656434e-08,2,0.024567604064941406,4,23,,test:isAncestor:D12:d8:b2:N4:t0:paligned:tree211:i0,s1,
0,sa,test:isAncestor:D12:d8:b2:N4:t0:paligned:tree101:i0,same_predicate_cross_tree_same_role,4.94116889626639e-08,3,-0.022882461547851562,4,23,,test:isAncestor:D12:d8:b2:N4:t0:paligned:tree211:i0,s1,
0,ff,test:isAncestor:D12:d8:b2:N4:t0:paligned:tree101:i0,same_predicate_cross_tree_same_role,4.729656666313531e-09,3,-0.0076847076416015625,4,23,,test:isAncestor:D12:d8:b2:N4:t0:paligned:tree211:i0,s1,
-1,sa,test:isAncestor:D16:d6:b2:N4:t0:paligned:tree211:i0,same_predicate_cross_tree_same_role,0.6903591156005859,0,14.31332015991211,4,23,,test:isAncestor:D16:d6:b2:N4:t1:paligned:tree101:i1,s1,
0,ff,test:isAncestor:D16:d6:b2:N4:t0:paligned:tree211:i0,same_predicate_cross_tree_same_role,0.00026589352637529373,0,-0.028039932250976562,4,23,,test:isAncestor:D16:d6:b2:N4:t1:paligned:tree101:i1,s1,
0,sa,test:isAncestor:D16:d6:b2:N4:t0:paligned:tree211:i0,same_predicate_cross_tree_same_role,2.6695015549194068e-05,1,0.09590530395507812,4,23,,test:isAncestor:D16:d6:b2:N4:t1:paligned:tree101:i1,s1,
0,ff,test:isAncestor:D16:d6:b2:N4:t0:paligned:tree211:i0,same_predicate_cross_tree_same_role,2.2478070604847744e-06,1,0.033707618713378906,4,23,,test:isAncestor:D16:d6:b2:N4:t1:paligned:tree101:i1,s1,
0,sa,test:isAncestor:D16:d6:b2:N4:t0:paligned:tree211:i0,same_predicate_cross_tree_same_role,3.4210781450383365e-05,2,0.09875965118408203,4,23,,test:isAncestor:D16:d6:b2:N4:t1:paligned:tree101:i1,s1,
0,ff,test:isAncestor:D16:d6:b2:N4:t0:paligned:tree211:i0,same_predicate_cross_tree_same_role,2.8005415515508503e-05,2,-0.2881326675415039,4,23,,test:isAncestor:D16:d6:b2:N4:t1:paligned:tree101:i1,s1,
0,sa,test:isAncestor:D16:d6:b2:N4:t0:paligned:tree211:i0,same_predicate_cross_tree_same_role,2.1995343558955938e-05,3,0.1668844223022461,4,23,,test:isAncestor:D16:d6:b2:N4:t1:paligned:tree101:i1,s1,
0,ff,test:isAncestor:D16:d6:b2:N4:t0:paligned:tree211:i0,same_predicate_cross_tree_same_role,8.121154678519815e-06,3,-0.0925455093383789,4,23,,test:isAncestor:D16:d6:b2:N4:t1:paligned:tree101:i1,s1,
0,sa,test:isAncestor:D8:d1:b2:N4:t0:paligned:tree211:i0,same_predicate_cross_tree_same_role,6.96871429681778e-05,0,-2.289966583251953,6,37,,test:isAncestor:D8:d1:b2:N4:t0:paligned:tree101:i0,s1,
0,ff,test:isAncestor:D8:d1:b2:N4:t0:paligned:tree211:i0,same_predicate_cross_tree_same_role,1.2926451745443046e-05,0,-0.671539306640625,6,37,,test:isAncestor:D8:d1:b2:N4:t0:paligned:tree101:i0,s1,
0,sa,test:isAncestor:D8:d1:b2:N4:t0:paligned:tree211:i0,same_predicate_cross_tree_same_role,1.0426159860799089e-05,1,0.44765663146972656,6,37,,test:isAncestor:D8:d1:b2:N4:t0:paligned:tree101:i0,s1,
0,ff,test:isAncestor:D8:d1:b2:N4:t0:paligned:tree211:i0,same_predicate_cross_tree_same_role,4.4207517930772156e-06,1,-0.3572731018066406,6,37,,test:isAncestor:D8:d1:b2:N4:t0:paligned:tree101:i0,s1,
0,sa,test:isAncestor:D8:d1:b2:N4:t0:paligned:tree211:i0,same_predicate_cross_tree_same_role,9.772402336238883e-07,2,-0.1425037384033203,6,37,,test:isAncestor:D8:d1:b2:N4:t0:paligned:tree101:i0,s1,
0,ff,test:isAncestor:D8:d1:b2:N4:t0:paligned:tree211:i0,same_predicate_cross_tree_same_role,1.324337972619105e-07,2,-0.05817985534667969,6,37,,test:isAncestor:D8:d1:b2:N4:t0:paligned:tree101:i0,s1,
0,sa,test:isAncestor:D8:d1:b2:N4:t0:paligned:tree211:i0,same_predicate_cross_tree_same_role,3.0634128052042797e-06,3,-0.2861499786376953,6,37,,test:isAncestor:D8:d1:b2:N4:t0:paligned:tree101:i0,s1,
0,ff,test:isAncestor:D8:d1:b2:N4:t0:paligned:tree211:i0,same_predicate_cross_tree_same_role,4.951798473484814e-07,3,-0.11763572692871094,6,37,,test:isAncestor:D8:d1:b2:N4:t0:paligned:tree101:i0,s1,
0,sa,test:isAncestor:D8:d1:b2:N4:t0:paligned:tree211:i0,same_predicate_cross_tree_same_role,1.534365765110124e-06,4,-0.2013874053955078,6,37,,test:isAncestor:D8:d1:b2:N4:t0:paligned:tree101:i0,s1,
0,ff,test:isAncestor:D8:d1:b2:N4:t0:paligned:tree211:i0,same_predicate_cross_tree_same_role,2.299225343449507e-07,4,-0.06409645080566406,6,37,,test:isAncestor:D8:d1:b2:N4:t0:paligned:tree101:i0,s1,
0,sa,test:isAncestor:D8:d1:b2:N4:t0:paligned:tree211:i0,same_predicate_cross_tree_same_role,1.2544433047878556e-08,5,-0.009149551391601562,6,37,,test:isAncestor:D8:d1:b2:N4:t0:paligned:tree101:i0,s1,
0,ff,test:isAncestor:D8:d1:b2:N4:t0:paligned:tree211:i0,same_predicate_cross_tree_same_role,5.134597813594155e-08,5,-0.03630828857421875,6,37,,test:isAncestor:D8:d1:b2:N4:t0:paligned:tree101:i0,s1,
0,sa,test:isAncestor:D8:d8:b2:N4:t0:paligned:tree101:i0,same_predicate_cross_tree_same_role,7.180378815974109e-06,0,0.25609683990478516,6,37,,test:isAncestor:D8:d8:b2:N4:t0:paligned:tree307:i0,s1,
0,ff,test:isAncestor:D8:d8:b2:N4:t0:paligned:tree101:i0,same_predicate_cross_tree_same_role,2.136951297870837e-05,0,-0.8598499298095703,6,37,,test:isAncestor:D8:d8:b2:N4:t0:paligned:tree307:i0,s1,
0,sa,test:isAncestor:D8:d8:b2:N4:t0:paligned:tree101:i0,same_predicate_cross_tree_same_role,2.9303475457709283e-05,1,0.6625633239746094,6,37,,test:isAncestor:D8:d8:b2:N4:t0:paligned:tree307:i0,s1,
0,ff,test:isAncestor:D8:d8:b2:N4:t0:paligned:tree101:i0,same_predicate_cross_tree_same_role,8.25177994556725e-06,1,0.3939533233642578,6,37,,test:isAncestor:D8:d8:b2:N4:t0:paligned:tree307:i0,s1,
0,sa,test:isAncestor:D8:d8:b2:N4:t0:paligned:tree101:i0,same_predicate_cross_tree_same_role,1.1567990441108122e-06,2,0.152130126953125,6,37,,test:isAncestor:D8:d8:b2:N4:t0:paligned:tree307:i0,s1,
0,ff,test:isAncestor:D8:d8:b2:N4:t0:paligned:tree101:i0,same_predicate_cross_tree_same_role,3.3071664802264422e-06,2,0.2528362274169922,6,37,,test:isAncestor:D8:d8:b2:N4:t0:paligned:tree307:i0,s1,
0,sa,test:isAncestor:D8:d8:b2:N4:t0:paligned:tree101:i0,same_predicate_cross_tree_same_role,1.6429548850283027e-06,3,0.1852264404296875,6,37,,test:isAncestor:D8:d8:b2:N4:t0:paligned:tree307:i0,s1,
0,ff,test:isAncestor:D8:d8:b2:N4:t0:paligned:tree101:i0,same_predicate_cross_tree_same_role,2.2769327188143507e-06,3,0.21535301208496094,6,37,,test:isAncestor:D8:d8:b2:N4:t0:paligned:tree307:i0,s1,
0,sa,test:isAncestor:D8:d8:b2:N4:t0:paligned:tree101:i0,same_predicate_cross_tree_same_role,7.326434570131823e-07,4,0.12568092346191406,6,37,,test:isAncestor:D8:d8:b2:N4:t0:paligned:tree307:i0,s1,
0,ff,test:isAncestor:D8:d8:b2:N4:t0:paligned:tree101:i0,same_predicate_cross_tree_same_role,2.0616444089682773e-06,4,0.20172500610351562,6,37,,test:isAncestor:D8:d8:b2:N4:t0:paligned:tree307:i0,s1,
0,sa,test:isAncestor:D8:d8:b2:N4:t0:paligned:tree101:i0,same_predicate_cross_tree_same_role,1.4003535397932865e-07,5,0.05533409118652344,6,37,,test:isAncestor:D8:d8:b2:N4:t0:paligned:tree307:i0,s1,
0,ff,test:isAncestor:D8:d8:b2:N4:t0:paligned:tree101:i0,same_predicate_cross_tree_same_role,5.895981303183362e-07,5,0.11026573181152344,6,37,,test:isAncestor:D8:d8:b2:N4:t0:paligned:tree307:i0,s1,
0,sa,test:isAncestor:D12:d8:b2:N4:t0:paligned:tree101:i0,same_predicate_cross_tree_same_role,3.210442082490772e-05,0,-2.581317901611328,6,37,,test:isAncestor:D12:d8:b2:N4:t0:paligned:tree211:i0,s1,
0,ff,test:isAncestor:D12:d8:b2:N4:t0:paligned:tree101:i0,same_predicate_cross_tree_same_role,1.9122751837130636e-05,0,-1.8314552307128906,6,37,,test:isAncestor:D12:d8:b2:N4:t0:paligned:tree211:i0,s1,
0,sa,test:isAncestor:D12:d8:b2:N4:t0:paligned:tree101:i0,same_predicate_cross_tree_same_role,6.918611688888632e-06,1,-0.6463584899902344,6,37,,test:isAncestor:D12:d8:b2:N4:t0:paligned:tree211:i0,s1,
0,ff,test:isAncestor:D12:d8:b2:N4:t0:paligned:tree101:i0,same_predicate_cross_tree_same_role,7.759337677271105e-06,1,-1.0372371673583984,6,37,,test:isAncestor:D12:d8:b2:N4:t0:paligned:tree211:i0,s1,
0,sa,test:isAncestor:D12:d8:b2:N4:t0:paligned:tree101:i0,same_predicate_cross_tree_same_role,2.4699647838133387e-07,2,-0.11724090576171875,6,37,,test:isAncestor:D12:d8:b2:N4:t0:paligned:tree211:i0,s1,
0,ff,test:isAncestor:D12:d8:b2:N4:t0:paligned:tree101:i0,same_predicate_cross_tree_same_role,2.1778287191409618e-06,2,-0.4124717712402344,6,37,,test:isAncestor:D12:d8:b2:N4:t0:paligned:tree211:i0,s1,
0,sa,test:isAncestor:D12:d8:b2:N4:t0:paligned:tree101:i0,same_predicate_cross_tree_same_role,2.2160406842886005e-08,3,0.03641510009765625,6,37,,test:isAncestor:D12:d8:b2:N4:t0:paligned:tree211:i0,s1,
0,ff,test:isAncestor:D12:d8:b2:N4:t0:paligned:tree101:i0,same_predicate_cross_tree_same_role,3.9115366234909743e-07,3,-0.1719799041748047,6,37,,test:isAncestor:D12:d8:b2:N4:t0:paligned:tree211:i0,s1,
0,sa,test:isAncestor:D12:d8:b2:N4:t0:paligned:tree101:i0,same_predicate_cross_tree_same_role,1.804139628802659e-07,4,-0.10483741760253906,6,37,,test:isAncestor:D12:d8:b2:N4:t0:paligned:tree211:i0,s1,
0,ff,test:isAncestor:D12:d8:b2:N4:t0:paligned:tree101:i0,same_predicate_cross_tree_same_role,5.002116267860401e-07,4,-0.1589336395263672,6,37,,test:isAncestor:D12:d8:b2:N4:t0:paligned:tree211:i0,s1,
0,sa,test:isAncestor:D12:d8:b2:N4:t0:paligned:tree101:i0,same_predicate_cross_tree_same_role,8.336223800142761e-08,5,0.07794570922851562,6,37,,test:isAncestor:D12:d8:b2:N4:t0:paligned:tree211:i0,s1,
0,ff,test:isAncestor:D12:d8:b2:N4:t0:paligned:tree101:i0,same_predicate_cross_tree_same_role,2.024307832471095e-09,5,0.007114410400390625,6,37,,test:isAncestor:D12:d8:b2:N4:t0:paligned:tree211:i0,s1,
-1,sa,test:isAncestor:D16:d6:b2:N4:t0:paligned:tree211:i0,same_predicate_cross_tree_same_role,0.6831083297729492,0,13.30257797241211,6,37,,test:isAncestor:D16:d6:b2:N4:t1:paligned:tree101:i1,s1,
0,ff,test:isAncestor:D16:d6:b2:N4:t0:paligned:tree211:i0,same_predicate_cross_tree_same_role,2.238059096271172e-05,0,0.2731924057006836,6,37,,test:isAncestor:D16:d6:b2:N4:t1:paligned:tree101:i1,s1,
0,sa,test:isAncestor:D16:d6:b2:N4:t0:paligned:tree211:i0,same_predicate_cross_tree_same_role,1.240458368556574e-05,1,0.1897115707397461,6,37,,test:isAncestor:D16:d6:b2:N4:t1:paligned:tree101:i1,s1,
0,ff,test:isAncestor:D16:d6:b2:N4:t0:paligned:tree211:i0,same_predicate_cross_tree_same_role,5.259040335658938e-06,1,-0.08609867095947266,6,37,,test:isAncestor:D16:d6:b2:N4:t1:paligned:tree101:i1,s1,
0,sa,test:isAncestor:D16:d6:b2:N4:t0:paligned:tree211:i0,same_predicate_cross_tree_same_role,2.9416905817925e-06,2,0.025348663330078125,6,37,,test:isAncestor:D16:d6:b2:N4:t1:paligned:tree101:i1,s1,
0,ff,test:isAncestor:D16:d6:b2:N4:t0:paligned:tree211:i0,same_predicate_cross_tree_same_role,1.2838336260756478e-07,2,-0.024616241455078125,6,37,,test:isAncestor:D16:d6:b2:N4:t1:paligned:tree101:i1,s1,
0,sa,test:isAncestor:D16:d6:b2:N4:t0:paligned:tree211:i0,same_predicate_cross_tree_same_role,1.5693713066866621e-06,3,-0.04399871826171875,6,37,,test:isAncestor:D16:d6:b2:N4:t1:paligned:tree101:i1,s1,
0,ff,test:isAncestor:D16:d6:b2:N4:t0:paligned:tree211:i0,same_predicate_cross_tree_same_role,5.678521119989455e-06,3,-0.17095184326171875,6,37,,test:isAncestor:D16:d6:b2:N4:t1:paligned:tree101:i1,s1,
0,sa,test:isAncestor:D16:d6:b2:N4:t0:paligned:tree211:i0,same_predicate_cross_tree_same_role,1.5690020518377423e-06,4,-0.05893898010253906,6,37,,test:isAncestor:D16:d6:b2:N4:t1:paligned:tree101:i1,s1,
0,ff,test:isAncestor:D16:d6:b2:N4:t0:paligned:tree211:i0,same_predicate_cross_tree_same_role,3.6461788113228977e-06,4,-0.1373462677001953,6,37,,test:isAncestor:D16:d6:b2:N4:t1:paligned:tree101:i1,s1,
0,sa,test:isAncestor:D16:d6:b2:N4:t0:paligned:tree211:i0,same_predicate_cross_tree_same_role,2.0808220142498612e-06,5,-0.10315513610839844,6,37,,test:isAncestor:D16:d6:b2:N4:t1:paligned:tree101:i1,s1,
0,ff,test:isAncestor:D16:d6:b2:N4:t0:paligned:tree211:i0,same_predicate_cross_tree_same_role,1.150167008745484e-06,5,-0.07748794555664062,6,37,,test:isAncestor:D16:d6:b2:N4:t1:paligned:tree101:i1,s1,
0,sa,test:isAncestor:D8:d1:b2:N4:t0:paligned:tree211:i0,same_predicate_cross_tree_same_role,2.8351883884170093e-05,0,-1.2370290756225586,8,11,,test:isAncestor:D8:d1:b2:N4:t0:paligned:tree101:i0,s1,
0,ff,test:isAncestor:D8:d1:b2:N4:t0:paligned:tree211:i0,same_predicate_cross_tree_same_role,4.869202143709117e-07,0,-0.061621665954589844,8,11,,test:isAncestor:D8:d1:b2:N4:t0:paligned:tree101:i0,s1,
0,sa,test:isAncestor:D8:d1:b2:N4:t0:paligned:tree211:i0,same_predicate_cross_tree_same_role,1.0877329259528778e-06,1,-0.16216659545898438,8,11,,test:isAncestor:D8:d1:b2:N4:t0:paligned:tree101:i0,s1,
0,ff,test:isAncestor:D8:d1:b2:N4:t0:paligned:tree211:i0,same_predicate_cross_tree_same_role,7.838022497708153e-08,1,-0.0177001953125,8,11,,test:isAncestor:D8:d1:b2:N4:t0:paligned:tree101:i0,s1,
0,sa,test:isAncestor:D8:d1:b2:N4:t0:paligned:tree211:i0,same_predicate_cross_tree_same_role,1.6892331586859655e-06,2,0.2098531723022461,8,11,,test:isAncestor:D8:d1:b2:N4:t0:paligned:tree101:i0,s1,
0,ff,test:isAncestor:D8:d1:b2:N4:t0:paligned:tree211:i0,same_predicate_cross_tree_same_role,5.870933819096535e-07,2,-0.1541299819946289,8,11,,test:isAncestor:D8:d1:b2:N4:t0:paligned:tree101:i0,s1,
0,sa,test:isAncestor:D8:d1:b2:N4:t0:paligned:tree211:i0,same_predicate_cross_tree_same_role,1.969880486285547e-06,3,0.031273841857910156,8,11,,test:isAncestor:D8:d1:b2:N4:t0:paligned:tree101:i0,s1,
0,ff,test:isAncestor:D8:d1:b2:N4:t0:paligned:tree211:i0,same_predicate_cross_tree_same_role,2.7487521947477944e-07,3,-0.11172676086425781,8,11,,test:isAncestor:D8:d1:b2:N4:t0:paligned:tree101:i0,s1,
0,sa,test:isAncestor:D8:d1:b2:N4:t0:paligned:tree211:i0,same_predicate_cross_tree_same_role,1.1973079381277785e-06,4,0.21072673797607422,8,11,,test:isAncestor:D8:d1:b2:N4:t0:paligned:tree101:i0,s1,
0,ff,test:isAncestor:D8:d1:b2:N4:t0:paligned:tree211:i0,same_predicate_cross_tree_same_role,5.2040036280232016e-08,4,-0.04272937774658203,8,11,,test:isAncestor:D8:d1:b2:N4:t0:paligned:tree101:i0,s1,
0,sa,test:isAncestor:D8:d1:b2:N4:t0:paligned:tree211:i0,same_predicate_cross_tree_same_role,4.96006578032393e-07,5,0.1478586196899414,8,11,,test:isAncestor:D8:d1:b2:N4:t0:paligned:tree101:i0,s1,
0,ff,test:isAncestor:D8:d1:b2:N4:t0:paligned:tree211:i0,same_predicate_cross_tree_same_role,2.028804146902985e-08,5,-0.015002250671386719,8,11,,test:isAncestor:D8:d1:b2:N4:t0:paligned:tree101:i0,s1,
0,sa,test:isAncestor:D8:d1:b2:N4:t0:paligned:tree211:i0,same_predicate_cross_tree_same_role,1.873180366374072e-08,6,0.005301475524902344,8,11,,test:isAncestor:D8:d1:b2:N4:t0:paligned:tree101:i0,s1,
0,ff,test:isAncestor:D8:d1:b2:N4:t0:paligned:tree211:i0,same_predicate_cross_tree_same_role,7.632024789927527e-08,6,-0.0483245849609375,8,11,,test:isAncestor:D8:d1:b2:N4:t0:paligned:tree101:i0,s1,
0,sa,test:isAncestor:D8:d1:b2:N4:t0:paligned:tree211:i0,same_predicate_cross_tree_same_role,1.347970624010486e-08,7,0.010674476623535156,8,11,,test:isAncestor:D8:d1:b2:N4:t0:paligned:tree101:i0,s1,
0,ff,test:isAncestor:D8:d1:b2:N4:t0:paligned:tree211:i0,same_predicate_cross_tree_same_role,2.4007817955862265e-08,7,-0.03426361083984375,8,11,,test:isAncestor:D8:d1:b2:N4:t0:paligned:tree101:i0,s1,
0,sa,test:isAncestor:D8:d8:b2:N4:t0:paligned:tree101:i0,same_predicate_cross_tree_same_role,6.628660776186734e-05,0,2.0276260375976562,8,11,,test:isAncestor:D8:d8:b2:N4:t0:paligned:tree307:i0,s1,
0,ff,test:isAncestor:D8:d8:b2:N4:t0:paligned:tree101:i0,same_predicate_cross_tree_same_role,1.5804114354978083e-06,0,0.09552288055419922,8,11,,test:isAncestor:D8:d8:b2:N4:t0:paligned:tree307:i0,s1,
0,sa,test:isAncestor:D8:d8:b2:N4:t0:paligned:tree101:i0,same_predicate_cross_tree_same_role,1.1258885024290066e-06,1,0.3489971160888672,8,11,,test:isAncestor:D8:d8:b2:N4:t0:paligned:tree307:i0,s1,
0,ff,test:isAncestor:D8:d8:b2:N4:t0:paligned:tree101:i0,same_predicate_cross_tree_same_role,3.354698208113405e-08,1,-0.07431983947753906,8,11,,test:isAncestor:D8:d8:b2:N4:t0:paligned:tree307:i0,s1,
0,sa,test:isAncestor:D8:d8:b2:N4:t0:paligned:tree101:i0,same_predicate_cross_tree_same_role,7.428138815157581e-07,2,-0.3990793228149414,8,11,,test:isAncestor:D8:d8:b2:N4:t0:paligned:tree307:i0,s1,
0,ff,test:isAncestor:D8:d8:b2:N4:t0:paligned:tree101:i0,same_predicate_cross_tree_same_role,1.3346920013646013e-08,2,0.046443939208984375,8,11,,test:isAncestor:D8:d8:b2:N4:t0:paligned:tree307:i0,s1,
0,sa,test:isAncestor:D8:d8:b2:N4:t0:paligned:tree101:i0,same_predicate_cross_tree_same_role,2.770822220554692e-07,3,0.2512855529785156,8,11,,test:isAncestor:D8:d8:b2:N4:t0:paligned:tree307:i0,s1,
0,ff,test:isAncestor:D8:d8:b2:N4:t0:paligned:tree101:i0,same_predicate_cross_tree_same_role,1.39967823997722e-07,3,0.12988948822021484,8,11,,test:isAncestor:D8:d8:b2:N4:t0:paligned:tree307:i0,s1,
0,sa,test:isAncestor:D8:d8:b2:N4:t0:paligned:tree101:i0,same_predicate_cross_tree_same_role,6.675850272586104e-08,4,-0.05092430114746094,8,11,,test:isAncestor:D8:d8:b2:N4:t0:paligned:tree307:i0,s1,
0,ff,test:isAncestor:D8:d8:b2:N4:t0:paligned:tree101:i0,same_predicate_cross_tree_same_role,1.9397987216507317e-08,4,0.032095909118652344,8,11,,test:isAncestor:D8:d8:b2:N4:t0:paligned:tree307:i0,s1,
0,sa,test:isAncestor:D8:d8:b2:N4:t0:paligned:tree101:i0,same_predicate_cross_tree_same_role,1.5411330878123408e-08,5,0.046756744384765625,8,11,,test:isAncestor:D8:d8:b2:N4:t0:paligned:tree307:i0,s1,
0,ff,test:isAncestor:D8:d8:b2:N4:t0:paligned:tree101:i0,same_predicate_cross_tree_same_role,4.136768438911531e-08,5,0.07776069641113281,8,11,,test:isAncestor:D8:d8:b2:N4:t0:paligned:tree307:i0,s1,
0,sa,test:isAncestor:D8:d8:b2:N4:t0:paligned:tree101:i0,same_predicate_cross_tree_same_role,6.804327767895302e-09,6,0.04621696472167969,8,11,,test:isAncestor:D8:d8:b2:N4:t0:paligned:tree307:i0,s1,
0,ff,test:isAncestor:D8:d8:b2:N4:t0:paligned:tree101:i0,same_predicate_cross_tree_same_role,2.925054332081345e-08,6,0.05439949035644531,8,11,,test:isAncestor:D8:d8:b2:N4:t0:paligned:tree307:i0,s1,
0,sa,test:isAncestor:D8:d8:b2:N4:t0:paligned:tree101:i0,same_predicate_cross_tree_same_role,1.950830608166143e-09,7,-0.0102691650390625,8,11,,test:isAncestor:D8:d8:b2:N4:t0:paligned:tree307:i0,s1,
0,ff,test:isAncestor:D8:d8:b2:N4:t0:paligned:tree101:i0,same_predicate_cross_tree_same_role,1.111590108848759e-08,7,0.032230377197265625,8,11,,test:isAncestor:D8:d8:b2:N4:t0:paligned:tree307:i0,s1,
0,sa,test:isAncestor:D12:d8:b2:N4:t0:paligned:tree101:i0,same_predicate_cross_tree_same_role,4.030367563245818e-06,0,2.078329086303711,8,11,,test:isAncestor:D12:d8:b2:N4:t0:paligned:tree211:i0,s1,
0,ff,test:isAncestor:D12:d8:b2:N4:t0:paligned:tree101:i0,same_predicate_cross_tree_same_role,1.4555365623891703e-07,0,0.36824607849121094,8,11,,test:isAncestor:D12:d8:b2:N4:t0:paligned:tree211:i0,s1,
0,sa,test:isAncestor:D12:d8:b2:N4:t0:paligned:tree101:i0,same_predicate_cross_tree_same_role,2.42263945438026e-06,1,1.2852363586425781,8,11,,test:isAncestor:D12:d8:b2:N4:t0:paligned:tree211:i0,s1,
0,ff,test:isAncestor:D12:d8:b2:N4:t0:paligned:tree101:i0,same_predicate_cross_tree_same_role,1.202921140475155e-08,1,-0.07770347595214844,8,11,,test:isAncestor:D12:d8:b2:N4:t0:paligned:tree211:i0,s1,
0,sa,test:isAncestor:D12:d8:b2:N4:t0:paligned:tree101:i0,same_predicate_cross_tree_same_role,1.4018646652402822e-06,2,1.024038314819336,8,11,,test:isAncestor:D12:d8:b2:N4:t0:paligned:tree211:i0,s1,
0,ff,test:isAncestor:D12:d8:b2:N4:t0:paligned:tree101:i0,same_predicate_cross_tree_same_role,1.1388010534574278e-09,2,-0.013367652893066406,8,11,,test:isAncestor:D12:d8:b2:N4:t0:paligned:tree211:i0,s1,
0,sa,test:isAncestor:D12:d8:b2:N4:t0:paligned:tree101:i0,same_predicate_cross_tree_same_role,1.505040643223765e-07,3,0.5695457458496094,8,11,,test:isAncestor:D12:d8:b2:N4:t0:paligned:tree211:i0,s1,
0,ff,test:isAncestor:D12:d8:b2:N4:t0:paligned:tree101:i0,same_predicate_cross_tree_same_role,2.1713875142381767e-10,3,0.010178565979003906,8,11,,test:isAncestor:D12:d8:b2:N4:t0:paligned:tree211:i0,s1,
0,sa,test:isAncestor:D12:d8:b2:N4:t0:paligned:tree101:i0,same_predicate_cross_tree_same_role,3.652385771601985e-07,4,0.6322021484375,8,11,,test:isAncestor:D12:d8:b2:N4:t0:paligned:tree211:i0,s1,
0,ff,test:isAncestor:D12:d8:b2:N4:t0:paligned:tree101:i0,same_predicate_cross_tree_same_role,9.06533514921648e-10,4,0.01941967010498047,8,11,,test:isAncestor:D12:d8:b2:N4:t0:paligned:tree211:i0,s1,
0,sa,test:isAncestor:D12:d8:b2:N4:t0:paligned:tree101:i0,same_predicate_cross_tree_same_role,1.0060676913781208e-07,5,0.38370323181152344,8,11,,test:isAncestor:D12:d8:b2:N4:t0:paligned:tree211:i0,s1,
0,ff,test:isAncestor:D12:d8:b2:N4:t0:paligned:tree101:i0,same_predicate_cross_tree_same_role,6.388871653939532e-10,5,0.03925323486328125,8,11,,test:isAncestor:D12:d8:b2:N4:t0:paligned:tree211:i0,s1,
0,sa,test:isAncestor:D12:d8:b2:N4:t0:paligned:tree101:i0,same_predicate_cross_tree_same_role,2.0339143702585716e-09,6,0.04171276092529297,8,11,,test:isAncestor:D12:d8:b2:N4:t0:paligned:tree211:i0,s1,
0,ff,test:isAncestor:D12:d8:b2:N4:t0:paligned:tree101:i0,same_predicate_cross_tree_same_role,1.03527852957086e-09,6,0.030330657958984375,8,11,,test:isAncestor:D12:d8:b2:N4:t0:paligned:tree211:i0,s1,
0,sa,test:isAncestor:D12:d8:b2:N4:t0:paligned:tree101:i0,same_predicate_cross_tree_same_role,7.132037183055218e-10,7,-0.0034341812133789062,8,11,,test:isAncestor:D12:d8:b2:N4:t0:paligned:tree211:i0,s1,
0,ff,test:isAncestor:D12:d8:b2:N4:t0:paligned:tree101:i0,same_predicate_cross_tree_same_role,8.276401786133647e-11,7,-0.004708290100097656,8,11,,test:isAncestor:D12:d8:b2:N4:t0:paligned:tree211:i0,s1,
-1,sa,test:isAncestor:D16:d6:b2:N4:t0:paligned:tree211:i0,same_predicate_cross_tree_same_role,0.6888640522956848,0,16.017340660095215,8,11,,test:isAncestor:D16:d6:b2:N4:t1:paligned:tree101:i1,s1,
0,ff,test:isAncestor:D16:d6:b2:N4:t0:paligned:tree211:i0,same_predicate_cross_tree_same_role,0.006735227536410093,0,3.290827751159668,8,11,,test:isAncestor:D16:d6:b2:N4:t1:paligned:tree101:i1,s1,
0,sa,test:isAncestor:D16:d6:b2:N4:t0:paligned:tree211:i0,same_predicate_cross_tree_same_role,5.4067946621216834e-05,1,0.5668439865112305,8,11,,test:isAncestor:D16:d6:b2:N4:t1:paligned:tree101:i1,s1,
0,ff,test:isAncestor:D16:d6:b2:N4:t0:paligned:tree211:i0,same_predicate_cross_tree_same_role,6.347388989524916e-06,1,0.21158599853515625,8,11,,test:isAncestor:D16:d6:b2:N4:t1:paligned:tree101:i1,s1,
0,sa,test:isAncestor:D16:d6:b2:N4:t0:paligned:tree211:i0,same_predicate_cross_tree_same_role,1.78601112565957e-06,2,-0.11832141876220703,8,11,,test:isAncestor:D16:d6:b2:N4:t1:paligned:tree101:i1,s1,
0,ff,test:isAncestor:D16:d6:b2:N4:t0:paligned:tree211:i0,same_predicate_cross_tree_same_role,1.1423594514781144e-07,2,-0.016948699951171875,8,11,,test:isAncestor:D16:d6:b2:N4:t1:paligned:tree101:i1,s1,
0,sa,test:isAncestor:D16:d6:b2:N4:t0:paligned:tree211:i0,same_predicate_cross_tree_same_role,3.368841134943068e-06,3,-0.14791488647460938,8,11,,test:isAncestor:D16:d6:b2:N4:t1:paligned:tree101:i1,s1,
0,ff,test:isAncestor:D16:d6:b2:N4:t0:paligned:tree211:i0,same_predicate_cross_tree_same_role,3.316772563266568e-07,3,-0.05118370056152344,8,11,,test:isAncestor:D16:d6:b2:N4:t1:paligned:tree101:i1,s1,
0,sa,test:isAncestor:D16:d6:b2:N4:t0:paligned:tree211:i0,same_predicate_cross_tree_same_role,5.283836799208075e-07,4,-0.05850696563720703,8,11,,test:isAncestor:D16:d6:b2:N4:t1:paligned:tree101:i1,s1,
0,ff,test:isAncestor:D16:d6:b2:N4:t0:paligned:tree211:i0,same_predicate_cross_tree_same_role,4.176154106971808e-07,4,-0.05788421630859375,8,11,,test:isAncestor:D16:d6:b2:N4:t1:paligned:tree101:i1,s1,
0,sa,test:isAncestor:D16:d6:b2:N4:t0:paligned:tree211:i0,same_predicate_cross_tree_same_role,1.3088611012790352e-06,5,-0.10538864135742188,8,11,,test:isAncestor:D16:d6:b2:N4:t1:paligned:tree101:i1,s1,
0,ff,test:isAncestor:D16:d6:b2:N4:t0:paligned:tree211:i0,same_predicate_cross_tree_same_role,6.307873263722286e-07,5,-0.0719919204711914,8,11,,test:isAncestor:D16:d6:b2:N4:t1:paligned:tree101:i1,s1,
0,sa,test:isAncestor:D16:d6:b2:N4:t0:paligned:tree211:i0,same_predicate_cross_tree_same_role,1.6661829249642324e-08,6,0.0056819915771484375,8,11,,test:isAncestor:D16:d6:b2:N4:t1:paligned:tree101:i1,s1,
0,ff,test:isAncestor:D16:d6:b2:N4:t0:paligned:tree211:i0,same_predicate_cross_tree_same_role,1.3548087736126035e-06,6,-0.10851764678955078,8,11,,test:isAncestor:D16:d6:b2:N4:t1:paligned:tree101:i1,s1,
0,sa,test:isAncestor:D16:d6:b2:N4:t0:paligned:tree211:i0,same_predicate_cross_tree_same_role,1.8895661924034357e-07,7,0.035027503967285156,8,11,,test:isAncestor:D16:d6:b2:N4:t1:paligned:tree101:i1,s1,
0,ff,test:isAncestor:D16:d6:b2:N4:t0:paligned:tree211:i0,same_predicate_cross_tree_same_role,6.337559170788154e-07,7,-0.07320022583007812,8,11,,test:isAncestor:D16:d6:b2:N4:t1:paligned:tree101:i1,s1,
0,sa,test:isAncestor:D8:d1:b2:N4:t0:paligned:tree211:i0,same_predicate_cross_tree_same_role,0.0006626405520364642,0,1.5377798080444336,12,23,,test:isAncestor:D8:d1:b2:N4:t0:paligned:tree101:i0,s1,
0,ff,test:isAncestor:D8:d1:b2:N4:t0:paligned:tree211:i0,same_predicate_cross_tree_same_role,0.0002263082133140415,0,1.200230598449707,12,23,,test:isAncestor:D8:d1:b2:N4:t0:paligned:tree101:i0,s1,
0,sa,test:isAncestor:D8:d1:b2:N4:t0:paligned:tree211:i0,same_predicate_cross_tree_same_role,0.00021647838002536446,1,0.9344844818115234,12,23,,test:isAncestor:D8:d1:b2:N4:t0:paligned:tree101:i0,s1,
0,ff,test:isAncestor:D8:d1:b2:N4:t0:paligned:tree211:i0,same_predicate_cross_tree_same_role,4.001117304142099e-06,1,-0.009938240051269531,12,23,,test:isAncestor:D8:d1:b2:N4:t0:paligned:tree101:i0,s1,
0,sa,test:isAncestor:D8:d1:b2:N4:t0:paligned:tree211:i0,same_predicate_cross_tree_same_role,6.753507477696985e-06,2,0.21525955200195312,12,23,,test:isAncestor:D8:d1:b2:N4:t0:paligned:tree101:i0,s1,
0,ff,test:isAncestor:D8:d1:b2:N4:t0:paligned:tree211:i0,same_predicate_cross_tree_same_role,4.51996129413601e-07,2,0.035742759704589844,12,23,,test:isAncestor:D8:d1:b2:N4:t0:paligned:tree101:i0,s1,
0,sa,test:isAncestor:D8:d1:b2:N4:t0:paligned:tree211:i0,same_predicate_cross_tree_same_role,1.3315504475031048e-05,3,0.3505277633666992,12,23,,test:isAncestor:D8:d1:b2:N4:t0:paligned:tree101:i0,s1,
0,ff,test:isAncestor:D8:d1:b2:N4:t0:paligned:tree211:i0,same_predicate_cross_tree_same_role,1.4810808579568402e-08,3,-0.0014677047729492188,12,23,,test:isAncestor:D8:d1:b2:N4:t0:paligned:tree101:i0,s1,
0,sa,test:isAncestor:D8:d1:b2:N4:t0:paligned:tree211:i0,same_predicate_cross_tree_same_role,5.640980816679075e-06,4,0.2164468765258789,12,23,,test:isAncestor:D8:d1:b2:N4:t0:paligned:tree101:i0,s1,
0,ff,test:isAncestor:D8:d1:b2:N4:t0:paligned:tree211:i0,same_predicate_cross_tree_same_role,2.842007518211176e-09,4,0.0004062652587890625,12,23,,test:isAncestor:D8:d1:b2:N4:t0:paligned:tree101:i0,s1,
0,sa,test:isAncestor:D8:d1:b2:N4:t0:paligned:tree211:i0,same_predicate_cross_tree_same_role,6.467198545578867e-07,5,0.07610893249511719,12,23,,test:isAncestor:D8:d1:b2:N4:t0:paligned:tree101:i0,s1,
0,ff,test:isAncestor:D8:d1:b2:N4:t0:paligned:tree211:i0,same_predicate_cross_tree_same_role,6.307743660727283e-09,5,0.0037441253662109375,12,23,,test:isAncestor:D8:d1:b2:N4:t0:paligned:tree101:i0,s1,
0,sa,test:isAncestor:D8:d1:b2:N4:t0:paligned:tree211:i0,same_predicate_cross_tree_same_role,5.211923053138889e-07,6,0.06722259521484375,12,23,,test:isAncestor:D8:d1:b2:N4:t0:paligned:tree101:i0,s1,
0,ff,test:isAncestor:D8:d1:b2:N4:t0:paligned:tree211:i0,same_predicate_cross_tree_same_role,6.736740942869801e-09,6,-0.007947921752929688,12,23,,test:isAncestor:D8:d1:b2:N4:t0:paligned:tree101:i0,s1,
0,sa,test:isAncestor:D8:d1:b2:N4:t0:paligned:tree211:i0,same_predicate_cross_tree_same_role,2.737742761382833e-07,7,0.044526100158691406,12,23,,test:isAncestor:D8:d1:b2:N4:t0:paligned:tree101:i0,s1,
0,ff,test:isAncestor:D8:d1:b2:N4:t0:paligned:tree211:i0,same_predicate_cross_tree_same_role,7.774474397592712e-09,7,0.000576019287109375,12,23,,test:isAncestor:D8:d1:b2:N4:t0:paligned:tree101:i0,s1,
0,sa,test:isAncestor:D8:d1:b2:N4:t0:paligned:tree211:i0,same_predicate_cross_tree_same_role,2.2939229893381707e-07,8,0.040612220764160156,12,23,,test:isAncestor:D8:d1:b2:N4:t0:paligned:tree101:i0,s1,
0,ff,test:isAncestor:D8:d1:b2:N4:t0:paligned:tree211:i0,same_predicate_cross_tree_same_role,2.8693989406747278e-09,8,0.0006341934204101562,12,23,,test:isAncestor:D8:d1:b2:N4:t0:paligned:tree101:i0,s1,
0,sa,test:isAncestor:D8:d1:b2:N4:t0:paligned:tree211:i0,same_predicate_cross_tree_same_role,1.7468664736952633e-08,9,0.014440536499023438,12,23,,test:isAncestor:D8:d1:b2:N4:t0:paligned:tree101:i0,s1,
0,ff,test:isAncestor:D8:d1:b2:N4:t0:paligned:tree211:i0,same_predicate_cross_tree_same_role,2.874969595723087e-09,9,-0.004185676574707031,12,23,,test:isAncestor:D8:d1:b2:N4:t0:paligned:tree101:i0,s1,
0,sa,test:isAncestor:D8:d1:b2:N4:t0:paligned:tree211:i0,same_predicate_cross_tree_same_role,1.582429831614718e-08,10,0.01997661590576172,12,23,,test:isAncestor:D8:d1:b2:N4:t0:paligned:tree101:i0,s1,
0,ff,test:isAncestor:D8:d1:b2:N4:t0:paligned:tree211:i0,same_predicate_cross_tree_same_role,2.6086013349413406e-09,10,0.00443267822265625,12,23,,test:isAncestor:D8:d1:b2:N4:t0:paligned:tree101:i0,s1,
0,sa,test:isAncestor:D8:d1:b2:N4:t0:paligned:tree211:i0,same_predicate_cross_tree_same_role,5.755168785981368e-09,11,0.006281852722167969,12,23,,test:isAncestor:D8:d1:b2:N4:t0:paligned:tree101:i0,s1,
0,ff,test:isAncestor:D8:d1:b2:N4:t0:paligned:tree211:i0,same_predicate_cross_tree_same_role,1.857642928371206e-10,11,0.017333030700683594,12,23,,test:isAncestor:D8:d1:b2:N4:t0:paligned:tree101:i0,s1,
0,sa,test:isAncestor:D8:d8:b2:N4:t0:paligned:tree101:i0,same_predicate_cross_tree_same_role,0.00039595089037902653,0,-1.3841781616210938,12,23,,test:isAncestor:D8:d8:b2:N4:t0:paligned:tree307:i0,s1,
0,ff,test:isAncestor:D8:d8:b2:N4:t0:paligned:tree101:i0,same_predicate_cross_tree_same_role,0.0006270332378335297,0,-2.253843307495117,12,23,,test:isAncestor:D8:d8:b2:N4:t0:paligned:tree307:i0,s1,
0,sa,test:isAncestor:D8:d8:b2:N4:t0:paligned:tree101:i0,same_predicate_cross_tree_same_role,9.190471610054374e-05,1,0.4367341995239258,12,23,,test:isAncestor:D8:d8:b2:N4:t0:paligned:tree307:i0,s1,
0,ff,test:isAncestor:D8:d8:b2:N4:t0:paligned:tree101:i0,same_predicate_cross_tree_same_role,7.4749332270585e-06,1,-0.14649486541748047,12,23,,test:isAncestor:D8:d8:b2:N4:t0:paligned:tree307:i0,s1,
0,sa,test:isAncestor:D8:d8:b2:N4:t0:paligned:tree101:i0,same_predicate_cross_tree_same_role,2.153799869120121e-06,2,-0.04761028289794922,12,23,,test:isAncestor:D8:d8:b2:N4:t0:paligned:tree307:i0,s1,
0,ff,test:isAncestor:D8:d8:b2:N4:t0:paligned:tree101:i0,same_predicate_cross_tree_same_role,3.2481839298270643e-06,2,-0.0912008285522461,12,23,,test:isAncestor:D8:d8:b2:N4:t0:paligned:tree307:i0,s1,
0,sa,test:isAncestor:D8:d8:b2:N4:t0:paligned:tree101:i0,same_predicate_cross_tree_same_role,1.555870403535664e-05,3,0.1955118179321289,12,23,,test:isAncestor:D8:d8:b2:N4:t0:paligned:tree307:i0,s1,
0,ff,test:isAncestor:D8:d8:b2:N4:t0:paligned:tree101:i0,same_predicate_cross_tree_same_role,1.5708155842730775e-07,3,0.017182350158691406,12,23,,test:isAncestor:D8:d8:b2:N4:t0:paligned:tree307:i0,s1,
0,sa,test:isAncestor:D8:d8:b2:N4:t0:paligned:tree101:i0,same_predicate_cross_tree_same_role,1.5550816897302866e-05,4,0.19272518157958984,12,23,,test:isAncestor:D8:d8:b2:N4:t0:paligned:tree307:i0,s1,
0,ff,test:isAncestor:D8:d8:b2:N4:t0:paligned:tree101:i0,same_predicate_cross_tree_same_role,9.86201484920457e-08,4,0.009999275207519531,12,23,,test:isAncestor:D8:d8:b2:N4:t0:paligned:tree307:i0,s1,
0,sa,test:isAncestor:D8:d8:b2:N4:t0:paligned:tree101:i0,same_predicate_cross_tree_same_role,1.4094039215706289e-06,5,0.057930946350097656,12,23,,test:isAncestor:D8:d8:b2:N4:t0:paligned:tree307:i0,s1,
0,ff,test:isAncestor:D8:d8:b2:N4:t0:paligned:tree101:i0,same_predicate_cross_tree_same_role,2.7474015951156616e-08,5,0.0068264007568359375,12,23,,test:isAncestor:D8:d8:b2:N4:t0:paligned:tree307:i0,s1,
0,sa,test:isAncestor:D8:d8:b2:N4:t0:paligned:tree101:i0,same_predicate_cross_tree_same_role,1.5614015865139663e-05,6,0.19599628448486328,12,23,,test:isAncestor:D8:d8:b2:N4:t0:paligned:tree307:i0,s1,
0,ff,test:isAncestor:D8:d8:b2:N4:t0:paligned:tree101:i0,same_predicate_cross_tree_same_role,2.1904270397499204e-08,6,0.010186195373535156,12,23,,test:isAncestor:D8:d8:b2:N4:t0:paligned:tree307:i0,s1,
0,sa,test:isAncestor:D8:d8:b2:N4:t0:paligned:tree101:i0,same_predicate_cross_tree_same_role,1.921787770697847e-06,7,0.0663614273071289,12,23,,test:isAncestor:D8:d8:b2:N4:t0:paligned:tree307:i0,s1,
0,ff,test:isAncestor:D8:d8:b2:N4:t0:paligned:tree101:i0,same_predicate_cross_tree_same_role,6.95899871061556e-08,7,0.012971878051757812,12,23,,test:isAncestor:D8:d8:b2:N4:t0:paligned:tree307:i0,s1,
0,sa,test:isAncestor:D8:d8:b2:N4:t0:paligned:tree101:i0,same_predicate_cross_tree_same_role,6.684749678242952e-07,8,-0.04257965087890625,12,23,,test:isAncestor:D8:d8:b2:N4:t0:paligned:tree307:i0,s1,
0,ff,test:isAncestor:D8:d8:b2:N4:t0:paligned:tree101:i0,same_predicate_cross_tree_same_role,6.707796273985878e-08,8,0.010645866394042969,12,23,,test:isAncestor:D8:d8:b2:N4:t0:paligned:tree307:i0,s1,
0,sa,test:isAncestor:D8:d8:b2:N4:t0:paligned:tree101:i0,same_predicate_cross_tree_same_role,9.591803973307833e-08,9,-0.016355514526367188,12,23,,test:isAncestor:D8:d8:b2:N4:t0:paligned:tree307:i0,s1,
0,ff,test:isAncestor:D8:d8:b2:N4:t0:paligned:tree101:i0,same_predicate_cross_tree_same_role,2.1805135475005955e-07,9,0.02182483673095703,12,23,,test:isAncestor:D8:d8:b2:N4:t0:paligned:tree307:i0,s1,
0,sa,test:isAncestor:D8:d8:b2:N4:t0:paligned:tree101:i0,same_predicate_cross_tree_same_role,1.5326207858379348e-08,10,0.0015840530395507812,12,23,,test:isAncestor:D8:d8:b2:N4:t0:paligned:tree307:i0,s1,
0,ff,test:isAncestor:D8:d8:b2:N4:t0:paligned:tree101:i0,same_predicate_cross_tree_same_role,-2.48558080784278e-08,10,0.0031919479370117188,12,23,,test:isAncestor:D8:d8:b2:N4:t0:paligned:tree307:i0,s1,
0,sa,test:isAncestor:D8:d8:b2:N4:t0:paligned:tree101:i0,same_predicate_cross_tree_same_role,-1.9589379007811658e-08,11,0.0046253204345703125,12,23,,test:isAncestor:D8:d8:b2:N4:t0:paligned:tree307:i0,s1,
0,ff,test:isAncestor:D8:d8:b2:N4:t0:paligned:tree101:i0,same_predicate_cross_tree_same_role,1.2753662304021418e-07,11,0.014889717102050781,12,23,,test:isAncestor:D8:d8:b2:N4:t0:paligned:tree307:i0,s1,
0,sa,test:isAncestor:D12:d8:b2:N4:t0:paligned:tree101:i0,same_predicate_cross_tree_same_role,8.81840314832516e-05,0,-0.16721820831298828,12,23,,test:isAncestor:D12:d8:b2:N4:t0:paligned:tree211:i0,s1,
0,ff,test:isAncestor:D12:d8:b2:N4:t0:paligned:tree101:i0,same_predicate_cross_tree_same_role,9.34963536565192e-05,0,-0.36103343963623047,12,23,,test:isAncestor:D12:d8:b2:N4:t0:paligned:tree211:i0,s1,
0,sa,test:isAncestor:D12:d8:b2:N4:t0:paligned:tree101:i0,same_predicate_cross_tree_same_role,5.2086616051383317e-05,1,0.2681264877319336,12,23,,test:isAncestor:D12:d8:b2:N4:t0:paligned:tree211:i0,s1,
0,ff,test:isAncestor:D12:d8:b2:N4:t0:paligned:tree101:i0,same_predicate_cross_tree_same_role,3.3890464692376554e-06,1,-0.19736480712890625,12,23,,test:isAncestor:D12:d8:b2:N4:t0:paligned:tree211:i0,s1,
0,sa,test:isAncestor:D12:d8:b2:N4:t0:paligned:tree101:i0,same_predicate_cross_tree_same_role,3.0757146305404603e-06,2,0.02183246612548828,12,23,,test:isAncestor:D12:d8:b2:N4:t0:paligned:tree211:i0,s1,
0,ff,test:isAncestor:D12:d8:b2:N4:t0:paligned:tree101:i0,same_predicate_cross_tree_same_role,6.223754098755307e-07,2,-0.07188701629638672,12,23,,test:isAncestor:D12:d8:b2:N4:t0:paligned:tree211:i0,s1,
0,sa,test:isAncestor:D12:d8:b2:N4:t0:paligned:tree101:i0,same_predicate_cross_tree_same_role,1.91282742889598e-06,3,0.06705284118652344,12,23,,test:isAncestor:D12:d8:b2:N4:t0:paligned:tree211:i0,s1,
0,ff,test:isAncestor:D12:d8:b2:N4:t0:paligned:tree101:i0,same_predicate_cross_tree_same_role,2.0741572370752692e-07,3,-0.014815330505371094,12,23,,test:isAncestor:D12:d8:b2:N4:t0:paligned:tree211:i0,s1,
0,sa,test:isAncestor:D12:d8:b2:N4:t0:paligned:tree101:i0,same_predicate_cross_tree_same_role,8.213821274694055e-06,4,0.21262168884277344,12,23,,test:isAncestor:D12:d8:b2:N4:t0:paligned:tree211:i0,s1,
0,ff,test:isAncestor:D12:d8:b2:N4:t0:paligned:tree101:i0,same_predicate_cross_tree_same_role,1.4079205357120372e-07,4,-0.03390693664550781,12,23,,test:isAncestor:D12:d8:b2:N4:t0:paligned:tree211:i0,s1,
0,sa,test:isAncestor:D12:d8:b2:N4:t0:paligned:tree101:i0,same_predicate_cross_tree_same_role,5.183574103284627e-07,5,0.07637691497802734,12,23,,test:isAncestor:D12:d8:b2:N4:t0:paligned:tree211:i0,s1,
0,ff,test:isAncestor:D12:d8:b2:N4:t0:paligned:tree101:i0,same_predicate_cross_tree_same_role,2.0217953533574473e-08,5,0.006642341613769531,12,23,,test:isAncestor:D12:d8:b2:N4:t0:paligned:tree211:i0,s1,
0,sa,test:isAncestor:D12:d8:b2:N4:t0:paligned:tree101:i0,same_predicate_cross_tree_same_role,1.1851466297230218e-07,6,0.006176948547363281,12,23,,test:isAncestor:D12:d8:b2:N4:t0:paligned:tree211:i0,s1,
0,ff,test:isAncestor:D12:d8:b2:N4:t0:paligned:tree101:i0,same_predicate_cross_tree_same_role,5.633791033687885e-08,6,0.0019273757934570312,12,23,,test:isAncestor:D12:d8:b2:N4:t0:paligned:tree211:i0,s1,
0,sa,test:isAncestor:D12:d8:b2:N4:t0:paligned:tree101:i0,same_predicate_cross_tree_same_role,1.397232836097828e-07,7,-0.007847785949707031,12,23,,test:isAncestor:D12:d8:b2:N4:t0:paligned:tree211:i0,s1,
0,ff,test:isAncestor:D12:d8:b2:N4:t0:paligned:tree101:i0,same_predicate_cross_tree_same_role,3.7417748899315484e-08,7,0.015148162841796875,12,23,,test:isAncestor:D12:d8:b2:N4:t0:paligned:tree211:i0,s1,
0,sa,test:isAncestor:D12:d8:b2:N4:t0:paligned:tree101:i0,same_predicate_cross_tree_same_role,2.947390385088511e-07,8,0.047130584716796875,12,23,,test:isAncestor:D12:d8:b2:N4:t0:paligned:tree211:i0,s1,
0,ff,test:isAncestor:D12:d8:b2:N4:t0:paligned:tree101:i0,same_predicate_cross_tree_same_role,-1.903515567391878e-08,8,0.004847526550292969,12,23,,test:isAncestor:D12:d8:b2:N4:t0:paligned:tree211:i0,s1,
0,sa,test:isAncestor:D12:d8:b2:N4:t0:paligned:tree101:i0,same_predicate_cross_tree_same_role,6.53803908789996e-08,9,0.008341789245605469,12,23,,test:isAncestor:D12:d8:b2:N4:t0:paligned:tree211:i0,s1,
0,ff,test:isAncestor:D12:d8:b2:N4:t0:paligned:tree101:i0,same_predicate_cross_tree_same_role,6.411028152797371e-08,9,0.011117935180664062,12,23,,test:isAncestor:D12:d8:b2:N4:t0:paligned:tree211:i0,s1,
0,sa,test:isAncestor:D12:d8:b2:N4:t0:paligned:tree101:i0,same_predicate_cross_tree_same_role,4.236568429405452e-09,10,-0.0022668838500976562,12,23,,test:isAncestor:D12:d8:b2:N4:t0:paligned:tree211:i0,s1,
0,ff,test:isAncestor:D12:d8:b2:N4:t0:paligned:tree101:i0,same_predicate_cross_tree_same_role,-1.8900323084380943e-08,10,0.0058422088623046875,12,23,,test:isAncestor:D12:d8:b2:N4:t0:paligned:tree211:i0,s1,
0,sa,test:isAncestor:D12:d8:b2:N4:t0:paligned:tree101:i0,same_predicate_cross_tree_same_role,1.7587922229722608e-09,11,-0.003326416015625,12,23,,test:isAncestor:D12:d8:b2:N4:t0:paligned:tree211:i0,s1,
0,ff,test:isAncestor:D12:d8:b2:N4:t0:paligned:tree101:i0,same_predicate_cross_tree_same_role,5.4006250138627365e-08,11,0.010961532592773438,12,23,,test:isAncestor:D12:d8:b2:N4:t0:paligned:tree211:i0,s1,
-1,sa,test:isAncestor:D16:d6:b2:N4:t0:paligned:tree211:i0,same_predicate_cross_tree_same_role,0.43438971042633057,0,6.122056007385254,12,23,,test:isAncestor:D16:d6:b2:N4:t1:paligned:tree101:i1,s1,
-1,ff,test:isAncestor:D16:d6:b2:N4:t0:paligned:tree211:i0,same_predicate_cross_tree_same_role,0.35617345571517944,0,5.5640764236450195,12,23,,test:isAncestor:D16:d6:b2:N4:t1:paligned:tree101:i1,s1,
0,sa,test:isAncestor:D16:d6:b2:N4:t0:paligned:tree211:i0,same_predicate_cross_tree_same_role,0.0005499366670846939,1,-0.6802644729614258,12,23,,test:isAncestor:D16:d6:b2:N4:t1:paligned:tree101:i1,s1,
0,ff,test:isAncestor:D16:d6:b2:N4:t0:paligned:tree211:i0,same_predicate_cross_tree_same_role,0.00013783545000478625,1,0.15677452087402344,12,23,,test:isAncestor:D16:d6:b2:N4:t1:paligned:tree101:i1,s1,
0,sa,test:isAncestor:D16:d6:b2:N4:t0:paligned:tree211:i0,same_predicate_cross_tree_same_role,1.9350001821294427e-05,2,-0.09300422668457031,12,23,,test:isAncestor:D16:d6:b2:N4:t1:paligned:tree101:i1,s1,
0,ff,test:isAncestor:D16:d6:b2:N4:t0:paligned:tree211:i0,same_predicate_cross_tree_same_role,8.431543392362073e-07,2,0.005677223205566406,12,23,,test:isAncestor:D16:d6:b2:N4:t1:paligned:tree101:i1,s1,
0,sa,test:isAncestor:D16:d6:b2:N4:t0:paligned:tree211:i0,same_predicate_cross_tree_same_role,3.827956970781088e-05,3,-0.1343402862548828,12,23,,test:isAncestor:D16:d6:b2:N4:t1:paligned:tree101:i1,s1,
0,ff,test:isAncestor:D16:d6:b2:N4:t0:paligned:tree211:i0,same_predicate_cross_tree_same_role,2.17912565858569e-06,3,0.013093948364257812,12,23,,test:isAncestor:D16:d6:b2:N4:t1:paligned:tree101:i1,s1,
0,sa,test:isAncestor:D16:d6:b2:N4:t0:paligned:tree211:i0,same_predicate_cross_tree_same_role,4.030397394672036e-05,4,-0.16044139862060547,12,23,,test:isAncestor:D16:d6:b2:N4:t1:paligned:tree101:i1,s1,
0,ff,test:isAncestor:D16:d6:b2:N4:t0:paligned:tree211:i0,same_predicate_cross_tree_same_role,7.238595571834594e-07,4,0.015666961669921875,12,23,,test:isAncestor:D16:d6:b2:N4:t1:paligned:tree101:i1,s1,
0,sa,test:isAncestor:D16:d6:b2:N4:t0:paligned:tree211:i0,same_predicate_cross_tree_same_role,7.331531378440559e-06,5,-0.062468528747558594,12,23,,test:isAncestor:D16:d6:b2:N4:t1:paligned:tree101:i1,s1,
0,ff,test:isAncestor:D16:d6:b2:N4:t0:paligned:tree211:i0,same_predicate_cross_tree_same_role,3.209170245099813e-07,5,0.010393142700195312,12,23,,test:isAncestor:D16:d6:b2:N4:t1:paligned:tree101:i1,s1,
0,sa,test:isAncestor:D16:d6:b2:N4:t0:paligned:tree211:i0,same_predicate_cross_tree_same_role,2.9617251129820943e-05,6,-0.13785171508789062,12,23,,test:isAncestor:D16:d6:b2:N4:t1:paligned:tree101:i1,s1,
0,ff,test:isAncestor:D16:d6:b2:N4:t0:paligned:tree211:i0,same_predicate_cross_tree_same_role,9.5835275715217e-07,6,0.016519546508789062,12,23,,test:isAncestor:D16:d6:b2:N4:t1:paligned:tree101:i1,s1,
0,sa,test:isAncestor:D16:d6:b2:N4:t0:paligned:tree211:i0,same_predicate_cross_tree_same_role,1.5922763850539923e-05,7,-0.1002340316772461,12,23,,test:isAncestor:D16:d6:b2:N4:t1:paligned:tree101:i1,s1,
0,ff,test:isAncestor:D16:d6:b2:N4:t0:paligned:tree211:i0,same_predicate_cross_tree_same_role,7.084781827870756e-07,7,-0.02117919921875,12,23,,test:isAncestor:D16:d6:b2:N4:t1:paligned:tree101:i1,s1,
0,sa,test:isAncestor:D16:d6:b2:N4:t0:paligned:tree211:i0,same_predicate_cross_tree_same_role,9.908253559842706e-07,8,-0.023931503295898438,12,23,,test:isAncestor:D16:d6:b2:N4:t1:paligned:tree101:i1,s1,
0,ff,test:isAncestor:D16:d6:b2:N4:t0:paligned:tree211:i0,same_predicate_cross_tree_same_role,2.6279667508788407e-07,8,0.005743980407714844,12,23,,test:isAncestor:D16:d6:b2:N4:t1:paligned:tree101:i1,s1,
0,sa,test:isAncestor:D16:d6:b2:N4:t0:paligned:tree211:i0,same_predicate_cross_tree_same_role,1.4187389751896262e-06,9,-0.022622108459472656,12,23,,test:isAncestor:D16:d6:b2:N4:t1:paligned:tree101:i1,s1,
0,ff,test:isAncestor:D16:d6:b2:N4:t0:paligned:tree211:i0,same_predicate_cross_tree_same_role,2.154356479877606e-07,9,-0.00991058349609375,12,23,,test:isAncestor:D16:d6:b2:N4:t1:paligned:tree101:i1,s1,
0,sa,test:isAncestor:D16:d6:b2:N4:t0:paligned:tree211:i0,same_predicate_cross_tree_same_role,1.801519829314202e-06,10,-0.029153823852539062,12,23,,test:isAncestor:D16:d6:b2:N4:t1:paligned:tree101:i1,s1,
0,ff,test:isAncestor:D16:d6:b2:N4:t0:paligned:tree211:i0,same_predicate_cross_tree_same_role,1.5046316548250616e-07,10,-0.009314537048339844,12,23,,test:isAncestor:D16:d6:b2:N4:t1:paligned:tree101:i1,s1,
0,sa,test:isAncestor:D16:d6:b2:N4:t0:paligned:tree211:i0,same_predicate_cross_tree_same_role,1.0816074791364372e-06,11,-0.023334503173828125,12,23,,test:isAncestor:D16:d6:b2:N4:t1:paligned:tree101:i1,s1,
0,ff,test:isAncestor:D16:d6:b2:N4:t0:paligned:tree211:i0,same_predicate_cross_tree_same_role,1.6020385373849422e-07,11,-0.009700775146484375,12,23,,test:isAncestor:D16:d6:b2:N4:t1:paligned:tree101:i1,s1,
,,,,,,,,,parent,,,blocked_by_competence
,,,,,,,,,grandparent,,,blocked_by_competence
,,,,,,,,,ancestor_k,,,blocked_by_competence
,,,,,,,,,root,,,blocked_by_competence
