answer_logprob,answer_token_accuracy,budget_chunks,budget_tokens,budget_violation,complete_evidence,condition,dataset,end_to_end_time_ns,evidence_recall,example_id,identity_id,materialization_time_ns,materialized_kv_bytes,materialized_tokens,peak_device_bytes,pid,selection_time_ns
-8.070228576660156,0.0,2,64,0,0.0,base_topk,hotpotqa,3847278679,0.3333333333333333,hotpotqa-5a7618d85542994ccc9186cf,5a7618d85542994ccc9186cf,1363125523,7340032,64,2833145856,27800,25383
-8.070228576660156,0.0,2,64,0,0.0,budget_tuned_topk,hotpotqa,3847278679,0.3333333333333333,hotpotqa-5a7618d85542994ccc9186cf,5a7618d85542994ccc9186cf,1363125523,7340032,64,2833145856,27800,43956
-8.070228576660156,0.0,2,64,0,0.0,power_sharpen,hotpotqa,3847278679,0.3333333333333333,hotpotqa-5a7618d85542994ccc9186cf,5a7618d85542994ccc9186cf,1363125523,7340032,64,2833145856,27800,54961
-8.070228576660156,0.0,2,64,0,0.0,entropy_adaptive_sharpen,hotpotqa,3847278679,0.3333333333333333,hotpotqa-5a7618d85542994ccc9186cf,5a7618d85542994ccc9186cf,1363125523,7340032,64,2833145856,27800,107617
-8.174799919128418,0.0,2,64,0,0.0,persistence,hotpotqa,2176663663,0.16666666666666666,hotpotqa-5a7618d85542994ccc9186cf,5a7618d85542994ccc9186cf,572099776,7340032,64,2828959744,27800,16842
-7.684457302093506,0.0,2,64,0,0.0,agreement,hotpotqa,2154730367,0.0,hotpotqa-5a7618d85542994ccc9186cf,5a7618d85542994ccc9186cf,551759229,7340032,64,2828959744,27800,67869
-8.070228576660156,0.0,2,64,0,0.0,community,hotpotqa,3847278679,0.3333333333333333,hotpotqa-5a7618d85542994ccc9186cf,5a7618d85542994ccc9186cf,1363125523,7340032,64,2833145856,27800,57235
-2.5222973823547363,0.3333333432674408,2,64,0,0.0,bridge_preserving,hotpotqa,2154385886,0.3333333333333333,hotpotqa-5a7618d85542994ccc9186cf,5a7618d85542994ccc9186cf,553612310,7340032,64,2828959744,27800,57517
-3.5826492309570312,0.3333333432674408,2,64,0,0.0,combined_structural,hotpotqa,2150396782,0.3333333333333333,hotpotqa-5a7618d85542994ccc9186cf,5a7618d85542994ccc9186cf,549082172,7340032,64,2828959744,27800,96380
-8.070228576660156,0.0,2,64,0,0.0,oracle_evidence,hotpotqa,3847278679,0.3333333333333333,hotpotqa-5a7618d85542994ccc9186cf,5a7618d85542994ccc9186cf,1363125523,7340032,64,2833145856,27800,64165
-8.006205558776855,0.0,4,128,0,0.0,base_topk,hotpotqa,3578838781,0.3333333333333333,hotpotqa-5a7618d85542994ccc9186cf,5a7618d85542994ccc9186cf,1757230733,14680064,128,2829070336,27800,23386
-8.006205558776855,0.0,4,128,0,0.0,budget_tuned_topk,hotpotqa,3578838781,0.3333333333333333,hotpotqa-5a7618d85542994ccc9186cf,5a7618d85542994ccc9186cf,1757230733,14680064,128,2829070336,27800,78814
-8.006205558776855,0.0,4,128,0,0.0,power_sharpen,hotpotqa,3578838781,0.3333333333333333,hotpotqa-5a7618d85542994ccc9186cf,5a7618d85542994ccc9186cf,1757230733,14680064,128,2829070336,27800,56271
-8.006205558776855,0.0,4,128,0,0.0,entropy_adaptive_sharpen,hotpotqa,3578838781,0.3333333333333333,hotpotqa-5a7618d85542994ccc9186cf,5a7618d85542994ccc9186cf,1757230733,14680064,128,2829070336,27800,108165
-2.1543495655059814,0.6666666865348816,4,128,0,0.0,persistence,hotpotqa,2632388604,0.5,hotpotqa-5a7618d85542994ccc9186cf,5a7618d85542994ccc9186cf,983012983,14680064,128,2829070336,27800,22040
-7.642029762268066,0.0,4,128,0,0.0,agreement,hotpotqa,2625023209,0.16666666666666666,hotpotqa-5a7618d85542994ccc9186cf,5a7618d85542994ccc9186cf,976653264,14680064,128,2829070336,27800,60541
-8.006205558776855,0.0,4,128,0,0.0,community,hotpotqa,3578838781,0.3333333333333333,hotpotqa-5a7618d85542994ccc9186cf,5a7618d85542994ccc9186cf,1757230733,14680064,128,2829070336,27800,56948
-3.5980587005615234,0.3333333432674408,4,128,0,0.0,bridge_preserving,hotpotqa,2616907512,0.5,hotpotqa-5a7618d85542994ccc9186cf,5a7618d85542994ccc9186cf,968432063,14680064,128,2829070336,27800,44115
-2.8768222332000732,0.6666666865348816,4,128,0,0.0,combined_structural,hotpotqa,2623510190,0.5,hotpotqa-5a7618d85542994ccc9186cf,5a7618d85542994ccc9186cf,976778630,14680064,128,2829070336,27800,127028
-7.851313591003418,0.0,4,128,0,0.0,oracle_evidence,hotpotqa,2631423370,0.6666666666666666,hotpotqa-5a7618d85542994ccc9186cf,5a7618d85542994ccc9186cf,984619419,14680064,128,2829070336,27800,71845
-7.691291809082031,0.0,6,192,0,0.0,base_topk,hotpotqa,4064988195,0.5,hotpotqa-5a7618d85542994ccc9186cf,5a7618d85542994ccc9186cf,2194685590,22020096,192,2829180928,27800,47237
-7.691291809082031,0.0,6,192,0,0.0,budget_tuned_topk,hotpotqa,4064988195,0.5,hotpotqa-5a7618d85542994ccc9186cf,5a7618d85542994ccc9186cf,2194685590,22020096,192,2829180928,27800,52158
-7.691291809082031,0.0,6,192,0,0.0,power_sharpen,hotpotqa,4064988195,0.5,hotpotqa-5a7618d85542994ccc9186cf,5a7618d85542994ccc9186cf,2194685590,22020096,192,2829180928,27800,61684
-7.691291809082031,0.0,6,192,0,0.0,entropy_adaptive_sharpen,hotpotqa,4064988195,0.5,hotpotqa-5a7618d85542994ccc9186cf,5a7618d85542994ccc9186cf,2194685590,22020096,192,2829180928,27800,109555
-1.779767394065857,0.6666666865348816,6,192,0,0.0,persistence,hotpotqa,3014159660,0.5,hotpotqa-5a7618d85542994ccc9186cf,5a7618d85542994ccc9186cf,1320283567,22020096,192,2829180928,27800,24587
-8.038775444030762,0.0,6,192,0,0.0,agreement,hotpotqa,3010561110,0.3333333333333333,hotpotqa-5a7618d85542994ccc9186cf,5a7618d85542994ccc9186cf,1312661619,22020096,192,2829180928,27800,72270
-7.378779411315918,0.0,6,192,0,0.0,community,hotpotqa,3021108431,0.6666666666666666,hotpotqa-5a7618d85542994ccc9186cf,5a7618d85542994ccc9186cf,1323248393,22020096,192,2829180928,27800,56394
-3.340564250946045,0.3333333432674408,6,192,0,0.0,bridge_preserving,hotpotqa,3015995490,0.5,hotpotqa-5a7618d85542994ccc9186cf,5a7618d85542994ccc9186cf,1323175085,22020096,192,2829180928,27800,79120
-1.3645169734954834,0.6666666865348816,6,192,0,0.0,combined_structural,hotpotqa,3015938918,0.6666666666666666,hotpotqa-5a7618d85542994ccc9186cf,5a7618d85542994ccc9186cf,1325414306,22020096,192,2829180928,27800,122933
-2.228034496307373,0.3333333432674408,6,192,0,1.0,oracle_evidence,hotpotqa,3010843313,1.0,hotpotqa-5a7618d85542994ccc9186cf,5a7618d85542994ccc9186cf,1314867629,22020096,192,2829180928,27800,67418
-6.876288414001465,0.0,2,64,0,0.0,base_topk,hotpotqa,1960173121,0.0,hotpotqa-5a8563c05542997b5ce3fff4,5a8563c05542997b5ce3fff4,550841157,7340032,64,2829402112,27800,57496
-6.876288414001465,0.0,2,64,0,0.0,budget_tuned_topk,hotpotqa,1960173121,0.0,hotpotqa-5a8563c05542997b5ce3fff4,5a8563c05542997b5ce3fff4,550841157,7340032,64,2829402112,27800,43511
-6.876288414001465,0.0,2,64,0,0.0,power_sharpen,hotpotqa,1960173121,0.0,hotpotqa-5a8563c05542997b5ce3fff4,5a8563c05542997b5ce3fff4,550841157,7340032,64,2829402112,27800,43957
-6.876288414001465,0.0,2,64,0,0.0,entropy_adaptive_sharpen,hotpotqa,1960173121,0.0,hotpotqa-5a8563c05542997b5ce3fff4,5a8563c05542997b5ce3fff4,550841157,7340032,64,2829402112,27800,86411
-5.36351203918457,0.0,2,64,0,0.0,persistence,hotpotqa,1149274387,0.0,hotpotqa-5a8563c05542997b5ce3fff4,5a8563c05542997b5ce3fff4,573714604,7340032,64,2829410304,27800,17029
-6.425168514251709,0.0,2,64,0,0.0,agreement,hotpotqa,1126596337,0.0,hotpotqa-5a8563c05542997b5ce3fff4,5a8563c05542997b5ce3fff4,553046351,7340032,64,2829410304,27800,58199
-6.876288414001465,0.0,2,64,0,0.0,community,hotpotqa,1960173121,0.0,hotpotqa-5a8563c05542997b5ce3fff4,5a8563c05542997b5ce3fff4,550841157,7340032,64,2829402112,27800,58180
-5.437481880187988,0.0,2,64,0,0.0,bridge_preserving,hotpotqa,1130308083,0.3333333333333333,hotpotqa-5a8563c05542997b5ce3fff4,5a8563c05542997b5ce3fff4,556898369,7340032,64,2829410304,27800,42651
-5.352846622467041,0.0,2,64,0,0.0,combined_structural,hotpotqa,1125683537,0.3333333333333333,hotpotqa-5a8563c05542997b5ce3fff4,5a8563c05542997b5ce3fff4,551427046,7340032,64,2829410304,27800,100936
-4.300366401672363,0.0,2,64,0,0.0,oracle_evidence,hotpotqa,1125217732,0.6666666666666666,hotpotqa-5a8563c05542997b5ce3fff4,5a8563c05542997b5ce3fff4,551304219,7340032,64,2829410304,27800,79430
-5.998233795166016,0.0,4,128,0,0.0,base_topk,hotpotqa,1766421561,0.0,hotpotqa-5a8563c05542997b5ce3fff4,5a8563c05542997b5ce3fff4,975137473,14680064,128,2829426688,27800,44741
-5.998233795166016,0.0,4,128,0,0.0,budget_tuned_topk,hotpotqa,1766421561,0.0,hotpotqa-5a8563c05542997b5ce3fff4,5a8563c05542997b5ce3fff4,975137473,14680064,128,2829426688,27800,67190
-5.998233795166016,0.0,4,128,0,0.0,power_sharpen,hotpotqa,1766421561,0.0,hotpotqa-5a8563c05542997b5ce3fff4,5a8563c05542997b5ce3fff4,975137473,14680064,128,2829426688,27800,73906
-5.998233795166016,0.0,4,128,0,0.0,entropy_adaptive_sharpen,hotpotqa,1766421561,0.0,hotpotqa-5a8563c05542997b5ce3fff4,5a8563c05542997b5ce3fff4,975137473,14680064,128,2829426688,27800,137484
-5.177459716796875,0.0,4,128,0,0.0,persistence,hotpotqa,1614674926,0.0,hotpotqa-5a8563c05542997b5ce3fff4,5a8563c05542997b5ce3fff4,988303935,14680064,128,2829426688,27800,29998
-5.493420124053955,0.0,4,128,0,0.0,agreement,hotpotqa,1608977520,0.0,hotpotqa-5a8563c05542997b5ce3fff4,5a8563c05542997b5ce3fff4,984136728,14680064,128,2829426688,27800,55648
-5.794823169708252,0.0,4,128,0,0.0,community,hotpotqa,1601638304,0.0,hotpotqa-5a8563c05542997b5ce3fff4,5a8563c05542997b5ce3fff4,977372533,14680064,128,2829426688,27800,68072
-5.203052043914795,0.0,4,128,0,0.0,bridge_preserving,hotpotqa,1616640119,0.3333333333333333,hotpotqa-5a8563c05542997b5ce3fff4,5a8563c05542997b5ce3fff4,987985108,14680064,128,2829426688,27800,80307
-5.64686918258667,0.0,4,128,0,0.0,combined_structural,hotpotqa,1599566274,0.3333333333333333,hotpotqa-5a8563c05542997b5ce3fff4,5a8563c05542997b5ce3fff4,972736667,14680064,128,2829426688,27800,130881
-4.736037731170654,0.0,4,128,0,1.0,oracle_evidence,hotpotqa,1600226112,1.0,hotpotqa-5a8563c05542997b5ce3fff4,5a8563c05542997b5ce3fff4,974960633,14680064,128,2829426688,27800,67592
-5.570742607116699,0.0,6,192,0,0.0,base_topk,hotpotqa,2159011767,0.3333333333333333,hotpotqa-5a8563c05542997b5ce3fff4,5a8563c05542997b5ce3fff4,1320063581,22020096,192,2829443072,27800,53213
-5.570742607116699,0.0,6,192,0,0.0,budget_tuned_topk,hotpotqa,2159011767,0.3333333333333333,hotpotqa-5a8563c05542997b5ce3fff4,5a8563c05542997b5ce3fff4,1320063581,22020096,192,2829443072,27800,66212
-5.570742607116699,0.0,6,192,0,0.0,power_sharpen,hotpotqa,2159011767,0.3333333333333333,hotpotqa-5a8563c05542997b5ce3fff4,5a8563c05542997b5ce3fff4,1320063581,22020096,192,2829443072,27800,74869
-5.570742607116699,0.0,6,192,0,0.0,entropy_adaptive_sharpen,hotpotqa,2159011767,0.3333333333333333,hotpotqa-5a8563c05542997b5ce3fff4,5a8563c05542997b5ce3fff4,1320063581,22020096,192,2829443072,27800,139102
-5.7389936447143555,0.0,6,192,0,0.0,persistence,hotpotqa,2006297744,0.0,hotpotqa-5a8563c05542997b5ce3fff4,5a8563c05542997b5ce3fff4,1326916883,22020096,192,2829443072,27800,31916
-5.601426601409912,0.0,6,192,0,0.0,agreement,hotpotqa,2003152600,0.0,hotpotqa-5a8563c05542997b5ce3fff4,5a8563c05542997b5ce3fff4,1326535008,22020096,192,2829443072,27800,61843
-5.570742607116699,0.0,6,192,0,0.0,community,hotpotqa,2159011767,0.3333333333333333,hotpotqa-5a8563c05542997b5ce3fff4,5a8563c05542997b5ce3fff4,1320063581,22020096,192,2829443072,27800,56799
-4.687619209289551,0.0,6,192,0,0.0,bridge_preserving,hotpotqa,2000385545,0.6666666666666666,hotpotqa-5a8563c05542997b5ce3fff4,5a8563c05542997b5ce3fff4,1322279151,22020096,192,2829443072,27800,45713
-6.020359039306641,0.0,6,192,0,0.0,combined_structural,hotpotqa,2004071585,0.3333333333333333,hotpotqa-5a8563c05542997b5ce3fff4,5a8563c05542997b5ce3fff4,1324680977,22020096,192,2829443072,27800,122985
-4.7506256103515625,0.0,6,192,0,1.0,oracle_evidence,hotpotqa,2000803507,1.0,hotpotqa-5a8563c05542997b5ce3fff4,5a8563c05542997b5ce3fff4,1325614506,22020096,192,2829443072,27800,80822
-2.9363651275634766,0.6666666865348816,2,64,0,0.0,base_topk,hotpotqa,1144919016,0.3333333333333333,hotpotqa-5a87e3d65542993e715abff8,5a87e3d65542993e715abff8,566854618,7340032,64,2829443072,27800,78037
-2.9363651275634766,0.6666666865348816,2,64,0,0.0,budget_tuned_topk,hotpotqa,1144919016,0.3333333333333333,hotpotqa-5a87e3d65542993e715abff8,5a87e3d65542993e715abff8,566854618,7340032,64,2829443072,27800,43536
-2.9363651275634766,0.6666666865348816,2,64,0,0.0,power_sharpen,hotpotqa,1144919016,0.3333333333333333,hotpotqa-5a87e3d65542993e715abff8,5a87e3d65542993e715abff8,566854618,7340032,64,2829443072,27800,45328
-2.9363651275634766,0.6666666865348816,2,64,0,0.0,entropy_adaptive_sharpen,hotpotqa,1144919016,0.3333333333333333,hotpotqa-5a87e3d65542993e715abff8,5a87e3d65542993e715abff8,566854618,7340032,64,2829443072,27800,85044
-3.703211545944214,0.6666666865348816,2,64,0,0.0,persistence,hotpotqa,1125834377,0.0,hotpotqa-5a87e3d65542993e715abff8,5a87e3d65542993e715abff8,549344448,7340032,64,2829443072,27800,16618
-3.65622615814209,0.6666666865348816,2,64,0,0.0,agreement,hotpotqa,1129021312,0.3333333333333333,hotpotqa-5a87e3d65542993e715abff8,5a87e3d65542993e715abff8,554159907,7340032,64,2829443072,27800,61972
-2.9363651275634766,0.6666666865348816,2,64,0,0.0,community,hotpotqa,1144919016,0.3333333333333333,hotpotqa-5a87e3d65542993e715abff8,5a87e3d65542993e715abff8,566854618,7340032,64,2829443072,27800,70133
-2.21785831451416,0.6666666865348816,2,64,0,0.0,bridge_preserving,hotpotqa,1124299152,0.6666666666666666,hotpotqa-5a87e3d65542993e715abff8,5a87e3d65542993e715abff8,552280766,7340032,64,2829443072,27800,55768
-3.703211545944214,0.6666666865348816,2,64,0,0.0,combined_structural,hotpotqa,1125834377,0.0,hotpotqa-5a87e3d65542993e715abff8,5a87e3d65542993e715abff8,549344448,7340032,64,2829443072,27800,100914
-2.21785831451416,0.6666666865348816,2,64,0,0.0,oracle_evidence,hotpotqa,1124299152,0.6666666666666666,hotpotqa-5a87e3d65542993e715abff8,5a87e3d65542993e715abff8,552280766,7340032,64,2829443072,27800,33509
-2.8704476356506348,0.6666666865348816,4,128,0,0.0,base_topk,hotpotqa,1609890499,0.6666666666666666,hotpotqa-5a87e3d65542993e715abff8,5a87e3d65542993e715abff8,982373777,14680064,128,2829443072,27800,20103
-2.8704476356506348,0.6666666865348816,4,128,0,0.0,budget_tuned_topk,hotpotqa,1609890499,0.6666666666666666,hotpotqa-5a87e3d65542993e715abff8,5a87e3d65542993e715abff8,982373777,14680064,128,2829443072,27800,65125
-2.8704476356506348,0.6666666865348816,4,128,0,0.0,power_sharpen,hotpotqa,1609890499,0.6666666666666666,hotpotqa-5a87e3d65542993e715abff8,5a87e3d65542993e715abff8,982373777,14680064,128,2829443072,27800,70477
-2.8704476356506348,0.6666666865348816,4,128,0,0.0,entropy_adaptive_sharpen,hotpotqa,1609890499,0.6666666666666666,hotpotqa-5a87e3d65542993e715abff8,5a87e3d65542993e715abff8,982373777,14680064,128,2829443072,27800,133594
-3.5189108848571777,0.6666666865348816,4,128,0,0.0,persistence,hotpotqa,1610034650,0.3333333333333333,hotpotqa-5a87e3d65542993e715abff8,5a87e3d65542993e715abff8,981393725,14680064,128,2829443072,27800,22771
-3.3786511421203613,0.6666666865348816,4,128,0,0.0,agreement,hotpotqa,1599489660,0.3333333333333333,hotpotqa-5a87e3d65542993e715abff8,5a87e3d65542993e715abff8,973539334,14680064,128,2829443072,27800,57250
-3.3786511421203613,0.6666666865348816,4,128,0,0.0,community,hotpotqa,1599489660,0.3333333333333333,hotpotqa-5a87e3d65542993e715abff8,5a87e3d65542993e715abff8,973539334,14680064,128,2829443072,27800,58465
-2.8704476356506348,0.6666666865348816,4,128,0,0.0,bridge_preserving,hotpotqa,1609890499,0.6666666666666666,hotpotqa-5a87e3d65542993e715abff8,5a87e3d65542993e715abff8,982373777,14680064,128,2829443072,27800,43360
-3.5189108848571777,0.6666666865348816,4,128,0,0.0,combined_structural,hotpotqa,1610034650,0.3333333333333333,hotpotqa-5a87e3d65542993e715abff8,5a87e3d65542993e715abff8,981393725,14680064,128,2829443072,27800,67589
-0.14654800295829773,1.0,4,128,0,1.0,oracle_evidence,hotpotqa,1609356611,1.0,hotpotqa-5a87e3d65542993e715abff8,5a87e3d65542993e715abff8,981552586,14680064,128,2829443072,27800,29252
-0.1728154867887497,1.0,6,192,0,1.0,base_topk,hotpotqa,1994276891,1.0,hotpotqa-5a87e3d65542993e715abff8,5a87e3d65542993e715abff8,1316743763,22020096,192,2829443072,27800,46349
-0.1728154867887497,1.0,6,192,0,1.0,budget_tuned_topk,hotpotqa,1994276891,1.0,hotpotqa-5a87e3d65542993e715abff8,5a87e3d65542993e715abff8,1316743763,22020096,192,2829443072,27800,66342
-0.1728154867887497,1.0,6,192,0,1.0,power_sharpen,hotpotqa,1994276891,1.0,hotpotqa-5a87e3d65542993e715abff8,5a87e3d65542993e715abff8,1316743763,22020096,192,2829443072,27800,56894
-0.1728154867887497,1.0,6,192,0,1.0,entropy_adaptive_sharpen,hotpotqa,1994276891,1.0,hotpotqa-5a87e3d65542993e715abff8,5a87e3d65542993e715abff8,1316743763,22020096,192,2829443072,27800,106537
-3.543766498565674,0.6666666865348816,6,192,0,0.0,persistence,hotpotqa,2004081785,0.3333333333333333,hotpotqa-5a87e3d65542993e715abff8,5a87e3d65542993e715abff8,1324080732,22020096,192,2829443072,27800,22293
-2.7875728607177734,0.6666666865348816,6,192,0,0.0,agreement,hotpotqa,1996097471,0.6666666666666666,hotpotqa-5a87e3d65542993e715abff8,5a87e3d65542993e715abff8,1318103485,22020096,192,2829443072,27800,56309
-3.6007227897644043,0.6666666865348816,6,192,0,0.0,community,hotpotqa,2002191573,0.3333333333333333,hotpotqa-5a87e3d65542993e715abff8,5a87e3d65542993e715abff8,1329552519,22020096,192,2829443072,27800,63656
-0.1728154867887497,1.0,6,192,0,1.0,bridge_preserving,hotpotqa,1994276891,1.0,hotpotqa-5a87e3d65542993e715abff8,5a87e3d65542993e715abff8,1316743763,22020096,192,2829443072,27800,79842
-3.543766498565674,0.6666666865348816,6,192,0,0.0,combined_structural,hotpotqa,2004081785,0.3333333333333333,hotpotqa-5a87e3d65542993e715abff8,5a87e3d65542993e715abff8,1324080732,22020096,192,2829443072,27800,70065
-0.1728154867887497,1.0,6,192,0,1.0,oracle_evidence,hotpotqa,1994276891,1.0,hotpotqa-5a87e3d65542993e715abff8,5a87e3d65542993e715abff8,1316743763,22020096,192,2829443072,27800,32278
-3.539170265197754,0.5,2,64,0,0.0,base_topk,hotpotqa,2689300690,0.4,hotpotqa-5a88fa9e5542993b751ca8de,5a88fa9e5542993b751ca8de,552428034,7340032,64,2829557760,27800,19648
-3.539170265197754,0.5,2,64,0,0.0,budget_tuned_topk,hotpotqa,2689300690,0.4,hotpotqa-5a88fa9e5542993b751ca8de,5a88fa9e5542993b751ca8de,552428034,7340032,64,2829557760,27800,40126
-3.539170265197754,0.5,2,64,0,0.0,power_sharpen,hotpotqa,2689300690,0.4,hotpotqa-5a88fa9e5542993b751ca8de,5a88fa9e5542993b751ca8de,552428034,7340032,64,2829557760,27800,39321
-3.539170265197754,0.5,2,64,0,0.0,entropy_adaptive_sharpen,hotpotqa,2689300690,0.4,hotpotqa-5a88fa9e5542993b751ca8de,5a88fa9e5542993b751ca8de,552428034,7340032,64,2829557760,27800,73949
-6.718644142150879,0.0,2,64,0,0.0,persistence,hotpotqa,1607635077,0.0,hotpotqa-5a88fa9e5542993b751ca8de,5a88fa9e5542993b751ca8de,569744084,7340032,64,2829565952,27800,14778
-3.539170265197754,0.5,2,64,0,0.0,agreement,hotpotqa,2689300690,0.4,hotpotqa-5a88fa9e5542993b751ca8de,5a88fa9e5542993b751ca8de,552428034,7340032,64,2829557760,27800,57066
-3.8708910942077637,0.5,2,64,0,0.0,community,hotpotqa,1585261468,0.2,hotpotqa-5a88fa9e5542993b751ca8de,5a88fa9e5542993b751ca8de,547224866,7340032,64,2829565952,27800,24968
-3.6550683975219727,0.0,2,64,0,0.0,bridge_preserving,hotpotqa,1587196186,0.4,hotpotqa-5a88fa9e5542993b751ca8de,5a88fa9e5542993b751ca8de,551094208,7340032,64,2829565952,27800,75337
-6.718644142150879,0.0,2,64,0,0.0,combined_structural,hotpotqa,1607635077,0.0,hotpotqa-5a88fa9e5542993b751ca8de,5a88fa9e5542993b751ca8de,569744084,7340032,64,2829565952,27800,99285
-3.539170265197754,0.5,2,64,0,0.0,oracle_evidence,hotpotqa,2689300690,0.4,hotpotqa-5a88fa9e5542993b751ca8de,5a88fa9e5542993b751ca8de,552428034,7340032,64,2829557760,27800,35251
-3.7025599479675293,0.0,4,128,0,0.0,base_topk,hotpotqa,2400402276,0.4,hotpotqa-5a88fa9e5542993b751ca8de,5a88fa9e5542993b751ca8de,981458585,14680064,128,2829582336,27800,20153
-3.7025599479675293,0.0,4,128,0,0.0,budget_tuned_topk,hotpotqa,2400402276,0.4,hotpotqa-5a88fa9e5542993b751ca8de,5a88fa9e5542993b751ca8de,981458585,14680064,128,2829582336,27800,65993
-3.7025599479675293,0.0,4,128,0,0.0,power_sharpen,hotpotqa,2400402276,0.4,hotpotqa-5a88fa9e5542993b751ca8de,5a88fa9e5542993b751ca8de,981458585,14680064,128,2829582336,27800,102454
-3.7025599479675293,0.0,4,128,0,0.0,entropy_adaptive_sharpen,hotpotqa,2400402276,0.4,hotpotqa-5a88fa9e5542993b751ca8de,5a88fa9e5542993b751ca8de,981458585,14680064,128,2829582336,27800,114074
-3.867887020111084,0.5,4,128,0,0.0,persistence,hotpotqa,2107335007,0.4,hotpotqa-5a88fa9e5542993b751ca8de,5a88fa9e5542993b751ca8de,975066270,14680064,128,2829582336,27800,20894
-3.7025599479675293,0.0,4,128,0,0.0,agreement,hotpotqa,2400402276,0.4,hotpotqa-5a88fa9e5542993b751ca8de,5a88fa9e5542993b751ca8de,981458585,14680064,128,2829582336,27800,70777
-3.7025599479675293,0.0,4,128,0,0.0,community,hotpotqa,2400402276,0.4,hotpotqa-5a88fa9e5542993b751ca8de,5a88fa9e5542993b751ca8de,981458585,14680064,128,2829582336,27800,21427
-4.132386207580566,0.0,4,128,0,0.0,bridge_preserving,hotpotqa,2116386237,0.6,hotpotqa-5a88fa9e5542993b751ca8de,5a88fa9e5542993b751ca8de,983346755,14680064,128,2829582336,27800,35415
-5.58197021484375,0.0,4,128,0,0.0,combined_structural,hotpotqa,2110172039,0.4,hotpotqa-5a88fa9e5542993b751ca8de,5a88fa9e5542993b751ca8de,974697147,14680064,128,2829582336,27800,122089
-2.709028959274292,0.5,4,128,0,0.0,oracle_evidence,hotpotqa,2118815777,0.8,hotpotqa-5a88fa9e5542993b751ca8de,5a88fa9e5542993b751ca8de,986291068,14680064,128,2829582336,27800,79765
-2.853623867034912,0.5,6,192,0,0.0,base_topk,hotpotqa,2830643972,0.6,hotpotqa-5a88fa9e5542993b751ca8de,5a88fa9e5542993b751ca8de,1327723596,22020096,192,2829598720,27800,54129
-2.853623867034912,0.5,6,192,0,0.0,budget_tuned_topk,hotpotqa,2830643972,0.6,hotpotqa-5a88fa9e5542993b751ca8de,5a88fa9e5542993b751ca8de,1327723596,22020096,192,2829598720,27800,60856
-2.853623867034912,0.5,6,192,0,0.0,power_sharpen,hotpotqa,2830643972,0.6,hotpotqa-5a88fa9e5542993b751ca8de,5a88fa9e5542993b751ca8de,1327723596,22020096,192,2829598720,27800,56503
-2.853623867034912,0.5,6,192,0,0.0,entropy_adaptive_sharpen,hotpotqa,2830643972,0.6,hotpotqa-5a88fa9e5542993b751ca8de,5a88fa9e5542993b751ca8de,1327723596,22020096,192,2829598720,27800,97844
-3.5200421810150146,0.0,6,192,0,0.0,persistence,hotpotqa,2550516968,0.8,hotpotqa-5a88fa9e5542993b751ca8de,5a88fa9e5542993b751ca8de,1318020056,22020096,192,2829598720,27800,19258
-3.0390119552612305,0.5,6,192,0,0.0,agreement,hotpotqa,2563845888,0.4,hotpotqa-5a88fa9e5542993b751ca8de,5a88fa9e5542993b751ca8de,1332035678,22020096,192,2829598720,27800,57974
-2.9704458713531494,0.5,6,192,0,0.0,community,hotpotqa,2547012613,0.6,hotpotqa-5a88fa9e5542993b751ca8de,5a88fa9e5542993b751ca8de,1317892003,22020096,192,2829598720,27800,51383
-3.167482376098633,0.0,6,192,0,0.0,bridge_preserving,hotpotqa,2551537404,0.8,hotpotqa-5a88fa9e5542993b751ca8de,5a88fa9e5542993b751ca8de,1319071702,22020096,192,2829598720,27800,78576
-3.5200421810150146,0.0,6,192,0,0.0,combined_structural,hotpotqa,2550516968,0.8,hotpotqa-5a88fa9e5542993b751ca8de,5a88fa9e5542993b751ca8de,1318020056,22020096,192,2829598720,27800,97933
-4.137681007385254,0.0,6,192,0,1.0,oracle_evidence,hotpotqa,2559792095,1.0,hotpotqa-5a88fa9e5542993b751ca8de,5a88fa9e5542993b751ca8de,1327898478,22020096,192,2829598720,27800,35830
-7.712893009185791,0.0,2,64,0,0.0,base_topk,hotpotqa,3723873826,0.0,hotpotqa-5a8c4ebf554299585d9e365d,5a8c4ebf554299585d9e365d,550623924,7340032,64,2829697024,27800,67285
-7.712893009185791,0.0,2,64,0,0.0,budget_tuned_topk,hotpotqa,3723873826,0.0,hotpotqa-5a8c4ebf554299585d9e365d,5a8c4ebf554299585d9e365d,550623924,7340032,64,2829697024,27800,65686
-7.712893009185791,0.0,2,64,0,0.0,power_sharpen,hotpotqa,3723873826,0.0,hotpotqa-5a8c4ebf554299585d9e365d,5a8c4ebf554299585d9e365d,550623924,7340032,64,2829697024,27800,70397
-7.712893009185791,0.0,2,64,0,0.0,entropy_adaptive_sharpen,hotpotqa,3723873826,0.0,hotpotqa-5a8c4ebf554299585d9e365d,5a8c4ebf554299585d9e365d,550623924,7340032,64,2829697024,27800,139352
-7.822153568267822,0.0,2,64,0,0.0,persistence,hotpotqa,2530131593,0.0,hotpotqa-5a8c4ebf554299585d9e365d,5a8c4ebf554299585d9e365d,556204897,7340032,64,2829697024,27800,27722
-7.712893009185791,0.0,2,64,0,0.0,agreement,hotpotqa,3723873826,0.0,hotpotqa-5a8c4ebf554299585d9e365d,5a8c4ebf554299585d9e365d,550623924,7340032,64,2829697024,27800,55522
-7.712893009185791,0.0,2,64,0,0.0,community,hotpotqa,3723873826,0.0,hotpotqa-5a8c4ebf554299585d9e365d,5a8c4ebf554299585d9e365d,550623924,7340032,64,2829697024,27800,25040
-8.610157012939453,0.0,2,64,0,0.0,bridge_preserving,hotpotqa,2528460189,0.16666666666666666,hotpotqa-5a8c4ebf554299585d9e365d,5a8c4ebf554299585d9e365d,553353001,7340032,64,2829697024,27800,46129
-7.634704113006592,0.0,2,64,0,0.0,combined_structural,hotpotqa,2532378625,0.0,hotpotqa-5a8c4ebf554299585d9e365d,5a8c4ebf554299585d9e365d,553404447,7340032,64,2829697024,27800,182231
-5.6774373054504395,0.0,2,64,0,0.0,oracle_evidence,hotpotqa,2530138786,0.3333333333333333,hotpotqa-5a8c4ebf554299585d9e365d,5a8c4ebf554299585d9e365d,556272517,7340032,64,2829697024,27800,78376
-6.915226936340332,0.0,4,128,0,0.0,base_topk,hotpotqa,3427272254,0.16666666666666666,hotpotqa-5a8c4ebf554299585d9e365d,5a8c4ebf554299585d9e365d,1023734087,14680064,128,2829713408,27800,66959
-6.915226936340332,0.0,4,128,0,0.0,budget_tuned_topk,hotpotqa,3427272254,0.16666666666666666,hotpotqa-5a8c4ebf554299585d9e365d,5a8c4ebf554299585d9e365d,1023734087,14680064,128,2829713408,27800,69330
-6.915226936340332,0.0,4,128,0,0.0,power_sharpen,hotpotqa,3427272254,0.16666666666666666,hotpotqa-5a8c4ebf554299585d9e365d,5a8c4ebf554299585d9e365d,1023734087,14680064,128,2829713408,27800,66962
-6.915226936340332,0.0,4,128,0,0.0,entropy_adaptive_sharpen,hotpotqa,3427272254,0.16666666666666666,hotpotqa-5a8c4ebf554299585d9e365d,5a8c4ebf554299585d9e365d,1023734087,14680064,128,2829713408,27800,145478
-6.915226936340332,0.0,4,128,0,0.0,persistence,hotpotqa,3427272254,0.16666666666666666,hotpotqa-5a8c4ebf554299585d9e365d,5a8c4ebf554299585d9e365d,1023734087,14680064,128,2829713408,27800,30157
-4.955530166625977,0.0,4,128,0,0.0,agreement,hotpotqa,3083123335,0.16666666666666666,hotpotqa-5a8c4ebf554299585d9e365d,5a8c4ebf554299585d9e365d,973703632,14680064,128,2829713408,27800,22754
-6.915226936340332,0.0,4,128,0,0.0,community,hotpotqa,3427272254,0.16666666666666666,hotpotqa-5a8c4ebf554299585d9e365d,5a8c4ebf554299585d9e365d,1023734087,14680064,128,2829713408,27800,55403
-6.828074932098389,0.0,4,128,0,0.0,bridge_preserving,hotpotqa,3088841032,0.3333333333333333,hotpotqa-5a8c4ebf554299585d9e365d,5a8c4ebf554299585d9e365d,981983554,14680064,128,2829713408,27800,44753
-7.903524398803711,0.0,4,128,0,0.0,combined_structural,hotpotqa,3078767563,0.16666666666666666,hotpotqa-5a8c4ebf554299585d9e365d,5a8c4ebf554299585d9e365d,979399260,14680064,128,2829713408,27800,102679
-2.6709060668945312,0.0,4,128,0,0.0,oracle_evidence,hotpotqa,3086899248,0.6666666666666666,hotpotqa-5a8c4ebf554299585d9e365d,5a8c4ebf554299585d9e365d,983165348,14680064,128,2829713408,27800,57999
-8.510176658630371,0.0,6,192,0,0.0,base_topk,hotpotqa,3784468104,0.3333333333333333,hotpotqa-5a8c4ebf554299585d9e365d,5a8c4ebf554299585d9e365d,1316512561,22020096,192,2829729792,27800,64911
-8.510176658630371,0.0,6,192,0,0.0,budget_tuned_topk,hotpotqa,3784468104,0.3333333333333333,hotpotqa-5a8c4ebf554299585d9e365d,5a8c4ebf554299585d9e365d,1316512561,22020096,192,2829729792,27800,65340
-8.510176658630371,0.0,6,192,0,0.0,power_sharpen,hotpotqa,3784468104,0.3333333333333333,hotpotqa-5a8c4ebf554299585d9e365d,5a8c4ebf554299585d9e365d,1316512561,22020096,192,2829729792,27800,74428
-8.510176658630371,0.0,6,192,0,0.0,entropy_adaptive_sharpen,hotpotqa,3784468104,0.3333333333333333,hotpotqa-5a8c4ebf554299585d9e365d,5a8c4ebf554299585d9e365d,1316512561,22020096,192,2829729792,27800,137845
-8.510176658630371,0.0,6,192,0,0.0,persistence,hotpotqa,3784468104,0.3333333333333333,hotpotqa-5a8c4ebf554299585d9e365d,5a8c4ebf554299585d9e365d,1316512561,22020096,192,2829729792,27800,30552
-5.657974720001221,0.0,6,192,0,0.0,agreement,hotpotqa,3551467681,0.5,hotpotqa-5a8c4ebf554299585d9e365d,5a8c4ebf554299585d9e365d,1325474299,22020096,192,2829729792,27800,27276
-8.510176658630371,0.0,6,192,0,0.0,community,hotpotqa,3784468104,0.3333333333333333,hotpotqa-5a8c4ebf554299585d9e365d,5a8c4ebf554299585d9e365d,1316512561,22020096,192,2829729792,27800,55723
-7.416382312774658,0.0,6,192,0,0.0,bridge_preserving,hotpotqa,3553094130,0.5,hotpotqa-5a8c4ebf554299585d9e365d,5a8c4ebf554299585d9e365d,1332465277,22020096,192,2829729792,27800,45345
-9.464315414428711,0.0,6,192,0,0.0,combined_structural,hotpotqa,3559094946,0.16666666666666666,hotpotqa-5a8c4ebf554299585d9e365d,5a8c4ebf554299585d9e365d,1323310175,22020096,192,2829729792,27800,84576
-4.238861560821533,0.0,6,192,0,1.0,oracle_evidence,hotpotqa,3547168658,1.0,hotpotqa-5a8c4ebf554299585d9e365d,5a8c4ebf554299585d9e365d,1319379816,22020096,192,2829729792,27800,69812
-8.385127067565918,0.0,2,64,0,0.0,base_topk,hotpotqa,3111554265,0.1111111111111111,hotpotqa-5ab9374b554299131ca422c6,5ab9374b554299131ca422c6,551863583,7340032,64,2829828096,27800,51776
-8.385127067565918,0.0,2,64,0,0.0,budget_tuned_topk,hotpotqa,3111554265,0.1111111111111111,hotpotqa-5ab9374b554299131ca422c6,5ab9374b554299131ca422c6,551863583,7340032,64,2829828096,27800,53003
-8.385127067565918,0.0,2,64,0,0.0,power_sharpen,hotpotqa,3111554265,0.1111111111111111,hotpotqa-5ab9374b554299131ca422c6,5ab9374b554299131ca422c6,551863583,7340032,64,2829828096,27800,58894
-8.385127067565918,0.0,2,64,0,0.0,entropy_adaptive_sharpen,hotpotqa,3111554265,0.1111111111111111,hotpotqa-5ab9374b554299131ca422c6,5ab9374b554299131ca422c6,551863583,7340032,64,2829828096,27800,109658
-2.4255237579345703,0.3333333432674408,2,64,0,0.0,persistence,hotpotqa,1872692413,0.2222222222222222,hotpotqa-5ab9374b554299131ca422c6,5ab9374b554299131ca422c6,553129437,7340032,64,2829828096,27800,22438
-7.310706615447998,0.0,2,64,0,0.0,agreement,hotpotqa,1875277124,0.2222222222222222,hotpotqa-5ab9374b554299131ca422c6,5ab9374b554299131ca422c6,551834906,7340032,64,2829828096,27800,56071
-8.385127067565918,0.0,2,64,0,0.0,community,hotpotqa,3111554265,0.1111111111111111,hotpotqa-5ab9374b554299131ca422c6,5ab9374b554299131ca422c6,551863583,7340032,64,2829828096,27800,72924
-3.8995280265808105,0.3333333432674408,2,64,0,0.0,bridge_preserving,hotpotqa,1872844530,0.2222222222222222,hotpotqa-5ab9374b554299131ca422c6,5ab9374b554299131ca422c6,551153640,7340032,64,2829828096,27800,56104
-2.4255237579345703,0.3333333432674408,2,64,0,0.0,combined_structural,hotpotqa,1872692413,0.2222222222222222,hotpotqa-5ab9374b554299131ca422c6,5ab9374b554299131ca422c6,553129437,7340032,64,2829828096,27800,100445
-7.478169918060303,0.0,2,64,0,0.0,oracle_evidence,hotpotqa,1870217355,0.2222222222222222,hotpotqa-5ab9374b554299131ca422c6,5ab9374b554299131ca422c6,550943339,7340032,64,2829828096,27800,33791
-4.012478828430176,0.3333333432674408,4,128,0,0.0,base_topk,hotpotqa,2672571232,0.3333333333333333,hotpotqa-5ab9374b554299131ca422c6,5ab9374b554299131ca422c6,983082502,14680064,128,2829844480,27800,45905
-4.012478828430176,0.3333333432674408,4,128,0,0.0,budget_tuned_topk,hotpotqa,2672571232,0.3333333333333333,hotpotqa-5ab9374b554299131ca422c6,5ab9374b554299131ca422c6,983082502,14680064,128,2829844480,27800,51096
-4.012478828430176,0.3333333432674408,4,128,0,0.0,power_sharpen,hotpotqa,2672571232,0.3333333333333333,hotpotqa-5ab9374b554299131ca422c6,5ab9374b554299131ca422c6,983082502,14680064,128,2829844480,27800,57131
-4.012478828430176,0.3333333432674408,4,128,0,0.0,entropy_adaptive_sharpen,hotpotqa,2672571232,0.3333333333333333,hotpotqa-5ab9374b554299131ca422c6,5ab9374b554299131ca422c6,983082502,14680064,128,2829844480,27800,107546
-1.6841473579406738,0.6666666865348816,4,128,0,0.0,persistence,hotpotqa,2415410544,0.3333333333333333,hotpotqa-5ab9374b554299131ca422c6,5ab9374b554299131ca422c6,981882813,14680064,128,2829844480,27800,22581
-7.955371856689453,0.0,4,128,0,0.0,agreement,hotpotqa,2412693701,0.3333333333333333,hotpotqa-5ab9374b554299131ca422c6,5ab9374b554299131ca422c6,978987733,14680064,128,2829844480,27800,71382
-7.955371856689453,0.0,4,128,0,0.0,community,hotpotqa,2412693701,0.3333333333333333,hotpotqa-5ab9374b554299131ca422c6,5ab9374b554299131ca422c6,978987733,14680064,128,2829844480,27800,58507
-4.012478828430176,0.3333333432674408,4,128,0,0.0,bridge_preserving,hotpotqa,2672571232,0.3333333333333333,hotpotqa-5ab9374b554299131ca422c6,5ab9374b554299131ca422c6,983082502,14680064,128,2829844480,27800,45294
-1.5360350608825684,0.6666666865348816,4,128,0,0.0,combined_structural,hotpotqa,2418435310,0.4444444444444444,hotpotqa-5ab9374b554299131ca422c6,5ab9374b554299131ca422c6,987465017,14680064,128,2829844480,27800,68255
-2.5685842037200928,0.3333333432674408,4,128,0,0.0,oracle_evidence,hotpotqa,2413096632,0.4444444444444444,hotpotqa-5ab9374b554299131ca422c6,5ab9374b554299131ca422c6,980238253,14680064,128,2829844480,27800,63609
-4.1470046043396,0.3333333432674408,6,192,0,0.0,base_topk,hotpotqa,3124552691,0.4444444444444444,hotpotqa-5ab9374b554299131ca422c6,5ab9374b554299131ca422c6,1319618471,22020096,192,2829860864,27800,55684
-4.1470046043396,0.3333333432674408,6,192,0,0.0,budget_tuned_topk,hotpotqa,3124552691,0.4444444444444444,hotpotqa-5ab9374b554299131ca422c6,5ab9374b554299131ca422c6,1319618471,22020096,192,2829860864,27800,58432
-4.1470046043396,0.3333333432674408,6,192,0,0.0,power_sharpen,hotpotqa,3124552691,0.4444444444444444,hotpotqa-5ab9374b554299131ca422c6,5ab9374b554299131ca422c6,1319618471,22020096,192,2829860864,27800,59847
-4.1470046043396,0.3333333432674408,6,192,0,0.0,entropy_adaptive_sharpen,hotpotqa,3124552691,0.4444444444444444,hotpotqa-5ab9374b554299131ca422c6,5ab9374b554299131ca422c6,1319618471,22020096,192,2829860864,27800,115682
-2.1580686569213867,0.6666666865348816,6,192,0,0.0,persistence,hotpotqa,2871022119,0.4444444444444444,hotpotqa-5ab9374b554299131ca422c6,5ab9374b554299131ca422c6,1323721887,22020096,192,2829860864,27800,24352
-2.5881810188293457,0.6666666865348816,6,192,0,0.0,agreement,hotpotqa,2875344547,0.5555555555555556,hotpotqa-5ab9374b554299131ca422c6,5ab9374b554299131ca422c6,1329483948,22020096,192,2829860864,27800,70250
-1.77243971824646,0.6666666865348816,6,192,0,0.0,community,hotpotqa,2871670954,0.4444444444444444,hotpotqa-5ab9374b554299131ca422c6,5ab9374b554299131ca422c6,1327553774,22020096,192,2829860864,27800,79981
-3.897920608520508,0.3333333432674408,6,192,0,0.0,bridge_preserving,hotpotqa,2861779707,0.5555555555555556,hotpotqa-5ab9374b554299131ca422c6,5ab9374b554299131ca422c6,1318190040,22020096,192,2829860864,27800,67607
-1.869139552116394,0.6666666865348816,6,192,0,0.0,combined_structural,hotpotqa,2863558261,0.5555555555555556,hotpotqa-5ab9374b554299131ca422c6,5ab9374b554299131ca422c6,1318054111,22020096,192,2829860864,27800,123643
-0.9984210729598999,0.6666666865348816,6,192,0,0.0,oracle_evidence,hotpotqa,2870360661,0.6666666666666666,hotpotqa-5ab9374b554299131ca422c6,5ab9374b554299131ca422c6,1324589896,22020096,192,2829860864,27800,72795
-3.857248306274414,0.0,2,64,0,0.0,base_topk,hotpotqa,3150106369,0.0,hotpotqa-5ac31456554299741d48a1b4,5ac31456554299741d48a1b4,551106206,7340032,64,2829959168,27800,50289
-3.857248306274414,0.0,2,64,0,0.0,budget_tuned_topk,hotpotqa,3150106369,0.0,hotpotqa-5ac31456554299741d48a1b4,5ac31456554299741d48a1b4,551106206,7340032,64,2829959168,27800,65448
-3.857248306274414,0.0,2,64,0,0.0,power_sharpen,hotpotqa,3150106369,0.0,hotpotqa-5ac31456554299741d48a1b4,5ac31456554299741d48a1b4,551106206,7340032,64,2829959168,27800,73430
-3.857248306274414,0.0,2,64,0,0.0,entropy_adaptive_sharpen,hotpotqa,3150106369,0.0,hotpotqa-5ac31456554299741d48a1b4,5ac31456554299741d48a1b4,551106206,7340032,64,2829959168,27800,150543
-5.951027870178223,0.0,2,64,0,0.0,persistence,hotpotqa,1914422687,0.3333333333333333,hotpotqa-5ac31456554299741d48a1b4,5ac31456554299741d48a1b4,551626304,7340032,64,2829959168,27800,21641
-5.751250743865967,0.0,2,64,0,0.0,agreement,hotpotqa,1903396552,0.3333333333333333,hotpotqa-5ac31456554299741d48a1b4,5ac31456554299741d48a1b4,553080780,7340032,64,2829959168,27800,49240
-3.857248306274414,0.0,2,64,0,0.0,community,hotpotqa,3150106369,0.0,hotpotqa-5ac31456554299741d48a1b4,5ac31456554299741d48a1b4,551106206,7340032,64,2829959168,27800,68336
-7.10867977142334,0.0,2,64,0,0.0,bridge_preserving,hotpotqa,1907708432,0.3333333333333333,hotpotqa-5ac31456554299741d48a1b4,5ac31456554299741d48a1b4,553944149,7340032,64,2829959168,27800,56485
-6.950489044189453,0.0,2,64,0,0.0,combined_structural,hotpotqa,1906978800,0.6666666666666666,hotpotqa-5ac31456554299741d48a1b4,5ac31456554299741d48a1b4,551495417,7340032,64,2829959168,27800,99308
-4.8604655265808105,0.0,2,64,0,0.0,oracle_evidence,hotpotqa,1904733874,0.6666666666666666,hotpotqa-5ac31456554299741d48a1b4,5ac31456554299741d48a1b4,553169378,7340032,64,2829959168,27800,101013
-3.18410587310791,0.0,4,128,0,0.0,base_topk,hotpotqa,2704065586,0.0,hotpotqa-5ac31456554299741d48a1b4,5ac31456554299741d48a1b4,979241299,14680064,128,2829975552,27800,61038
-3.18410587310791,0.0,4,128,0,0.0,budget_tuned_topk,hotpotqa,2704065586,0.0,hotpotqa-5ac31456554299741d48a1b4,5ac31456554299741d48a1b4,979241299,14680064,128,2829975552,27800,61345
-3.18410587310791,0.0,4,128,0,0.0,power_sharpen,hotpotqa,2704065586,0.0,hotpotqa-5ac31456554299741d48a1b4,5ac31456554299741d48a1b4,979241299,14680064,128,2829975552,27800,66640
-3.18410587310791,0.0,4,128,0,0.0,entropy_adaptive_sharpen,hotpotqa,2704065586,0.0,hotpotqa-5ac31456554299741d48a1b4,5ac31456554299741d48a1b4,979241299,14680064,128,2829975552,27800,111510
-6.680361747741699,0.0,4,128,0,0.0,persistence,hotpotqa,2377464260,0.6666666666666666,hotpotqa-5ac31456554299741d48a1b4,5ac31456554299741d48a1b4,974380607,14680064,128,2829975552,27800,22078
-4.93759822845459,0.0,4,128,0,0.0,agreement,hotpotqa,2380670029,0.3333333333333333,hotpotqa-5ac31456554299741d48a1b4,5ac31456554299741d48a1b4,977723681,14680064,128,2829975552,27800,61940
-3.317894458770752,0.0,4,128,0,0.0,community,hotpotqa,2384468660,0.0,hotpotqa-5ac31456554299741d48a1b4,5ac31456554299741d48a1b4,976589855,14680064,128,2829975552,27800,58171
-4.741048812866211,0.0,4,128,0,0.0,bridge_preserving,hotpotqa,2393122955,0.3333333333333333,hotpotqa-5ac31456554299741d48a1b4,5ac31456554299741d48a1b4,987429583,14680064,128,2829975552,27800,100552
-8.942133903503418,0.0,4,128,0,0.0,combined_structural,hotpotqa,2383095535,0.6666666666666666,hotpotqa-5ac31456554299741d48a1b4,5ac31456554299741d48a1b4,975967215,14680064,128,2829975552,27800,121637
-6.542743682861328,0.0,4,128,0,1.0,oracle_evidence,hotpotqa,2387315361,1.0,hotpotqa-5ac31456554299741d48a1b4,5ac31456554299741d48a1b4,983550177,14680064,128,2829975552,27800,77436
-3.9115288257598877,0.0,6,192,0,0.0,base_topk,hotpotqa,3035026639,0.0,hotpotqa-5ac31456554299741d48a1b4,5ac31456554299741d48a1b4,1327729410,22020096,192,2829991936,27800,67092
-3.9115288257598877,0.0,6,192,0,0.0,budget_tuned_topk,hotpotqa,3035026639,0.0,hotpotqa-5ac31456554299741d48a1b4,5ac31456554299741d48a1b4,1327729410,22020096,192,2829991936,27800,56065
-3.9115288257598877,0.0,6,192,0,0.0,power_sharpen,hotpotqa,3035026639,0.0,hotpotqa-5ac31456554299741d48a1b4,5ac31456554299741d48a1b4,1327729410,22020096,192,2829991936,27800,60312
-3.9115288257598877,0.0,6,192,0,0.0,entropy_adaptive_sharpen,hotpotqa,3035026639,0.0,hotpotqa-5ac31456554299741d48a1b4,5ac31456554299741d48a1b4,1327729410,22020096,192,2829991936,27800,96398
-5.920794486999512,0.0,6,192,0,1.0,persistence,hotpotqa,2776284991,1.0,hotpotqa-5ac31456554299741d48a1b4,5ac31456554299741d48a1b4,1324354618,22020096,192,2829991936,27800,18701
-5.301192760467529,0.0,6,192,0,0.0,agreement,hotpotqa,2777250666,0.6666666666666666,hotpotqa-5ac31456554299741d48a1b4,5ac31456554299741d48a1b4,1324446972,22020096,192,2829991936,27800,57226
-3.9115288257598877,0.0,6,192,0,0.0,community,hotpotqa,3035026639,0.0,hotpotqa-5ac31456554299741d48a1b4,5ac31456554299741d48a1b4,1327729410,22020096,192,2829991936,27800,66181
-4.5379862785339355,0.0,6,192,0,0.0,bridge_preserving,hotpotqa,2767327676,0.6666666666666666,hotpotqa-5ac31456554299741d48a1b4,5ac31456554299741d48a1b4,1316919844,22020096,192,2829991936,27800,46543
-5.974763870239258,0.0,6,192,0,0.0,combined_structural,hotpotqa,2759753206,0.6666666666666666,hotpotqa-5ac31456554299741d48a1b4,5ac31456554299741d48a1b4,1311588695,22020096,192,2829991936,27800,102182
-5.330358505249023,0.0,6,192,0,1.0,oracle_evidence,hotpotqa,2770078822,1.0,hotpotqa-5ac31456554299741d48a1b4,5ac31456554299741d48a1b4,1316411049,22020096,192,2829991936,27800,78050
-1.0888442993164062,0.3333333432674408,2,64,0,0.0,base_topk,hotpotqa,1128164228,0.125,hotpotqa-5ae60426554299546bf83019,5ae60426554299546bf83019,554280063,7340032,64,2829991936,27800,75553
-1.0888442993164062,0.3333333432674408,2,64,0,0.0,budget_tuned_topk,hotpotqa,1128164228,0.125,hotpotqa-5ae60426554299546bf83019,5ae60426554299546bf83019,554280063,7340032,64,2829991936,27800,72269
-1.0888442993164062,0.3333333432674408,2,64,0,0.0,power_sharpen,hotpotqa,1128164228,0.125,hotpotqa-5ae60426554299546bf83019,5ae60426554299546bf83019,554280063,7340032,64,2829991936,27800,68045
-1.0888442993164062,0.3333333432674408,2,64,0,0.0,entropy_adaptive_sharpen,hotpotqa,1128164228,0.125,hotpotqa-5ae60426554299546bf83019,5ae60426554299546bf83019,554280063,7340032,64,2829991936,27800,126611
-11.550517082214355,0.0,2,64,0,0.0,persistence,hotpotqa,1125531065,0.125,hotpotqa-5ae60426554299546bf83019,5ae60426554299546bf83019,550433374,7340032,64,2829991936,27800,24518
-11.635424613952637,0.0,2,64,0,0.0,agreement,hotpotqa,1128508837,0.0,hotpotqa-5ae60426554299546bf83019,5ae60426554299546bf83019,551657118,7340032,64,2829991936,27800,69935
-1.0888442993164062,0.3333333432674408,2,64,0,0.0,community,hotpotqa,1128164228,0.125,hotpotqa-5ae60426554299546bf83019,5ae60426554299546bf83019,554280063,7340032,64,2829991936,27800,54662
-0.3310883641242981,1.0,2,64,0,0.0,bridge_preserving,hotpotqa,1125710041,0.25,hotpotqa-5ae60426554299546bf83019,5ae60426554299546bf83019,552158984,7340032,64,2829991936,27800,36603
-10.929082870483398,0.0,2,64,0,0.0,combined_structural,hotpotqa,1125609912,0.25,hotpotqa-5ae60426554299546bf83019,5ae60426554299546bf83019,553252796,7340032,64,2829991936,27800,127149
-0.3310883641242981,1.0,2,64,0,0.0,oracle_evidence,hotpotqa,1125710041,0.25,hotpotqa-5ae60426554299546bf83019,5ae60426554299546bf83019,552158984,7340032,64,2829991936,27800,64146
-0.8784245848655701,0.6666666865348816,4,128,0,0.0,base_topk,hotpotqa,1601025545,0.25,hotpotqa-5ae60426554299546bf83019,5ae60426554299546bf83019,978006450,14680064,128,2829991936,27800,23080
-0.8784245848655701,0.6666666865348816,4,128,0,0.0,budget_tuned_topk,hotpotqa,1601025545,0.25,hotpotqa-5ae60426554299546bf83019,5ae60426554299546bf83019,978006450,14680064,128,2829991936,27800,59152
-0.8784245848655701,0.6666666865348816,4,128,0,0.0,power_sharpen,hotpotqa,1601025545,0.25,hotpotqa-5ae60426554299546bf83019,5ae60426554299546bf83019,978006450,14680064,128,2829991936,27800,60147
-0.8784245848655701,0.6666666865348816,4,128,0,0.0,entropy_adaptive_sharpen,hotpotqa,1601025545,0.25,hotpotqa-5ae60426554299546bf83019,5ae60426554299546bf83019,978006450,14680064,128,2829991936,27800,109054
-0.2869335114955902,1.0,4,128,0,0.0,persistence,hotpotqa,1604828839,0.375,hotpotqa-5ae60426554299546bf83019,5ae60426554299546bf83019,979189776,14680064,128,2829991936,27800,23131
-0.8784245848655701,0.6666666865348816,4,128,0,0.0,agreement,hotpotqa,1601025545,0.25,hotpotqa-5ae60426554299546bf83019,5ae60426554299546bf83019,978006450,14680064,128,2829991936,27800,61466
-0.6278907060623169,0.6666666865348816,4,128,0,0.0,community,hotpotqa,1602963826,0.25,hotpotqa-5ae60426554299546bf83019,5ae60426554299546bf83019,978247105,14680064,128,2829991936,27800,25790
-0.8784245848655701,0.6666666865348816,4,128,0,0.0,bridge_preserving,hotpotqa,1601025545,0.25,hotpotqa-5ae60426554299546bf83019,5ae60426554299546bf83019,978006450,14680064,128,2829991936,27800,106161
-11.286567687988281,0.0,4,128,0,0.0,combined_structural,hotpotqa,1601303596,0.375,hotpotqa-5ae60426554299546bf83019,5ae60426554299546bf83019,975449283,14680064,128,2829991936,27800,95855
-0.16532044112682343,1.0,4,128,0,0.0,oracle_evidence,hotpotqa,1609926287,0.5,hotpotqa-5ae60426554299546bf83019,5ae60426554299546bf83019,979948015,14680064,128,2829991936,27800,117420
-0.4010399281978607,1.0,6,192,0,0.0,base_topk,hotpotqa,1988386525,0.5,hotpotqa-5ae60426554299546bf83019,5ae60426554299546bf83019,1312662628,22020096,192,2829991936,27800,66544
-0.4010399281978607,1.0,6,192,0,0.0,budget_tuned_topk,hotpotqa,1988386525,0.5,hotpotqa-5ae60426554299546bf83019,5ae60426554299546bf83019,1312662628,22020096,192,2829991936,27800,49190
-0.4010399281978607,1.0,6,192,0,0.0,power_sharpen,hotpotqa,1988386525,0.5,hotpotqa-5ae60426554299546bf83019,5ae60426554299546bf83019,1312662628,22020096,192,2829991936,27800,52754
-0.4010399281978607,1.0,6,192,0,0.0,entropy_adaptive_sharpen,hotpotqa,1988386525,0.5,hotpotqa-5ae60426554299546bf83019,5ae60426554299546bf83019,1312662628,22020096,192,2829991936,27800,96276
-0.4010399281978607,1.0,6,192,0,0.0,persistence,hotpotqa,1988386525,0.5,hotpotqa-5ae60426554299546bf83019,5ae60426554299546bf83019,1312662628,22020096,192,2829991936,27800,20897
-0.3879835605621338,1.0,6,192,0,0.0,agreement,hotpotqa,2002004136,0.5,hotpotqa-5ae60426554299546bf83019,5ae60426554299546bf83019,1325281936,22020096,192,2829991936,27800,17502
-1.1610031127929688,0.6666666865348816,6,192,0,0.0,community,hotpotqa,2003680374,0.5,hotpotqa-5ae60426554299546bf83019,5ae60426554299546bf83019,1327302653,22020096,192,2829991936,27800,58225
-0.9144298434257507,0.6666666865348816,6,192,0,0.0,bridge_preserving,hotpotqa,2001613122,0.5,hotpotqa-5ae60426554299546bf83019,5ae60426554299546bf83019,1323136191,22020096,192,2829991936,27800,77107
-2.659377336502075,0.6666666865348816,6,192,0,0.0,combined_structural,hotpotqa,1985012443,0.625,hotpotqa-5ae60426554299546bf83019,5ae60426554299546bf83019,1307752397,22020096,192,2829991936,27800,106316
-0.19752615690231323,1.0,6,192,0,0.0,oracle_evidence,hotpotqa,1994301018,0.75,hotpotqa-5ae60426554299546bf83019,5ae60426554299546bf83019,1315154604,22020096,192,2829991936,27800,71066
-1.3766851425170898,0.8333333730697632,2,64,0,0.0,base_topk,qasper,1930448920,0.5,qasper-1705.04153-ef396a34436072cb3c40b0c9bc9179fee4a168ae,1705.04153,575918426,7340032,64,2834575360,27800,68297
-1.3766851425170898,0.8333333730697632,2,64,0,0.0,budget_tuned_topk,qasper,1930448920,0.5,qasper-1705.04153-ef396a34436072cb3c40b0c9bc9179fee4a168ae,1705.04153,575918426,7340032,64,2834575360,27800,64212
-1.3766851425170898,0.8333333730697632,2,64,0,0.0,power_sharpen,qasper,1930448920,0.5,qasper-1705.04153-ef396a34436072cb3c40b0c9bc9179fee4a168ae,1705.04153,575918426,7340032,64,2834575360,27800,56085
-1.3766851425170898,0.8333333730697632,2,64,0,0.0,entropy_adaptive_sharpen,qasper,1930448920,0.5,qasper-1705.04153-ef396a34436072cb3c40b0c9bc9179fee4a168ae,1705.04153,575918426,7340032,64,2834575360,27800,143477
-4.827696800231934,0.3333333432674408,2,64,0,0.0,persistence,qasper,1933184487,0.5,qasper-1705.04153-ef396a34436072cb3c40b0c9bc9179fee4a168ae,1705.04153,579716435,7340032,64,2834583552,27800,17932
-0.9886763095855713,0.8333333730697632,2,64,0,0.0,agreement,qasper,1934864376,0.5,qasper-1705.04153-ef396a34436072cb3c40b0c9bc9179fee4a168ae,1705.04153,576468294,7340032,64,2834583552,27800,76475
-1.3766851425170898,0.8333333730697632,2,64,0,0.0,community,qasper,1930448920,0.5,qasper-1705.04153-ef396a34436072cb3c40b0c9bc9179fee4a168ae,1705.04153,575918426,7340032,64,2834575360,27800,49909
-1.3766851425170898,0.8333333730697632,2,64,0,0.0,bridge_preserving,qasper,1930448920,0.5,qasper-1705.04153-ef396a34436072cb3c40b0c9bc9179fee4a168ae,1705.04153,575918426,7340032,64,2834575360,27800,42915
-4.827696800231934,0.3333333432674408,2,64,0,0.0,combined_structural,qasper,1933184487,0.5,qasper-1705.04153-ef396a34436072cb3c40b0c9bc9179fee4a168ae,1705.04153,579716435,7340032,64,2834583552,27800,66739
-0.9824433326721191,0.8333333730697632,2,64,0,1.0,oracle_evidence,qasper,1805034872,1.0,qasper-1705.04153-ef396a34436072cb3c40b0c9bc9179fee4a168ae,1705.04153,459836160,7340032,64,2834583552,27800,25162
-1.6171679496765137,0.8333333730697632,4,128,0,0.0,base_topk,qasper,2391021263,0.5,qasper-1705.04153-ef396a34436072cb3c40b0c9bc9179fee4a168ae,1705.04153,985747822,14680064,128,2834583552,27800,73495
-1.6171679496765137,0.8333333730697632,4,128,0,0.0,budget_tuned_topk,qasper,2391021263,0.5,qasper-1705.04153-ef396a34436072cb3c40b0c9bc9179fee4a168ae,1705.04153,985747822,14680064,128,2834583552,27800,67371
-1.6171679496765137,0.8333333730697632,4,128,0,0.0,power_sharpen,qasper,2391021263,0.5,qasper-1705.04153-ef396a34436072cb3c40b0c9bc9179fee4a168ae,1705.04153,985747822,14680064,128,2834583552,27800,75906
-1.6171679496765137,0.8333333730697632,4,128,0,0.0,entropy_adaptive_sharpen,qasper,2391021263,0.5,qasper-1705.04153-ef396a34436072cb3c40b0c9bc9179fee4a168ae,1705.04153,985747822,14680064,128,2834583552,27800,148342
-4.612818717956543,0.3333333432674408,4,128,0,0.0,persistence,qasper,2387895715,0.5,qasper-1705.04153-ef396a34436072cb3c40b0c9bc9179fee4a168ae,1705.04153,980891231,14680064,128,2834583552,27800,28722
-1.0428745746612549,0.8333333730697632,4,128,0,0.0,agreement,qasper,2375598338,0.5,qasper-1705.04153-ef396a34436072cb3c40b0c9bc9179fee4a168ae,1705.04153,971034387,14680064,128,2834583552,27800,48170
-1.3187991380691528,0.8333333730697632,4,128,0,0.0,community,qasper,2372808810,0.5,qasper-1705.04153-ef396a34436072cb3c40b0c9bc9179fee4a168ae,1705.04153,970142301,14680064,128,2834583552,27800,68173
-1.6171679496765137,0.8333333730697632,4,128,0,0.0,bridge_preserving,qasper,2391021263,0.5,qasper-1705.04153-ef396a34436072cb3c40b0c9bc9179fee4a168ae,1705.04153,985747822,14680064,128,2834583552,27800,95102
-4.786115646362305,0.1666666716337204,4,128,0,0.0,combined_structural,qasper,2379863605,0.5,qasper-1705.04153-ef396a34436072cb3c40b0c9bc9179fee4a168ae,1705.04153,975949415,14680064,128,2834583552,27800,87375
-0.9887849688529968,0.8333333730697632,4,128,0,1.0,oracle_evidence,qasper,2375802083,1.0,qasper-1705.04153-ef396a34436072cb3c40b0c9bc9179fee4a168ae,1705.04153,978650313,14680064,128,2834583552,27800,66844
-1.3502833843231201,0.8333333730697632,6,192,0,1.0,base_topk,qasper,2492690741,1.0,qasper-1705.04153-ef396a34436072cb3c40b0c9bc9179fee4a168ae,1705.04153,1056823589,22020096,192,2834583552,27800,64627
-1.3502833843231201,0.8333333730697632,6,192,0,1.0,budget_tuned_topk,qasper,2492690741,1.0,qasper-1705.04153-ef396a34436072cb3c40b0c9bc9179fee4a168ae,1705.04153,1056823589,22020096,192,2834583552,27800,48827
-1.3502833843231201,0.8333333730697632,6,192,0,1.0,power_sharpen,qasper,2492690741,1.0,qasper-1705.04153-ef396a34436072cb3c40b0c9bc9179fee4a168ae,1705.04153,1056823589,22020096,192,2834583552,27800,49662
-1.3502833843231201,0.8333333730697632,6,192,0,1.0,entropy_adaptive_sharpen,qasper,2492690741,1.0,qasper-1705.04153-ef396a34436072cb3c40b0c9bc9179fee4a168ae,1705.04153,1056823589,22020096,192,2834583552,27800,92595
-1.2071658372879028,0.8333333730697632,6,192,0,1.0,persistence,qasper,2781543946,1.0,qasper-1705.04153-ef396a34436072cb3c40b0c9bc9179fee4a168ae,1705.04153,1325380567,22020096,192,2834583552,27800,18373
-1.415115237236023,0.8333333730697632,6,192,0,0.0,agreement,qasper,2495003708,0.5,qasper-1705.04153-ef396a34436072cb3c40b0c9bc9179fee4a168ae,1705.04153,1056601342,22020096,192,2834583552,27800,62326
-1.1669819355010986,0.8333333730697632,6,192,0,0.0,community,qasper,2498999364,0.5,qasper-1705.04153-ef396a34436072cb3c40b0c9bc9179fee4a168ae,1705.04153,1056244413,22020096,192,2834583552,27800,51602
-1.3502833843231201,0.8333333730697632,6,192,0,1.0,bridge_preserving,qasper,2492690741,1.0,qasper-1705.04153-ef396a34436072cb3c40b0c9bc9179fee4a168ae,1705.04153,1056823589,22020096,192,2834583552,27800,95225
-1.2071658372879028,0.8333333730697632,6,192,0,1.0,combined_structural,qasper,2781543946,1.0,qasper-1705.04153-ef396a34436072cb3c40b0c9bc9179fee4a168ae,1705.04153,1325380567,22020096,192,2834583552,27800,90041
-1.3502833843231201,0.8333333730697632,6,192,0,1.0,oracle_evidence,qasper,2492690741,1.0,qasper-1705.04153-ef396a34436072cb3c40b0c9bc9179fee4a168ae,1705.04153,1056823589,22020096,192,2834583552,27800,40126
-1.3485243320465088,0.6666666865348816,2,64,0,1.0,base_topk,qasper,3397549677,1.0,qasper-1705.05437-cf874cd9023d901e10aa8664b813d32501e7e4d2,1705.05437,553409448,7340032,64,2834718720,27800,24733
-1.3485243320465088,0.6666666865348816,2,64,0,1.0,budget_tuned_topk,qasper,3397549677,1.0,qasper-1705.05437-cf874cd9023d901e10aa8664b813d32501e7e4d2,1705.05437,553409448,7340032,64,2834718720,27800,54518
-1.3485243320465088,0.6666666865348816,2,64,0,1.0,power_sharpen,qasper,3397549677,1.0,qasper-1705.05437-cf874cd9023d901e10aa8664b813d32501e7e4d2,1705.05437,553409448,7340032,64,2834718720,27800,58519
-1.3485243320465088,0.6666666865348816,2,64,0,1.0,entropy_adaptive_sharpen,qasper,3397549677,1.0,qasper-1705.05437-cf874cd9023d901e10aa8664b813d32501e7e4d2,1705.05437,553409448,7340032,64,2834718720,27800,107769
-1.3485243320465088,0.6666666865348816,2,64,0,1.0,persistence,qasper,3397549677,1.0,qasper-1705.05437-cf874cd9023d901e10aa8664b813d32501e7e4d2,1705.05437,553409448,7340032,64,2834718720,27800,21406
-2.336393356323242,0.6666666865348816,2,64,0,0.0,agreement,qasper,1101313695,0.0,qasper-1705.05437-cf874cd9023d901e10aa8664b813d32501e7e4d2,1705.05437,551524554,7340032,64,2834718720,27800,18710
-1.312564492225647,0.6666666865348816,2,64,0,0.0,community,qasper,1104856497,0.5,qasper-1705.05437-cf874cd9023d901e10aa8664b813d32501e7e4d2,1705.05437,554312973,7340032,64,2830524416,27800,72903
-1.3485243320465088,0.6666666865348816,2,64,0,1.0,bridge_preserving,qasper,3397549677,1.0,qasper-1705.05437-cf874cd9023d901e10aa8664b813d32501e7e4d2,1705.05437,553409448,7340032,64,2834718720,27800,83368
-1.3485243320465088,0.6666666865348816,2,64,0,1.0,combined_structural,qasper,3397549677,1.0,qasper-1705.05437-cf874cd9023d901e10aa8664b813d32501e7e4d2,1705.05437,553409448,7340032,64,2834718720,27800,64295
-1.3485243320465088,0.6666666865348816,2,64,0,1.0,oracle_evidence,qasper,3397549677,1.0,qasper-1705.05437-cf874cd9023d901e10aa8664b813d32501e7e4d2,1705.05437,553409448,7340032,64,2834718720,27800,26419
-1.4789026975631714,0.6666666865348816,4,128,0,1.0,base_topk,qasper,1828234357,1.0,qasper-1705.05437-cf874cd9023d901e10aa8664b813d32501e7e4d2,1705.05437,982978274,14680064,128,2830540800,27800,15148
-1.4789026975631714,0.6666666865348816,4,128,0,1.0,budget_tuned_topk,qasper,1828234357,1.0,qasper-1705.05437-cf874cd9023d901e10aa8664b813d32501e7e4d2,1705.05437,982978274,14680064,128,2830540800,27800,66422
-1.4789026975631714,0.6666666865348816,4,128,0,1.0,power_sharpen,qasper,1828234357,1.0,qasper-1705.05437-cf874cd9023d901e10aa8664b813d32501e7e4d2,1705.05437,982978274,14680064,128,2830540800,27800,73403
-1.4789026975631714,0.6666666865348816,4,128,0,1.0,entropy_adaptive_sharpen,qasper,1828234357,1.0,qasper-1705.05437-cf874cd9023d901e10aa8664b813d32501e7e4d2,1705.05437,982978274,14680064,128,2830540800,27800,136398
-1.4789026975631714,0.6666666865348816,4,128,0,1.0,persistence,qasper,1828234357,1.0,qasper-1705.05437-cf874cd9023d901e10aa8664b813d32501e7e4d2,1705.05437,982978274,14680064,128,2830540800,27800,27993
-1.9183769226074219,0.6666666865348816,4,128,0,0.0,agreement,qasper,1542430552,0.5,qasper-1705.05437-cf874cd9023d901e10aa8664b813d32501e7e4d2,1705.05437,976273195,14680064,128,2830540800,27800,24854
-1.3475217819213867,0.6666666865348816,4,128,0,0.0,community,qasper,1539705095,0.5,qasper-1705.05437-cf874cd9023d901e10aa8664b813d32501e7e4d2,1705.05437,976320196,14680064,128,2830540800,27800,70616
-1.4789026975631714,0.6666666865348816,4,128,0,1.0,bridge_preserving,qasper,1828234357,1.0,qasper-1705.05437-cf874cd9023d901e10aa8664b813d32501e7e4d2,1705.05437,982978274,14680064,128,2830540800,27800,66086
-1.4789026975631714,0.6666666865348816,4,128,0,1.0,combined_structural,qasper,1828234357,1.0,qasper-1705.05437-cf874cd9023d901e10aa8664b813d32501e7e4d2,1705.05437,982978274,14680064,128,2830540800,27800,60138
-1.4789026975631714,0.6666666865348816,4,128,0,1.0,oracle_evidence,qasper,1828234357,1.0,qasper-1705.05437-cf874cd9023d901e10aa8664b813d32501e7e4d2,1705.05437,982978274,14680064,128,2830540800,27800,25551
-1.2748606204986572,0.6666666865348816,6,192,0,1.0,base_topk,qasper,2172713220,1.0,qasper-1705.05437-cf874cd9023d901e10aa8664b813d32501e7e4d2,1705.05437,1315717237,22020096,192,2830557184,27800,15087
-1.2748606204986572,0.6666666865348816,6,192,0,1.0,budget_tuned_topk,qasper,2172713220,1.0,qasper-1705.05437-cf874cd9023d901e10aa8664b813d32501e7e4d2,1705.05437,1315717237,22020096,192,2830557184,27800,63563
-1.2748606204986572,0.6666666865348816,6,192,0,1.0,power_sharpen,qasper,2172713220,1.0,qasper-1705.05437-cf874cd9023d901e10aa8664b813d32501e7e4d2,1705.05437,1315717237,22020096,192,2830557184,27800,74121
-1.2748606204986572,0.6666666865348816,6,192,0,1.0,entropy_adaptive_sharpen,qasper,2172713220,1.0,qasper-1705.05437-cf874cd9023d901e10aa8664b813d32501e7e4d2,1705.05437,1315717237,22020096,192,2830557184,27800,138438
-1.2949950695037842,0.6666666865348816,6,192,0,1.0,persistence,qasper,1896452263,1.0,qasper-1705.05437-cf874cd9023d901e10aa8664b813d32501e7e4d2,1705.05437,1319061631,22020096,192,2830557184,27800,42623
-2.0930213928222656,0.6666666865348816,6,192,0,0.0,agreement,qasper,1900392611,0.5,qasper-1705.05437-cf874cd9023d901e10aa8664b813d32501e7e4d2,1705.05437,1325071895,22020096,192,2830557184,27800,71126
-1.2748606204986572,0.6666666865348816,6,192,0,1.0,community,qasper,2172713220,1.0,qasper-1705.05437-cf874cd9023d901e10aa8664b813d32501e7e4d2,1705.05437,1315717237,22020096,192,2830557184,27800,49626
-1.2748606204986572,0.6666666865348816,6,192,0,1.0,bridge_preserving,qasper,2172713220,1.0,qasper-1705.05437-cf874cd9023d901e10aa8664b813d32501e7e4d2,1705.05437,1315717237,22020096,192,2830557184,27800,38341
-1.2949950695037842,0.6666666865348816,6,192,0,1.0,combined_structural,qasper,1896452263,1.0,qasper-1705.05437-cf874cd9023d901e10aa8664b813d32501e7e4d2,1705.05437,1319061631,22020096,192,2830557184,27800,56283
-1.2748606204986572,0.6666666865348816,6,192,0,1.0,oracle_evidence,qasper,2172713220,1.0,qasper-1705.05437-cf874cd9023d901e10aa8664b813d32501e7e4d2,1705.05437,1315717237,22020096,192,2830557184,27800,24791
-4.363751411437988,0.0,2,64,0,0.0,base_topk,qasper,2534890707,0.5,qasper-1906.08593-6236762b5631d9e395f81e1ebccc4bf3ab9b24ac,1906.08593,554589397,7340032,64,2830557184,27800,16098
-4.363751411437988,0.0,2,64,0,0.0,budget_tuned_topk,qasper,2534890707,0.5,qasper-1906.08593-6236762b5631d9e395f81e1ebccc4bf3ab9b24ac,1906.08593,554589397,7340032,64,2830557184,27800,64151
-4.363751411437988,0.0,2,64,0,0.0,power_sharpen,qasper,2534890707,0.5,qasper-1906.08593-6236762b5631d9e395f81e1ebccc4bf3ab9b24ac,1906.08593,554589397,7340032,64,2830557184,27800,65226
-4.363751411437988,0.0,2,64,0,0.0,entropy_adaptive_sharpen,qasper,2534890707,0.5,qasper-1906.08593-6236762b5631d9e395f81e1ebccc4bf3ab9b24ac,1906.08593,554589397,7340032,64,2830557184,27800,115502
-4.829526901245117,0.0,2,64,0,0.0,persistence,qasper,2527381987,0.0,qasper-1906.08593-6236762b5631d9e395f81e1ebccc4bf3ab9b24ac,1906.08593,554270992,7340032,64,2830557184,27800,22800
-4.829526901245117,0.0,2,64,0,0.0,agreement,qasper,2527381987,0.0,qasper-1906.08593-6236762b5631d9e395f81e1ebccc4bf3ab9b24ac,1906.08593,554270992,7340032,64,2830557184,27800,59563
-4.363751411437988,0.0,2,64,0,0.0,community,qasper,2534890707,0.5,qasper-1906.08593-6236762b5631d9e395f81e1ebccc4bf3ab9b24ac,1906.08593,554589397,7340032,64,2830557184,27800,25558
-4.363751411437988,0.0,2,64,0,0.0,bridge_preserving,qasper,2534890707,0.5,qasper-1906.08593-6236762b5631d9e395f81e1ebccc4bf3ab9b24ac,1906.08593,554589397,7340032,64,2830557184,27800,41061
-4.829526901245117,0.0,2,64,0,0.0,combined_structural,qasper,2527381987,0.0,qasper-1906.08593-6236762b5631d9e395f81e1ebccc4bf3ab9b24ac,1906.08593,554270992,7340032,64,2830557184,27800,69535
-4.49724817276001,0.0,2,64,0,1.0,oracle_evidence,qasper,2537538373,1.0,qasper-1906.08593-6236762b5631d9e395f81e1ebccc4bf3ab9b24ac,1906.08593,555279996,7340032,64,2830557184,27800,28019
-4.607256889343262,0.0,4,128,0,0.0,base_topk,qasper,3082606717,0.5,qasper-1906.08593-6236762b5631d9e395f81e1ebccc4bf3ab9b24ac,1906.08593,982188345,14680064,128,2830557184,27800,53087
-4.607256889343262,0.0,4,128,0,0.0,budget_tuned_topk,qasper,3082606717,0.5,qasper-1906.08593-6236762b5631d9e395f81e1ebccc4bf3ab9b24ac,1906.08593,982188345,14680064,128,2830557184,27800,54251
-4.607256889343262,0.0,4,128,0,0.0,power_sharpen,qasper,3082606717,0.5,qasper-1906.08593-6236762b5631d9e395f81e1ebccc4bf3ab9b24ac,1906.08593,982188345,14680064,128,2830557184,27800,57612
-4.607256889343262,0.0,4,128,0,0.0,entropy_adaptive_sharpen,qasper,3082606717,0.5,qasper-1906.08593-6236762b5631d9e395f81e1ebccc4bf3ab9b24ac,1906.08593,982188345,14680064,128,2830557184,27800,106003
-4.52175235748291,0.0,4,128,0,0.0,persistence,qasper,3074010043,0.5,qasper-1906.08593-6236762b5631d9e395f81e1ebccc4bf3ab9b24ac,1906.08593,975094003,14680064,128,2830557184,27800,22449
-4.52175235748291,0.0,4,128,0,0.0,agreement,qasper,3074010043,0.5,qasper-1906.08593-6236762b5631d9e395f81e1ebccc4bf3ab9b24ac,1906.08593,975094003,14680064,128,2830557184,27800,58330
-4.52175235748291,0.0,4,128,0,0.0,community,qasper,3074010043,0.5,qasper-1906.08593-6236762b5631d9e395f81e1ebccc4bf3ab9b24ac,1906.08593,975094003,14680064,128,2830557184,27800,24666
-4.607256889343262,0.0,4,128,0,0.0,bridge_preserving,qasper,3082606717,0.5,qasper-1906.08593-6236762b5631d9e395f81e1ebccc4bf3ab9b24ac,1906.08593,982188345,14680064,128,2830557184,27800,40335
-4.52175235748291,0.0,4,128,0,0.0,combined_structural,qasper,3074010043,0.5,qasper-1906.08593-6236762b5631d9e395f81e1ebccc4bf3ab9b24ac,1906.08593,975094003,14680064,128,2830557184,27800,66831
-4.179353713989258,0.0,4,128,0,1.0,oracle_evidence,qasper,3080439056,1.0,qasper-1906.08593-6236762b5631d9e395f81e1ebccc4bf3ab9b24ac,1906.08593,974850404,14680064,128,2830557184,27800,28802
-4.887002468109131,0.0,6,192,0,1.0,base_topk,qasper,3549276745,1.0,qasper-1906.08593-6236762b5631d9e395f81e1ebccc4bf3ab9b24ac,1906.08593,1325118879,22020096,192,2830557184,27800,48874
-4.887002468109131,0.0,6,192,0,1.0,budget_tuned_topk,qasper,3549276745,1.0,qasper-1906.08593-6236762b5631d9e395f81e1ebccc4bf3ab9b24ac,1906.08593,1325118879,22020096,192,2830557184,27800,66471
-4.887002468109131,0.0,6,192,0,1.0,power_sharpen,qasper,3549276745,1.0,qasper-1906.08593-6236762b5631d9e395f81e1ebccc4bf3ab9b24ac,1906.08593,1325118879,22020096,192,2830557184,27800,72734
-4.887002468109131,0.0,6,192,0,1.0,entropy_adaptive_sharpen,qasper,3549276745,1.0,qasper-1906.08593-6236762b5631d9e395f81e1ebccc4bf3ab9b24ac,1906.08593,1325118879,22020096,192,2830557184,27800,109546
-4.832451820373535,0.0,6,192,0,0.0,persistence,qasper,3546749765,0.5,qasper-1906.08593-6236762b5631d9e395f81e1ebccc4bf3ab9b24ac,1906.08593,1321433337,22020096,192,2830557184,27800,22461
-4.887002468109131,0.0,6,192,0,1.0,agreement,qasper,3549276745,1.0,qasper-1906.08593-6236762b5631d9e395f81e1ebccc4bf3ab9b24ac,1906.08593,1325118879,22020096,192,2830557184,27800,77761
-4.887002468109131,0.0,6,192,0,1.0,community,qasper,3549276745,1.0,qasper-1906.08593-6236762b5631d9e395f81e1ebccc4bf3ab9b24ac,1906.08593,1325118879,22020096,192,2830557184,27800,27843
-4.887002468109131,0.0,6,192,0,1.0,bridge_preserving,qasper,3549276745,1.0,qasper-1906.08593-6236762b5631d9e395f81e1ebccc4bf3ab9b24ac,1906.08593,1325118879,22020096,192,2830557184,27800,44090
-4.832451820373535,0.0,6,192,0,0.0,combined_structural,qasper,3546749765,0.5,qasper-1906.08593-6236762b5631d9e395f81e1ebccc4bf3ab9b24ac,1906.08593,1321433337,22020096,192,2830557184,27800,76217
-4.887002468109131,0.0,6,192,0,1.0,oracle_evidence,qasper,3549276745,1.0,qasper-1906.08593-6236762b5631d9e395f81e1ebccc4bf3ab9b24ac,1906.08593,1325118879,22020096,192,2830557184,27800,28644
-5.5596818923950195,0.38461539149284363,2,64,0,0.0,base_topk,qasper,2880804709,0.25,qasper-1907.03060-761de1610e934189850e8fda707dc5239dd58092,1907.03060,548670027,7340032,64,2838974464,27800,17527
-5.5596818923950195,0.38461539149284363,2,64,0,0.0,budget_tuned_topk,qasper,2880804709,0.25,qasper-1907.03060-761de1610e934189850e8fda707dc5239dd58092,1907.03060,548670027,7340032,64,2838974464,27800,55232
-5.5596818923950195,0.38461539149284363,2,64,0,0.0,power_sharpen,qasper,2880804709,0.25,qasper-1907.03060-761de1610e934189850e8fda707dc5239dd58092,1907.03060,548670027,7340032,64,2838974464,27800,46690
-5.5596818923950195,0.38461539149284363,2,64,0,0.0,entropy_adaptive_sharpen,qasper,2880804709,0.25,qasper-1907.03060-761de1610e934189850e8fda707dc5239dd58092,1907.03060,548670027,7340032,64,2838974464,27800,88112
-5.771248817443848,0.38461539149284363,2,64,0,0.0,persistence,qasper,2610043657,0.25,qasper-1907.03060-761de1610e934189850e8fda707dc5239dd58092,1907.03060,570534577,7340032,64,2839019520,27800,17509
-0.9194936156272888,0.9230769872665405,2,64,0,0.0,agreement,qasper,2511820601,0.5,qasper-1907.03060-761de1610e934189850e8fda707dc5239dd58092,1907.03060,473962983,7340032,64,2839019520,27800,61340
-5.5596818923950195,0.38461539149284363,2,64,0,0.0,community,qasper,2880804709,0.25,qasper-1907.03060-761de1610e934189850e8fda707dc5239dd58092,1907.03060,548670027,7340032,64,2838974464,27800,47620
-5.5265212059021,0.3076923191547394,2,64,0,0.0,bridge_preserving,qasper,2531317793,0.25,qasper-1907.03060-761de1610e934189850e8fda707dc5239dd58092,1907.03060,493500898,7340032,64,2839019520,27800,34260
-7.070718765258789,0.23076924681663513,2,64,0,0.0,combined_structural,qasper,2507629575,0.0,qasper-1907.03060-761de1610e934189850e8fda707dc5239dd58092,1907.03060,471522054,7340032,64,2839019520,27800,173070
-5.470739841461182,0.3076923191547394,2,64,0,0.0,oracle_evidence,qasper,2505825125,0.5,qasper-1907.03060-761de1610e934189850e8fda707dc5239dd58092,1907.03060,468770686,7340032,64,2839019520,27800,69625
-5.4076995849609375,0.3076923191547394,4,128,0,0.0,base_topk,qasper,3398823431,0.75,qasper-1907.03060-761de1610e934189850e8fda707dc5239dd58092,1907.03060,960955295,14680064,128,2839035904,27800,77860
-5.4076995849609375,0.3076923191547394,4,128,0,0.0,budget_tuned_topk,qasper,3398823431,0.75,qasper-1907.03060-761de1610e934189850e8fda707dc5239dd58092,1907.03060,960955295,14680064,128,2839035904,27800,67961
-5.4076995849609375,0.3076923191547394,4,128,0,0.0,power_sharpen,qasper,3398823431,0.75,qasper-1907.03060-761de1610e934189850e8fda707dc5239dd58092,1907.03060,960955295,14680064,128,2839035904,27800,76593
-5.4076995849609375,0.3076923191547394,4,128,0,0.0,entropy_adaptive_sharpen,qasper,3398823431,0.75,qasper-1907.03060-761de1610e934189850e8fda707dc5239dd58092,1907.03060,960955295,14680064,128,2839035904,27800,110597
-5.547770977020264,0.3076923191547394,4,128,0,0.0,persistence,qasper,3124648692,0.5,qasper-1907.03060-761de1610e934189850e8fda707dc5239dd58092,1907.03060,956945148,14680064,128,2839035904,27800,23125
-1.0673573017120361,0.9230769872665405,4,128,0,0.0,agreement,qasper,3141896756,0.5,qasper-1907.03060-761de1610e934189850e8fda707dc5239dd58092,1907.03060,971105262,14680064,128,2839035904,27800,63375
-1.1279886960983276,0.9230769872665405,4,128,0,0.0,community,qasper,3137577612,0.75,qasper-1907.03060-761de1610e934189850e8fda707dc5239dd58092,1907.03060,964371413,14680064,128,2839035904,27800,58075
-5.4076995849609375,0.3076923191547394,4,128,0,0.0,bridge_preserving,qasper,3398823431,0.75,qasper-1907.03060-761de1610e934189850e8fda707dc5239dd58092,1907.03060,960955295,14680064,128,2839035904,27800,94312
-5.547770977020264,0.3076923191547394,4,128,0,0.0,combined_structural,qasper,3124648692,0.5,qasper-1907.03060-761de1610e934189850e8fda707dc5239dd58092,1907.03060,956945148,14680064,128,2839035904,27800,90420
-1.0619066953659058,0.9230769872665405,4,128,0,1.0,oracle_evidence,qasper,3132929227,1.0,qasper-1907.03060-761de1610e934189850e8fda707dc5239dd58092,1907.03060,966581515,14680064,128,2839035904,27800,40523
-5.205817222595215,0.3076923191547394,6,192,0,0.0,base_topk,qasper,3636660054,0.75,qasper-1907.03060-761de1610e934189850e8fda707dc5239dd58092,1907.03060,1058931173,22020096,192,2839052288,27800,65418
-5.205817222595215,0.3076923191547394,6,192,0,0.0,budget_tuned_topk,qasper,3636660054,0.75,qasper-1907.03060-761de1610e934189850e8fda707dc5239dd58092,1907.03060,1058931173,22020096,192,2839052288,27800,55499
-5.205817222595215,0.3076923191547394,6,192,0,0.0,power_sharpen,qasper,3636660054,0.75,qasper-1907.03060-761de1610e934189850e8fda707dc5239dd58092,1907.03060,1058931173,22020096,192,2839052288,27800,61973
-5.205817222595215,0.3076923191547394,6,192,0,0.0,entropy_adaptive_sharpen,qasper,3636660054,0.75,qasper-1907.03060-761de1610e934189850e8fda707dc5239dd58092,1907.03060,1058931173,22020096,192,2839052288,27800,111385
-5.446563243865967,0.3076923191547394,6,192,0,0.0,persistence,qasper,3343088395,0.75,qasper-1907.03060-761de1610e934189850e8fda707dc5239dd58092,1907.03060,1057680367,22020096,192,2839052288,27800,23468
-1.26034677028656,0.9230769872665405,6,192,0,0.0,agreement,qasper,3345471243,0.75,qasper-1907.03060-761de1610e934189850e8fda707dc5239dd58092,1907.03060,1056260243,22020096,192,2839052288,27800,49831
-1.126524567604065,0.9230769872665405,6,192,0,0.0,community,qasper,3348808639,0.75,qasper-1907.03060-761de1610e934189850e8fda707dc5239dd58092,1907.03060,1056610262,22020096,192,2839052288,27800,64412
-1.0727320909500122,0.9230769872665405,6,192,0,1.0,bridge_preserving,qasper,3356544412,1.0,qasper-1907.03060-761de1610e934189850e8fda707dc5239dd58092,1907.03060,1060282870,22020096,192,2839052288,27800,108075
-5.446563243865967,0.3076923191547394,6,192,0,0.0,combined_structural,qasper,3343088395,0.75,qasper-1907.03060-761de1610e934189850e8fda707dc5239dd58092,1907.03060,1057680367,22020096,192,2839052288,27800,124022
-1.0727320909500122,0.9230769872665405,6,192,0,1.0,oracle_evidence,qasper,3356544412,1.0,qasper-1907.03060-761de1610e934189850e8fda707dc5239dd58092,1907.03060,1060282870,22020096,192,2839052288,27800,45073
-4.084743976593018,0.29411765933036804,2,64,0,0.0,base_topk,qasper,1506430119,0.0,qasper-1911.06964-1ff0fccf0dca95a6630380c84b0422bed854269a,1911.06964,469558742,7340032,64,2849554432,27800,29957
-4.084743976593018,0.29411765933036804,2,64,0,0.0,budget_tuned_topk,qasper,1506430119,0.0,qasper-1911.06964-1ff0fccf0dca95a6630380c84b0422bed854269a,1911.06964,469558742,7340032,64,2849554432,27800,46016
-4.084743976593018,0.29411765933036804,2,64,0,0.0,power_sharpen,qasper,1506430119,0.0,qasper-1911.06964-1ff0fccf0dca95a6630380c84b0422bed854269a,1911.06964,469558742,7340032,64,2849554432,27800,57137
-4.084743976593018,0.29411765933036804,2,64,0,0.0,entropy_adaptive_sharpen,qasper,1506430119,0.0,qasper-1911.06964-1ff0fccf0dca95a6630380c84b0422bed854269a,1911.06964,469558742,7340032,64,2849554432,27800,88483
-4.099541664123535,0.3529411852359772,2,64,0,0.0,persistence,qasper,1610673094,0.0,qasper-1911.06964-1ff0fccf0dca95a6630380c84b0422bed854269a,1911.06964,571490256,7340032,64,2849562624,27800,18003
-4.109114646911621,0.23529411852359772,2,64,0,0.0,agreement,qasper,1510810846,0.3333333333333333,qasper-1911.06964-1ff0fccf0dca95a6630380c84b0422bed854269a,1911.06964,478693703,7340032,64,2849562624,27800,69611
-4.084743976593018,0.29411765933036804,2,64,0,0.0,community,qasper,1506430119,0.0,qasper-1911.06964-1ff0fccf0dca95a6630380c84b0422bed854269a,1911.06964,469558742,7340032,64,2849554432,27800,61487
-0.8357045650482178,0.9411764740943909,2,64,0,0.0,bridge_preserving,qasper,1508773597,0.3333333333333333,qasper-1911.06964-1ff0fccf0dca95a6630380c84b0422bed854269a,1911.06964,478123465,7340032,64,2841174016,27800,37791
-1.0807207822799683,0.8235294222831726,2,64,0,0.0,combined_structural,qasper,1548398769,0.3333333333333333,qasper-1911.06964-1ff0fccf0dca95a6630380c84b0422bed854269a,1911.06964,519090764,7340032,64,2841174016,27800,79704
-0.953545093536377,0.9411764740943909,2,64,0,0.0,oracle_evidence,qasper,1620503403,0.6666666666666666,qasper-1911.06964-1ff0fccf0dca95a6630380c84b0422bed854269a,1911.06964,583705435,7340032,64,2841174016,27800,66754
-0.8580818176269531,0.9411764740943909,4,128,0,0.0,base_topk,qasper,2090462984,0.6666666666666666,qasper-1911.06964-1ff0fccf0dca95a6630380c84b0422bed854269a,1911.06964,956979519,14680064,128,2841174016,27800,45505
-0.8580818176269531,0.9411764740943909,4,128,0,0.0,budget_tuned_topk,qasper,2090462984,0.6666666666666666,qasper-1911.06964-1ff0fccf0dca95a6630380c84b0422bed854269a,1911.06964,956979519,14680064,128,2841174016,27800,59061
-0.8580818176269531,0.9411764740943909,4,128,0,0.0,power_sharpen,qasper,2090462984,0.6666666666666666,qasper-1911.06964-1ff0fccf0dca95a6630380c84b0422bed854269a,1911.06964,956979519,14680064,128,2841174016,27800,61591
-0.8580818176269531,0.9411764740943909,4,128,0,0.0,entropy_adaptive_sharpen,qasper,2090462984,0.6666666666666666,qasper-1911.06964-1ff0fccf0dca95a6630380c84b0422bed854269a,1911.06964,956979519,14680064,128,2841174016,27800,110915
-0.966302216053009,0.9411764740943909,4,128,0,0.0,persistence,qasper,2093581412,0.3333333333333333,qasper-1911.06964-1ff0fccf0dca95a6630380c84b0422bed854269a,1911.06964,958483893,14680064,128,2841174016,27800,23122
-4.072795391082764,0.4117647111415863,4,128,0,0.0,agreement,qasper,2104260011,0.3333333333333333,qasper-1911.06964-1ff0fccf0dca95a6630380c84b0422bed854269a,1911.06964,969261830,14680064,128,2841174016,27800,71497
-4.072795391082764,0.4117647111415863,4,128,0,0.0,community,qasper,2104260011,0.3333333333333333,qasper-1911.06964-1ff0fccf0dca95a6630380c84b0422bed854269a,1911.06964,969261830,14680064,128,2841174016,27800,69114
-0.8580818176269531,0.9411764740943909,4,128,0,0.0,bridge_preserving,qasper,2090462984,0.6666666666666666,qasper-1911.06964-1ff0fccf0dca95a6630380c84b0422bed854269a,1911.06964,956979519,14680064,128,2841174016,27800,55576
-0.966302216053009,0.9411764740943909,4,128,0,0.0,combined_structural,qasper,2093581412,0.3333333333333333,qasper-1911.06964-1ff0fccf0dca95a6630380c84b0422bed854269a,1911.06964,958483893,14680064,128,2841174016,27800,83464
-1.0524951219558716,0.8823529481887817,4,128,0,1.0,oracle_evidence,qasper,2091999325,1.0,qasper-1911.06964-1ff0fccf0dca95a6630380c84b0422bed854269a,1911.06964,960864913,14680064,128,2841174016,27800,29590
-1.099147081375122,0.8823529481887817,6,192,0,1.0,base_topk,qasper,2283500077,1.0,qasper-1911.06964-1ff0fccf0dca95a6630380c84b0422bed854269a,1911.06964,1057643800,22020096,192,2841174016,27800,65914
-1.099147081375122,0.8823529481887817,6,192,0,1.0,budget_tuned_topk,qasper,2283500077,1.0,qasper-1911.06964-1ff0fccf0dca95a6630380c84b0422bed854269a,1911.06964,1057643800,22020096,192,2841174016,27800,65602
-1.099147081375122,0.8823529481887817,6,192,0,1.0,power_sharpen,qasper,2283500077,1.0,qasper-1911.06964-1ff0fccf0dca95a6630380c84b0422bed854269a,1911.06964,1057643800,22020096,192,2841174016,27800,71710
-1.099147081375122,0.8823529481887817,6,192,0,1.0,entropy_adaptive_sharpen,qasper,2283500077,1.0,qasper-1911.06964-1ff0fccf0dca95a6630380c84b0422bed854269a,1911.06964,1057643800,22020096,192,2841174016,27800,150477
-0.8776219487190247,0.9411764740943909,6,192,0,0.0,persistence,qasper,2284675001,0.3333333333333333,qasper-1911.06964-1ff0fccf0dca95a6630380c84b0422bed854269a,1911.06964,1057168298,22020096,192,2841174016,27800,23450
-4.173650741577148,0.3529411852359772,6,192,0,0.0,agreement,qasper,2281443964,0.3333333333333333,qasper-1911.06964-1ff0fccf0dca95a6630380c84b0422bed854269a,1911.06964,1056541970,22020096,192,2841174016,27800,70645
-4.169579029083252,0.29411765933036804,6,192,0,0.0,community,qasper,2281432384,0.3333333333333333,qasper-1911.06964-1ff0fccf0dca95a6630380c84b0422bed854269a,1911.06964,1056099098,22020096,192,2841174016,27800,58512
-1.099147081375122,0.8823529481887817,6,192,0,1.0,bridge_preserving,qasper,2283500077,1.0,qasper-1911.06964-1ff0fccf0dca95a6630380c84b0422bed854269a,1911.06964,1057643800,22020096,192,2841174016,27800,95099
-1.185498833656311,0.8823529481887817,6,192,0,0.0,combined_structural,qasper,2283489783,0.6666666666666666,qasper-1911.06964-1ff0fccf0dca95a6630380c84b0422bed854269a,1911.06964,1056393167,22020096,192,2841174016,27800,70019
-1.099147081375122,0.8823529481887817,6,192,0,1.0,oracle_evidence,qasper,2283500077,1.0,qasper-1911.06964-1ff0fccf0dca95a6630380c84b0422bed854269a,1911.06964,1057643800,22020096,192,2841174016,27800,96011
-5.971322059631348,0.0,2,64,0,0.0,base_topk,qasper,2381184456,0.16666666666666666,qasper-1912.13337-e97186c51d4af490dba6faaf833d269c8256426c,1912.13337,519902075,7340032,64,2841272320,27800,54849
-5.971322059631348,0.0,2,64,0,0.0,budget_tuned_topk,qasper,2381184456,0.16666666666666666,qasper-1912.13337-e97186c51d4af490dba6faaf833d269c8256426c,1912.13337,519902075,7340032,64,2841272320,27800,55628
-5.971322059631348,0.0,2,64,0,0.0,power_sharpen,qasper,2381184456,0.16666666666666666,qasper-1912.13337-e97186c51d4af490dba6faaf833d269c8256426c,1912.13337,519902075,7340032,64,2841272320,27800,50046
-5.971322059631348,0.0,2,64,0,0.0,entropy_adaptive_sharpen,qasper,2381184456,0.16666666666666666,qasper-1912.13337-e97186c51d4af490dba6faaf833d269c8256426c,1912.13337,519902075,7340032,64,2841272320,27800,91773
-5.2610931396484375,0.0,2,64,0,0.0,persistence,qasper,978140057,0.16666666666666666,qasper-1912.13337-e97186c51d4af490dba6faaf833d269c8256426c,1912.13337,552750894,7340032,64,2841272320,27800,18731
-4.510676860809326,0.0,2,64,0,0.0,agreement,qasper,974135422,0.16666666666666666,qasper-1912.13337-e97186c51d4af490dba6faaf833d269c8256426c,1912.13337,554533213,7340032,64,2841272320,27800,68230
-5.971322059631348,0.0,2,64,0,0.0,community,qasper,2381184456,0.16666666666666666,qasper-1912.13337-e97186c51d4af490dba6faaf833d269c8256426c,1912.13337,519902075,7340032,64,2841272320,27800,69060
-4.818413734436035,0.0,2,64,0,0.0,bridge_preserving,qasper,991774538,0.16666666666666666,qasper-1912.13337-e97186c51d4af490dba6faaf833d269c8256426c,1912.13337,551903731,7340032,64,2830786560,27800,55987
-4.818413734436035,0.0,2,64,0,0.0,combined_structural,qasper,991774538,0.16666666666666666,qasper-1912.13337-e97186c51d4af490dba6faaf833d269c8256426c,1912.13337,551903731,7340032,64,2830786560,27800,99521
-5.971322059631348,0.0,2,64,0,0.0,oracle_evidence,qasper,2381184456,0.16666666666666666,qasper-1912.13337-e97186c51d4af490dba6faaf833d269c8256426c,1912.13337,519902075,7340032,64,2841272320,27800,35598
-5.579331874847412,0.0,4,128,0,0.0,base_topk,qasper,1698413333,0.3333333333333333,qasper-1912.13337-e97186c51d4af490dba6faaf833d269c8256426c,1912.13337,984601562,14680064,128,2830802944,27800,19811
-5.579331874847412,0.0,4,128,0,0.0,budget_tuned_topk,qasper,1698413333,0.3333333333333333,qasper-1912.13337-e97186c51d4af490dba6faaf833d269c8256426c,1912.13337,984601562,14680064,128,2830802944,27800,53999
-5.579331874847412,0.0,4,128,0,0.0,power_sharpen,qasper,1698413333,0.3333333333333333,qasper-1912.13337-e97186c51d4af490dba6faaf833d269c8256426c,1912.13337,984601562,14680064,128,2830802944,27800,60754
-5.579331874847412,0.0,4,128,0,0.0,entropy_adaptive_sharpen,qasper,1698413333,0.3333333333333333,qasper-1912.13337-e97186c51d4af490dba6faaf833d269c8256426c,1912.13337,984601562,14680064,128,2830802944,27800,109445
-5.485468864440918,0.0,4,128,0,0.0,persistence,qasper,1423564439,0.3333333333333333,qasper-1912.13337-e97186c51d4af490dba6faaf833d269c8256426c,1912.13337,976856107,14680064,128,2830802944,27800,23525
-6.343574523925781,0.0,4,128,0,0.0,agreement,qasper,1414610282,0.3333333333333333,qasper-1912.13337-e97186c51d4af490dba6faaf833d269c8256426c,1912.13337,974770744,14680064,128,2830802944,27800,60707
-6.492129325866699,0.0,4,128,0,0.0,community,qasper,1426359679,0.3333333333333333,qasper-1912.13337-e97186c51d4af490dba6faaf833d269c8256426c,1912.13337,981668276,14680064,128,2830802944,27800,50540
-5.485665321350098,0.0,4,128,0,0.0,bridge_preserving,qasper,1404271168,0.3333333333333333,qasper-1912.13337-e97186c51d4af490dba6faaf833d269c8256426c,1912.13337,975188359,14680064,128,2830802944,27800,99015
-5.34587287902832,0.0,4,128,0,0.0,combined_structural,qasper,1431080169,0.3333333333333333,qasper-1912.13337-e97186c51d4af490dba6faaf833d269c8256426c,1912.13337,987540765,14680064,128,2830802944,27800,97066
-5.579331874847412,0.0,4,128,0,0.0,oracle_evidence,qasper,1698413333,0.3333333333333333,qasper-1912.13337-e97186c51d4af490dba6faaf833d269c8256426c,1912.13337,984601562,14680064,128,2830802944,27800,89717
-5.763284683227539,0.0,6,192,0,0.0,base_topk,qasper,2013553055,0.5,qasper-1912.13337-e97186c51d4af490dba6faaf833d269c8256426c,1912.13337,1320028685,22020096,192,2830819328,27800,25885
-5.763284683227539,0.0,6,192,0,0.0,budget_tuned_topk,qasper,2013553055,0.5,qasper-1912.13337-e97186c51d4af490dba6faaf833d269c8256426c,1912.13337,1320028685,22020096,192,2830819328,27800,53804
-5.763284683227539,0.0,6,192,0,0.0,power_sharpen,qasper,2013553055,0.5,qasper-1912.13337-e97186c51d4af490dba6faaf833d269c8256426c,1912.13337,1320028685,22020096,192,2830819328,27800,56585
-5.763284683227539,0.0,6,192,0,0.0,entropy_adaptive_sharpen,qasper,2013553055,0.5,qasper-1912.13337-e97186c51d4af490dba6faaf833d269c8256426c,1912.13337,1320028685,22020096,192,2830819328,27800,110791
-4.656645774841309,0.0,6,192,0,0.0,persistence,qasper,1744953644,0.5,qasper-1912.13337-e97186c51d4af490dba6faaf833d269c8256426c,1912.13337,1318197729,22020096,192,2830819328,27800,23413
-6.509781360626221,0.0,6,192,0,0.0,agreement,qasper,1762978895,0.5,qasper-1912.13337-e97186c51d4af490dba6faaf833d269c8256426c,1912.13337,1331163097,22020096,192,2830819328,27800,56034
-5.701817512512207,0.0,6,192,0,0.0,community,qasper,1783445547,0.5,qasper-1912.13337-e97186c51d4af490dba6faaf833d269c8256426c,1912.13337,1323041340,22020096,192,2830819328,27800,71376
-5.875635147094727,0.0,6,192,0,0.0,bridge_preserving,qasper,1763590235,0.5,qasper-1912.13337-e97186c51d4af490dba6faaf833d269c8256426c,1912.13337,1320456222,22020096,192,2830819328,27800,92446
-4.750016212463379,0.0,6,192,0,0.0,combined_structural,qasper,1753717878,0.5,qasper-1912.13337-e97186c51d4af490dba6faaf833d269c8256426c,1912.13337,1325013759,22020096,192,2830819328,27800,125240
-5.763284683227539,0.0,6,192,0,0.0,oracle_evidence,qasper,2013553055,0.5,qasper-1912.13337-e97186c51d4af490dba6faaf833d269c8256426c,1912.13337,1320028685,22020096,192,2830819328,27800,79492
-2.6966543197631836,0.4749999940395355,2,64,0,0.0,base_topk,qasper,4187623145,0.125,qasper-2002.04095-f8da63df16c4c42093e5778c01a8e7e9b270142e,2002.04095,554925532,7340032,64,2856140800,27800,82256
-2.6966543197631836,0.4749999940395355,2,64,0,0.0,budget_tuned_topk,qasper,4187623145,0.125,qasper-2002.04095-f8da63df16c4c42093e5778c01a8e7e9b270142e,2002.04095,554925532,7340032,64,2856140800,27800,48139
-2.6966543197631836,0.4749999940395355,2,64,0,0.0,power_sharpen,qasper,4187623145,0.125,qasper-2002.04095-f8da63df16c4c42093e5778c01a8e7e9b270142e,2002.04095,554925532,7340032,64,2856140800,27800,44114
-2.6966543197631836,0.4749999940395355,2,64,0,0.0,entropy_adaptive_sharpen,qasper,4187623145,0.125,qasper-2002.04095-f8da63df16c4c42093e5778c01a8e7e9b270142e,2002.04095,554925532,7340032,64,2856140800,27800,80113
-2.6966543197631836,0.4749999940395355,2,64,0,0.0,persistence,qasper,4187623145,0.125,qasper-2002.04095-f8da63df16c4c42093e5778c01a8e7e9b270142e,2002.04095,554925532,7340032,64,2856140800,27800,15189
-2.7348029613494873,0.4749999940395355,2,64,0,0.0,agreement,qasper,2824155817,0.125,qasper-2002.04095-f8da63df16c4c42093e5778c01a8e7e9b270142e,2002.04095,570832617,7340032,64,2856144896,27800,12651
-2.6966543197631836,0.4749999940395355,2,64,0,0.0,community,qasper,4187623145,0.125,qasper-2002.04095-f8da63df16c4c42093e5778c01a8e7e9b270142e,2002.04095,554925532,7340032,64,2856140800,27800,58543
-2.7982213497161865,0.4749999940395355,2,64,0,0.0,bridge_preserving,qasper,2724390442,0.0,qasper-2002.04095-f8da63df16c4c42093e5778c01a8e7e9b270142e,2002.04095,477983824,7340032,64,2856144896,27800,45140
-2.7804276943206787,0.4749999940395355,2,64,0,0.0,combined_structural,qasper,2699724420,0.125,qasper-2002.04095-f8da63df16c4c42093e5778c01a8e7e9b270142e,2002.04095,456645766,7340032,64,2856144896,27800,131542
-2.549168109893799,0.550000011920929,2,64,0,0.0,oracle_evidence,qasper,2721084363,0.25,qasper-2002.04095-f8da63df16c4c42093e5778c01a8e7e9b270142e,2002.04095,473591713,7340032,64,2856144896,27800,65496
-2.5479321479797363,0.5,4,128,0,0.0,base_topk,qasper,3683092367,0.375,qasper-2002.04095-f8da63df16c4c42093e5778c01a8e7e9b270142e,2002.04095,944652428,14680064,128,2856161280,27800,42978
-2.5479321479797363,0.5,4,128,0,0.0,budget_tuned_topk,qasper,3683092367,0.375,qasper-2002.04095-f8da63df16c4c42093e5778c01a8e7e9b270142e,2002.04095,944652428,14680064,128,2856161280,27800,42390
-2.5479321479797363,0.5,4,128,0,0.0,power_sharpen,qasper,3683092367,0.375,qasper-2002.04095-f8da63df16c4c42093e5778c01a8e7e9b270142e,2002.04095,944652428,14680064,128,2856161280,27800,44240
-2.5479321479797363,0.5,4,128,0,0.0,entropy_adaptive_sharpen,qasper,3683092367,0.375,qasper-2002.04095-f8da63df16c4c42093e5778c01a8e7e9b270142e,2002.04095,944652428,14680064,128,2856161280,27800,79844
-2.5836658477783203,0.4749999940395355,4,128,0,0.0,persistence,qasper,3329497485,0.375,qasper-2002.04095-f8da63df16c4c42093e5778c01a8e7e9b270142e,2002.04095,953034393,14680064,128,2856161280,27800,16747
-2.5479321479797363,0.5,4,128,0,0.0,agreement,qasper,3683092367,0.375,qasper-2002.04095-f8da63df16c4c42093e5778c01a8e7e9b270142e,2002.04095,944652428,14680064,128,2856161280,27800,69671
-2.5479321479797363,0.5,4,128,0,0.0,community,qasper,3683092367,0.375,qasper-2002.04095-f8da63df16c4c42093e5778c01a8e7e9b270142e,2002.04095,944652428,14680064,128,2856161280,27800,33818
-2.5560011863708496,0.5,4,128,0,0.0,bridge_preserving,qasper,3344193079,0.25,qasper-2002.04095-f8da63df16c4c42093e5778c01a8e7e9b270142e,2002.04095,966683568,14680064,128,2856161280,27800,53587
-2.5614941120147705,0.4749999940395355,4,128,0,0.0,combined_structural,qasper,3349334729,0.375,qasper-2002.04095-f8da63df16c4c42093e5778c01a8e7e9b270142e,2002.04095,969363973,14680064,128,2856161280,27800,84983
-2.5147311687469482,0.550000011920929,4,128,0,0.0,oracle_evidence,qasper,3346087177,0.5,qasper-2002.04095-f8da63df16c4c42093e5778c01a8e7e9b270142e,2002.04095,965484168,14680064,128,2856161280,27800,68807
-2.547405242919922,0.5,6,192,0,0.0,base_topk,qasper,3847000482,0.375,qasper-2002.04095-f8da63df16c4c42093e5778c01a8e7e9b270142e,2002.04095,1057526844,22020096,192,2856177664,27800,70721
-2.547405242919922,0.5,6,192,0,0.0,budget_tuned_topk,qasper,3847000482,0.375,qasper-2002.04095-f8da63df16c4c42093e5778c01a8e7e9b270142e,2002.04095,1057526844,22020096,192,2856177664,27800,72515
-2.547405242919922,0.5,6,192,0,0.0,power_sharpen,qasper,3847000482,0.375,qasper-2002.04095-f8da63df16c4c42093e5778c01a8e7e9b270142e,2002.04095,1057526844,22020096,192,2856177664,27800,88791
-2.547405242919922,0.5,6,192,0,0.0,entropy_adaptive_sharpen,qasper,3847000482,0.375,qasper-2002.04095-f8da63df16c4c42093e5778c01a8e7e9b270142e,2002.04095,1057526844,22020096,192,2856177664,27800,116721
-2.5551538467407227,0.4749999940395355,6,192,0,0.0,persistence,qasper,3554254556,0.375,qasper-2002.04095-f8da63df16c4c42093e5778c01a8e7e9b270142e,2002.04095,1060040159,22020096,192,2856177664,27800,23256
-2.5758988857269287,0.550000011920929,6,192,0,0.0,agreement,qasper,3546242964,0.625,qasper-2002.04095-f8da63df16c4c42093e5778c01a8e7e9b270142e,2002.04095,1055979820,22020096,192,2856177664,27800,69952
-2.5218636989593506,0.5,6,192,0,0.0,community,qasper,3549212700,0.5,qasper-2002.04095-f8da63df16c4c42093e5778c01a8e7e9b270142e,2002.04095,1058865613,22020096,192,2856177664,27800,69651
-2.545619010925293,0.5,6,192,0,0.0,bridge_preserving,qasper,3550947798,0.375,qasper-2002.04095-f8da63df16c4c42093e5778c01a8e7e9b270142e,2002.04095,1058338339,22020096,192,2856177664,27800,95798
-2.5551538467407227,0.4749999940395355,6,192,0,0.0,combined_structural,qasper,3554254556,0.375,qasper-2002.04095-f8da63df16c4c42093e5778c01a8e7e9b270142e,2002.04095,1060040159,22020096,192,2856177664,27800,122993
-1.9727710485458374,0.6000000238418579,6,192,0,0.0,oracle_evidence,qasper,3552961053,0.75,qasper-2002.04095-f8da63df16c4c42093e5778c01a8e7e9b270142e,2002.04095,1057326187,22020096,192,2856177664,27800,43225
-7.726107597351074,0.0,2,64,0,0.0,base_topk,qasper,3338145938,0.3333333333333333,qasper-2003.11563-64af7f5c109ed10eda4fb1b70ecda21e6d5b96c8,2003.11563,493328523,7340032,64,2860470272,27800,143349
-7.726107597351074,0.0,2,64,0,0.0,budget_tuned_topk,qasper,3338145938,0.3333333333333333,qasper-2003.11563-64af7f5c109ed10eda4fb1b70ecda21e6d5b96c8,2003.11563,493328523,7340032,64,2860470272,27800,67042
-7.726107597351074,0.0,2,64,0,0.0,power_sharpen,qasper,3338145938,0.3333333333333333,qasper-2003.11563-64af7f5c109ed10eda4fb1b70ecda21e6d5b96c8,2003.11563,493328523,7340032,64,2860470272,27800,74236
-7.726107597351074,0.0,2,64,0,0.0,entropy_adaptive_sharpen,qasper,3338145938,0.3333333333333333,qasper-2003.11563-64af7f5c109ed10eda4fb1b70ecda21e6d5b96c8,2003.11563,493328523,7340032,64,2860470272,27800,136280
-7.5875139236450195,0.0,2,64,0,0.0,persistence,qasper,1939731504,0.3333333333333333,qasper-2003.11563-64af7f5c109ed10eda4fb1b70ecda21e6d5b96c8,2003.11563,550471683,7340032,64,2860470272,27800,28063
-7.209382057189941,0.1666666716337204,2,64,0,0.0,agreement,qasper,1943348418,0.0,qasper-2003.11563-64af7f5c109ed10eda4fb1b70ecda21e6d5b96c8,2003.11563,553483495,7340032,64,2835304448,27800,69282
-7.209382057189941,0.1666666716337204,2,64,0,0.0,community,qasper,1943348418,0.0,qasper-2003.11563-64af7f5c109ed10eda4fb1b70ecda21e6d5b96c8,2003.11563,553483495,7340032,64,2835304448,27800,70832
-7.726107597351074,0.0,2,64,0,0.0,bridge_preserving,qasper,3338145938,0.3333333333333333,qasper-2003.11563-64af7f5c109ed10eda4fb1b70ecda21e6d5b96c8,2003.11563,493328523,7340032,64,2860470272,27800,75744
-7.5875139236450195,0.0,2,64,0,0.0,combined_structural,qasper,1939731504,0.3333333333333333,qasper-2003.11563-64af7f5c109ed10eda4fb1b70ecda21e6d5b96c8,2003.11563,550471683,7340032,64,2860470272,27800,66571
-1.9877222776412964,0.8333333730697632,2,64,0,0.0,oracle_evidence,qasper,1941907245,0.6666666666666666,qasper-2003.11563-64af7f5c109ed10eda4fb1b70ecda21e6d5b96c8,2003.11563,552905804,7340032,64,2835304448,27800,28322
-7.905078887939453,0.0,4,128,0,0.0,base_topk,qasper,2736111944,0.3333333333333333,qasper-2003.11563-64af7f5c109ed10eda4fb1b70ecda21e6d5b96c8,2003.11563,971618073,14680064,128,2835320832,27800,63513
-7.905078887939453,0.0,4,128,0,0.0,budget_tuned_topk,qasper,2736111944,0.3333333333333333,qasper-2003.11563-64af7f5c109ed10eda4fb1b70ecda21e6d5b96c8,2003.11563,971618073,14680064,128,2835320832,27800,62959
-7.905078887939453,0.0,4,128,0,0.0,power_sharpen,qasper,2736111944,0.3333333333333333,qasper-2003.11563-64af7f5c109ed10eda4fb1b70ecda21e6d5b96c8,2003.11563,971618073,14680064,128,2835320832,27800,57197
-7.905078887939453,0.0,4,128,0,0.0,entropy_adaptive_sharpen,qasper,2736111944,0.3333333333333333,qasper-2003.11563-64af7f5c109ed10eda4fb1b70ecda21e6d5b96c8,2003.11563,971618073,14680064,128,2835320832,27800,107727
-7.905078887939453,0.0,4,128,0,0.0,persistence,qasper,2736111944,0.3333333333333333,qasper-2003.11563-64af7f5c109ed10eda4fb1b70ecda21e6d5b96c8,2003.11563,971618073,14680064,128,2835320832,27800,21994
-2.697906494140625,0.6666666865348816,4,128,0,0.0,agreement,qasper,2416413472,0.3333333333333333,qasper-2003.11563-64af7f5c109ed10eda4fb1b70ecda21e6d5b96c8,2003.11563,975084916,14680064,128,2835320832,27800,20237
-7.905078887939453,0.0,4,128,0,0.0,community,qasper,2736111944,0.3333333333333333,qasper-2003.11563-64af7f5c109ed10eda4fb1b70ecda21e6d5b96c8,2003.11563,971618073,14680064,128,2835320832,27800,70307
-7.905078887939453,0.0,4,128,0,0.0,bridge_preserving,qasper,2736111944,0.3333333333333333,qasper-2003.11563-64af7f5c109ed10eda4fb1b70ecda21e6d5b96c8,2003.11563,971618073,14680064,128,2835320832,27800,76400
-7.905078887939453,0.0,4,128,0,0.0,combined_structural,qasper,2736111944,0.3333333333333333,qasper-2003.11563-64af7f5c109ed10eda4fb1b70ecda21e6d5b96c8,2003.11563,971618073,14680064,128,2835320832,27800,68195
-2.382016181945801,0.6666666865348816,4,128,0,1.0,oracle_evidence,qasper,2423245161,1.0,qasper-2003.11563-64af7f5c109ed10eda4fb1b70ecda21e6d5b96c8,2003.11563,976766950,14680064,128,2835320832,27800,29673
-3.2363479137420654,0.6666666865348816,6,192,0,1.0,base_topk,qasper,2859723005,1.0,qasper-2003.11563-64af7f5c109ed10eda4fb1b70ecda21e6d5b96c8,2003.11563,1056587604,22020096,192,2835337216,27800,63196
-3.2363479137420654,0.6666666865348816,6,192,0,1.0,budget_tuned_topk,qasper,2859723005,1.0,qasper-2003.11563-64af7f5c109ed10eda4fb1b70ecda21e6d5b96c8,2003.11563,1056587604,22020096,192,2835337216,27800,65911
-3.2363479137420654,0.6666666865348816,6,192,0,1.0,power_sharpen,qasper,2859723005,1.0,qasper-2003.11563-64af7f5c109ed10eda4fb1b70ecda21e6d5b96c8,2003.11563,1056587604,22020096,192,2835337216,27800,84774
-3.2363479137420654,0.6666666865348816,6,192,0,1.0,entropy_adaptive_sharpen,qasper,2859723005,1.0,qasper-2003.11563-64af7f5c109ed10eda4fb1b70ecda21e6d5b96c8,2003.11563,1056587604,22020096,192,2835337216,27800,113618
-2.740891933441162,0.6666666865348816,6,192,0,0.0,persistence,qasper,2537631769,0.6666666666666666,qasper-2003.11563-64af7f5c109ed10eda4fb1b70ecda21e6d5b96c8,2003.11563,1055943639,22020096,192,2835337216,27800,24140
-2.0584945678710938,0.8333333730697632,6,192,0,0.0,agreement,qasper,2541370182,0.3333333333333333,qasper-2003.11563-64af7f5c109ed10eda4fb1b70ecda21e6d5b96c8,2003.11563,1057563287,22020096,192,2835337216,27800,57937
-7.8210601806640625,0.0,6,192,0,0.0,community,qasper,2542310583,0.3333333333333333,qasper-2003.11563-64af7f5c109ed10eda4fb1b70ecda21e6d5b96c8,2003.11563,1055802742,22020096,192,2835337216,27800,47266
-3.2363479137420654,0.6666666865348816,6,192,0,1.0,bridge_preserving,qasper,2859723005,1.0,qasper-2003.11563-64af7f5c109ed10eda4fb1b70ecda21e6d5b96c8,2003.11563,1056587604,22020096,192,2835337216,27800,63647
-2.740891933441162,0.6666666865348816,6,192,0,0.0,combined_structural,qasper,2537631769,0.6666666666666666,qasper-2003.11563-64af7f5c109ed10eda4fb1b70ecda21e6d5b96c8,2003.11563,1055943639,22020096,192,2835337216,27800,56928
-3.2363479137420654,0.6666666865348816,6,192,0,1.0,oracle_evidence,qasper,2859723005,1.0,qasper-2003.11563-64af7f5c109ed10eda4fb1b70ecda21e6d5b96c8,2003.11563,1056587604,22020096,192,2835337216,27800,23989
