binary_correct,binary_margin,correct,example_id,label,model_seed,namespace,prediction,split,stage,target,template
1,11.081166744232178,1,F0:validation:285,negative,11,va,61,validation,F0,61,predicate_mismatch
1,7.492611885070801,1,F0:validation:436,positive,11,va,60,validation,F0,60,identity
1,10.39337682723999,1,F0:validation:466,positive,11,va,60,validation,F0,60,identity
1,7.277649879455566,1,F0:validation:69,negative,11,va,61,validation,F0,61,predicate_mismatch
1,2.3104248046875,1,F0:validation:434,positive,11,va,60,validation,F0,60,identity
1,9.827139377593994,1,F0:validation:79,negative,11,va,61,validation,F0,61,constant_mismatch
1,5.112754821777344,1,F0:validation:222,positive,11,va,60,validation,F0,60,identity
1,10.679248809814453,1,F0:validation:8,positive,11,va,60,validation,F0,60,identity
1,6.761811256408691,1,F0:validation:370,positive,11,va,60,validation,F0,60,identity
1,6.331291198730469,1,F0:validation:504,positive,11,va,60,validation,F0,60,identity
1,5.112754821777344,1,F0:validation:220,positive,11,va,60,validation,F0,60,identity
1,12.535540580749512,1,F0:validation:433,negative,11,va,61,validation,F0,61,predicate_mismatch
1,6.761811256408691,1,F0:validation:274,positive,11,va,60,validation,F0,60,identity
1,7.551091194152832,1,F0:validation:196,positive,11,va,60,validation,F0,60,identity
1,8.262857437133789,1,F0:validation:63,negative,11,va,61,validation,F0,61,constant_mismatch
1,7.854260444641113,1,F0:validation:384,positive,11,va,60,validation,F0,60,identity
1,12.581326961517334,1,F0:validation:139,negative,11,va,61,validation,F0,61,constant_mismatch
1,7.635626792907715,1,F0:validation:310,positive,11,va,60,validation,F0,60,identity
1,6.595947265625,1,F0:validation:172,positive,11,va,60,validation,F0,60,identity
1,11.523335933685303,1,F0:validation:49,negative,11,va,61,validation,F0,61,predicate_mismatch
1,5.244672775268555,1,F0:validation:414,positive,11,va,60,validation,F0,60,identity
1,6.979428291320801,1,F0:validation:12,positive,11,va,60,validation,F0,60,identity
1,9.271812438964844,1,F0:validation:230,positive,11,va,60,validation,F0,60,identity
1,9.183645725250244,1,F0:validation:52,positive,11,va,60,validation,F0,60,identity
1,9.183645725250244,1,F0:validation:0,positive,11,va,60,validation,F0,60,identity
1,5.194757461547852,1,F0:validation:100,positive,11,va,60,validation,F0,60,identity
1,7.116070747375488,1,F0:validation:446,positive,11,va,60,validation,F0,60,identity
1,7.100255012512207,1,F0:validation:421,negative,11,va,61,validation,F0,61,predicate_mismatch
1,12.803437232971191,1,F0:validation:423,negative,11,va,61,validation,F0,61,constant_mismatch
1,7.943182945251465,1,F0:validation:506,positive,11,va,60,validation,F0,60,identity
1,8.024062156677246,1,F0:validation:158,positive,11,va,60,validation,F0,60,identity
1,5.886330604553223,1,F0:validation:398,positive,11,va,60,validation,F0,60,identity
1,7.485576629638672,1,F0:validation:146,positive,11,va,60,validation,F0,60,identity
1,9.91033935546875,1,F0:validation:291,negative,11,va,61,validation,F0,61,constant_mismatch
1,11.838988304138184,1,F0:validation:107,negative,11,va,61,validation,F0,61,constant_mismatch
1,13.114311933517456,1,F0:validation:455,negative,11,va,61,validation,F0,61,constant_mismatch
1,10.563437461853027,1,F0:validation:135,negative,11,va,61,validation,F0,61,constant_mismatch
1,10.348626136779785,1,F0:validation:507,negative,11,va,61,validation,F0,61,constant_mismatch
1,11.64034366607666,1,F0:validation:15,negative,11,va,61,validation,F0,61,constant_mismatch
1,10.679248809814453,1,F0:validation:352,positive,11,va,60,validation,F0,60,identity
1,9.562907218933105,1,F0:validation:405,negative,11,va,61,validation,F0,61,predicate_mismatch
1,11.915088176727295,1,F0:validation:479,negative,11,va,61,validation,F0,61,constant_mismatch
1,9.069235801696777,1,F0:validation:11,negative,11,va,61,validation,F0,61,constant_mismatch
1,10.769436836242676,1,F0:validation:345,negative,11,va,61,validation,F0,61,predicate_mismatch
1,11.625406742095947,1,F0:validation:13,negative,11,va,61,validation,F0,61,predicate_mismatch
1,10.383122444152832,1,F0:validation:320,positive,11,va,60,validation,F0,60,identity
1,10.866359233856201,1,F0:validation:223,negative,11,va,61,validation,F0,61,constant_mismatch
1,11.46261978149414,1,F0:validation:175,negative,11,va,61,validation,F0,61,constant_mismatch
1,7.635626792907715,1,F0:validation:486,positive,11,va,60,validation,F0,60,identity
1,10.853997230529785,1,F0:validation:344,positive,11,va,60,validation,F0,60,identity
1,8.56577444076538,1,F0:validation:179,negative,11,va,61,validation,F0,61,constant_mismatch
1,8.19964599609375,1,F0:validation:114,positive,11,va,60,validation,F0,60,identity
1,10.482087135314941,1,F0:validation:197,negative,11,va,61,validation,F0,61,predicate_mismatch
1,3.8875112533569336,1,F0:validation:284,positive,11,va,60,validation,F0,60,identity
1,6.595947265625,1,F0:validation:296,positive,11,va,60,validation,F0,60,identity
1,11.997725486755371,1,F0:validation:95,negative,11,va,61,validation,F0,61,constant_mismatch
1,6.315646171569824,1,F0:validation:346,positive,11,va,60,validation,F0,60,identity
1,11.355999946594238,1,F0:validation:231,negative,11,va,61,validation,F0,61,constant_mismatch
1,7.67756462097168,1,F0:validation:326,positive,11,va,60,validation,F0,60,identity
1,12.919633865356445,1,F0:validation:489,negative,11,va,61,validation,F0,61,predicate_mismatch
1,3.186526298522949,1,F0:validation:4,positive,11,va,60,validation,F0,60,identity
1,6.438118934631348,1,F0:validation:430,positive,11,va,60,validation,F0,60,identity
1,11.194170951843262,1,F0:validation:335,negative,11,va,61,validation,F0,61,constant_mismatch
1,9.132137775421143,1,F0:validation:366,positive,11,va,60,validation,F0,60,identity
1,10.091259956359863,1,F0:validation:505,negative,11,va,61,validation,F0,61,predicate_mismatch
1,12.897358894348145,1,F0:validation:473,negative,11,va,61,validation,F0,61,predicate_mismatch
1,3.186526298522949,1,F0:validation:72,positive,11,va,60,validation,F0,60,identity
1,9.132137775421143,1,F0:validation:120,positive,11,va,60,validation,F0,60,identity
1,10.743963718414307,1,F0:validation:25,negative,11,va,61,validation,F0,61,predicate_mismatch
1,11.823554992675781,1,F0:validation:447,negative,11,va,61,validation,F0,61,constant_mismatch
1,10.156376838684082,1,F0:validation:202,positive,11,va,60,validation,F0,60,identity
1,6.886710166931152,1,F0:validation:208,positive,11,va,60,validation,F0,60,identity
1,13.215956211090088,1,F0:validation:465,negative,11,va,61,validation,F0,61,predicate_mismatch
1,10.899548530578613,1,F0:validation:130,positive,11,va,60,validation,F0,60,identity
1,6.424002647399902,1,F0:validation:388,positive,11,va,60,validation,F0,60,identity
1,10.364346981048584,1,F0:validation:182,positive,11,va,60,validation,F0,60,identity
1,8.336858749389648,1,F0:validation:413,negative,11,va,61,validation,F0,61,predicate_mismatch
1,11.336423397064209,1,F0:validation:454,positive,11,va,60,validation,F0,60,identity
1,10.568650722503662,1,F0:validation:183,negative,11,va,61,validation,F0,61,constant_mismatch
1,10.161137580871582,1,F0:validation:373,negative,11,va,61,validation,F0,61,predicate_mismatch
1,8.807555675506592,1,F0:validation:305,negative,11,va,61,validation,F0,61,predicate_mismatch
1,7.910274505615234,1,F0:validation:402,positive,11,va,60,validation,F0,60,identity
1,3.8875112533569336,1,F0:validation:92,positive,11,va,60,validation,F0,60,identity
1,10.027007102966309,1,F0:validation:20,positive,11,va,60,validation,F0,60,identity
1,6.197907447814941,1,F0:validation:136,positive,11,va,60,validation,F0,60,identity
1,12.237476348876953,1,F0:validation:437,negative,11,va,61,validation,F0,61,predicate_mismatch
1,3.1666221618652344,1,F0:validation:394,positive,11,va,60,validation,F0,60,identity
1,11.588040828704834,1,F0:validation:409,negative,11,va,61,validation,F0,61,predicate_mismatch
1,7.22552490234375,1,F0:validation:50,positive,11,va,60,validation,F0,60,identity
1,12.51423454284668,1,F0:validation:461,negative,11,va,61,validation,F0,61,predicate_mismatch
1,10.914700508117676,1,F0:validation:205,negative,11,va,61,validation,F0,61,predicate_mismatch
1,8.42945384979248,1,F0:validation:358,positive,11,va,60,validation,F0,60,identity
1,9.775947570800781,1,F0:validation:312,positive,11,va,60,validation,F0,60,identity
1,6.013528823852539,1,F0:validation:124,positive,11,va,60,validation,F0,60,identity
1,9.295647144317627,1,F0:validation:288,positive,11,va,60,validation,F0,60,identity
1,8.388511657714844,1,F0:validation:89,negative,11,va,61,validation,F0,61,predicate_mismatch
1,10.161137580871582,1,F0:validation:45,negative,11,va,61,validation,F0,61,predicate_mismatch
1,10.420662879943848,1,F0:validation:374,positive,11,va,60,validation,F0,60,identity
1,7.975516319274902,1,F0:validation:82,positive,11,va,60,validation,F0,60,identity
1,10.383122444152832,1,F0:validation:66,positive,11,va,60,validation,F0,60,identity
1,12.419156551361084,1,F0:validation:169,negative,11,va,61,validation,F0,61,predicate_mismatch
1,8.996928215026855,1,F0:validation:269,negative,11,va,61,validation,F0,61,predicate_mismatch
1,12.4871244430542,1,F0:validation:510,positive,11,va,60,validation,F0,60,identity
1,4.615026473999023,1,F0:validation:256,positive,11,va,60,validation,F0,60,identity
1,5.245744705200195,1,F0:validation:154,positive,11,va,60,validation,F0,60,identity
1,12.804361343383789,1,F0:validation:103,negative,11,va,61,validation,F0,61,constant_mismatch
1,3.1666221618652344,1,F0:validation:480,positive,11,va,60,validation,F0,60,identity
1,5.893303871154785,1,F0:validation:478,positive,11,va,60,validation,F0,60,identity
1,12.093231678009033,1,F0:validation:379,negative,11,va,61,validation,F0,61,constant_mismatch
1,12.847026824951172,1,F0:validation:325,negative,11,va,61,validation,F0,61,predicate_mismatch
1,7.185766220092773,1,F0:validation:176,positive,11,va,60,validation,F0,60,identity
1,9.996190071105957,1,F0:validation:317,negative,11,va,61,validation,F0,61,predicate_mismatch
1,12.081088066101074,1,F0:validation:239,negative,11,va,61,validation,F0,61,constant_mismatch
1,14.063319683074951,1,F0:validation:315,negative,11,va,61,validation,F0,61,constant_mismatch
1,11.987885475158691,1,F0:validation:307,negative,11,va,61,validation,F0,61,constant_mismatch
1,8.456883430480957,1,F0:validation:246,positive,11,va,60,validation,F0,60,identity
1,6.254210472106934,1,F0:validation:48,positive,11,va,60,validation,F0,60,identity
1,10.103874206542969,1,F0:validation:94,positive,11,va,60,validation,F0,60,identity
1,5.636943817138672,1,F0:validation:444,positive,11,va,60,validation,F0,60,identity
1,10.782904148101807,1,F0:validation:475,negative,11,va,61,validation,F0,61,constant_mismatch
1,11.00018835067749,1,F0:validation:10,positive,11,va,60,validation,F0,60,identity
1,10.995527267456055,1,F0:validation:29,negative,11,va,61,validation,F0,61,predicate_mismatch
1,6.254210472106934,1,F0:validation:174,positive,11,va,60,validation,F0,60,identity
1,12.62412166595459,1,F0:validation:207,negative,11,va,61,validation,F0,61,constant_mismatch
1,12.317125797271729,1,F0:validation:357,negative,11,va,61,validation,F0,61,predicate_mismatch
1,10.39337682723999,1,F0:validation:442,positive,11,va,60,validation,F0,60,identity
1,5.244672775268555,1,F0:validation:184,positive,11,va,60,validation,F0,60,identity
1,11.751893520355225,1,F0:validation:81,negative,11,va,61,validation,F0,61,predicate_mismatch
1,12.710413932800293,1,F0:validation:97,negative,11,va,61,validation,F0,61,predicate_mismatch
1,10.957701683044434,1,F0:validation:488,positive,11,va,60,validation,F0,60,identity
1,11.166356563568115,1,F0:validation:71,negative,11,va,61,validation,F0,61,constant_mismatch
1,13.198087215423584,1,F0:validation:439,negative,11,va,61,validation,F0,61,constant_mismatch
1,8.925320625305176,1,F0:validation:2,positive,11,va,60,validation,F0,60,identity
1,13.57891845703125,1,F0:validation:389,negative,11,va,61,validation,F0,61,predicate_mismatch
1,10.673050880432129,1,F0:validation:275,negative,11,va,61,validation,F0,61,constant_mismatch
1,11.077483654022217,1,F0:validation:425,negative,11,va,61,validation,F0,61,predicate_mismatch
1,10.793334484100342,1,F0:validation:225,negative,11,va,61,validation,F0,61,predicate_mismatch
1,4.701963424682617,1,F0:validation:438,positive,11,va,60,validation,F0,60,identity
1,10.103874206542969,1,F0:validation:76,positive,11,va,60,validation,F0,60,identity
1,7.069141387939453,1,F0:validation:448,positive,11,va,60,validation,F0,60,identity
1,7.185766220092773,1,F0:validation:364,positive,11,va,60,validation,F0,60,identity
1,8.893660545349121,1,F0:validation:54,positive,11,va,60,validation,F0,60,identity
0,-8.070462226867676,0,F0:validation:497,negative,11,va,60,validation,F0,61,predicate_mismatch
1,11.89070987701416,1,F0:validation:115,negative,11,va,61,validation,F0,61,constant_mismatch
1,12.956922054290771,1,F0:validation:237,negative,11,va,61,validation,F0,61,predicate_mismatch
1,6.424002647399902,1,F0:validation:118,positive,11,va,60,validation,F0,60,identity
1,11.113845348358154,1,F0:validation:386,positive,11,va,60,validation,F0,60,identity
1,8.333269119262695,1,F0:validation:216,positive,11,va,60,validation,F0,60,identity
1,12.65041208267212,1,F0:validation:483,negative,11,va,61,validation,F0,61,constant_mismatch
1,10.64549732208252,1,F0:validation:215,negative,11,va,61,validation,F0,61,constant_mismatch
1,10.724480152130127,1,F0:validation:453,negative,11,va,61,validation,F0,61,predicate_mismatch
1,9.41892147064209,1,F0:validation:60,positive,11,va,60,validation,F0,60,identity
1,4.536981582641602,1,F0:validation:396,positive,11,va,60,validation,F0,60,identity
1,12.766139507293701,1,F0:validation:485,negative,11,va,61,validation,F0,61,predicate_mismatch
1,12.327110290527344,1,F0:validation:257,negative,11,va,61,validation,F0,61,predicate_mismatch
1,7.551091194152832,1,F0:validation:362,positive,11,va,60,validation,F0,60,identity
1,7.116070747375488,1,F0:validation:468,positive,11,va,60,validation,F0,60,identity
1,7.635626792907715,1,F0:validation:276,positive,11,va,60,validation,F0,60,identity
1,9.64039659500122,1,F0:validation:217,negative,11,va,61,validation,F0,61,predicate_mismatch
1,9.165445804595947,1,F0:validation:328,positive,11,va,60,validation,F0,60,identity
1,10.199380874633789,1,F0:validation:61,negative,11,va,61,validation,F0,61,predicate_mismatch
1,12.345143795013428,1,F0:validation:407,negative,11,va,61,validation,F0,61,constant_mismatch
1,11.319964408874512,1,F0:validation:141,negative,11,va,61,validation,F0,61,predicate_mismatch
1,9.295647144317627,1,F0:validation:26,positive,11,va,60,validation,F0,60,identity
1,13.707034826278687,1,F0:validation:51,negative,11,va,61,validation,F0,61,constant_mismatch
1,11.81727409362793,1,F0:validation:283,negative,11,va,61,validation,F0,61,constant_mismatch
1,10.567612171173096,1,F0:validation:214,positive,11,va,60,validation,F0,60,identity
1,9.271812438964844,1,F0:validation:244,positive,11,va,60,validation,F0,60,identity
1,12.492926120758057,1,F0:validation:99,negative,11,va,61,validation,F0,61,constant_mismatch
1,7.374595642089844,1,F0:validation:456,positive,11,va,60,validation,F0,60,identity
1,7.665388107299805,1,F0:validation:18,positive,11,va,60,validation,F0,60,identity
1,7.357379913330078,1,F0:validation:252,positive,11,va,60,validation,F0,60,identity
1,7.992108345031738,1,F0:validation:30,positive,11,va,60,validation,F0,60,identity
1,12.103819370269775,1,F0:validation:393,negative,11,va,61,validation,F0,61,predicate_mismatch
1,12.8233003616333,1,F0:validation:395,negative,11,va,61,validation,F0,61,constant_mismatch
0,-3.8875370025634766,0,F0:validation:303,negative,11,va,60,validation,F0,61,constant_mismatch
1,7.992108345031738,1,F0:validation:348,positive,11,va,60,validation,F0,60,identity
1,4.881960868835449,1,F0:validation:165,negative,11,va,61,validation,F0,61,predicate_mismatch
1,12.589199542999268,1,F0:validation:151,negative,11,va,61,validation,F0,61,constant_mismatch
1,7.572963714599609,1,F0:validation:314,positive,11,va,60,validation,F0,60,identity
1,11.6080961227417,1,F0:validation:441,negative,11,va,61,validation,F0,61,predicate_mismatch
1,12.579338073730469,1,F0:validation:265,negative,11,va,61,validation,F0,61,predicate_mismatch
1,12.382235050201416,1,F0:validation:343,negative,11,va,61,validation,F0,61,constant_mismatch
1,13.00166130065918,1,F0:validation:19,negative,11,va,61,validation,F0,61,constant_mismatch
1,11.05665922164917,1,F0:validation:271,negative,11,va,61,validation,F0,61,constant_mismatch
1,7.1188459396362305,1,F0:validation:304,positive,11,va,60,validation,F0,60,identity
1,12.823146343231201,1,F0:validation:23,negative,11,va,61,validation,F0,61,constant_mismatch
1,10.263180255889893,1,F0:validation:86,positive,11,va,60,validation,F0,60,identity
1,7.665388107299805,1,F0:validation:458,positive,11,va,60,validation,F0,60,identity
1,8.42945384979248,1,F0:validation:316,positive,11,va,60,validation,F0,60,identity
1,6.886710166931152,1,F0:validation:228,positive,11,va,60,validation,F0,60,identity
1,12.0819730758667,1,F0:validation:167,negative,11,va,61,validation,F0,61,constant_mismatch
1,11.259358882904053,1,F0:validation:37,negative,11,va,61,validation,F0,61,predicate_mismatch
1,11.496012210845947,1,F0:validation:251,negative,11,va,61,validation,F0,61,constant_mismatch
1,14.08455491065979,1,F0:validation:287,negative,11,va,61,validation,F0,61,constant_mismatch
1,8.827731609344482,1,F0:validation:385,negative,11,va,61,validation,F0,61,predicate_mismatch
1,11.531155586242676,1,F0:validation:41,negative,11,va,61,validation,F0,61,predicate_mismatch
1,8.19964599609375,1,F0:validation:112,positive,11,va,60,validation,F0,60,identity
1,10.116568088531494,1,F0:validation:177,negative,11,va,61,validation,F0,61,predicate_mismatch
1,11.76151704788208,1,F0:validation:123,negative,11,va,61,validation,F0,61,constant_mismatch
1,13.018174648284912,1,F0:validation:301,negative,11,va,61,validation,F0,61,predicate_mismatch
1,8.456883430480957,1,F0:validation:32,positive,11,va,60,validation,F0,60,identity
1,11.495173454284668,1,F0:validation:298,positive,11,va,60,validation,F0,60,identity
1,10.853997230529785,1,F0:validation:34,positive,11,va,60,validation,F0,60,identity
1,12.061488628387451,1,F0:validation:1,negative,11,va,61,validation,F0,61,predicate_mismatch
1,10.809728145599365,1,F0:validation:299,negative,11,va,61,validation,F0,61,constant_mismatch
1,11.103727340698242,1,F0:validation:416,positive,11,va,60,validation,F0,60,identity
1,12.63318681716919,1,F0:validation:399,negative,11,va,61,validation,F0,61,constant_mismatch
1,12.497004985809326,1,F0:validation:503,negative,11,va,61,validation,F0,61,constant_mismatch
1,12.921659469604492,1,F0:validation:377,negative,11,va,61,validation,F0,61,predicate_mismatch
1,11.428698539733887,1,F0:validation:235,negative,11,va,61,validation,F0,61,constant_mismatch
1,7.857436180114746,1,F0:validation:121,negative,11,va,61,validation,F0,61,predicate_mismatch
1,12.09453821182251,1,F0:validation:353,negative,11,va,61,validation,F0,61,predicate_mismatch
1,12.498785018920898,1,F0:validation:337,negative,11,va,61,validation,F0,61,predicate_mismatch
1,7.501317024230957,1,F0:validation:198,positive,11,va,60,validation,F0,60,identity
1,11.074724674224854,1,F0:validation:53,negative,11,va,61,validation,F0,61,predicate_mismatch
1,10.196493148803711,1,F0:validation:64,positive,11,va,60,validation,F0,60,identity
1,7.648625373840332,1,F0:validation:28,positive,11,va,60,validation,F0,60,identity
1,10.751812934875488,1,F0:validation:238,positive,11,va,60,validation,F0,60,identity
1,11.272255420684814,1,F0:validation:329,negative,11,va,61,validation,F0,61,predicate_mismatch
1,10.899548530578613,1,F0:validation:90,positive,11,va,60,validation,F0,60,identity
1,9.783595085144043,1,F0:validation:171,negative,11,va,61,validation,F0,61,constant_mismatch
1,9.561959266662598,1,F0:validation:219,negative,11,va,61,validation,F0,61,constant_mismatch
1,12.415925025939941,1,F0:validation:411,negative,11,va,61,validation,F0,61,constant_mismatch
1,9.794921875,1,F0:validation:250,positive,11,va,60,validation,F0,60,identity
1,11.113845348358154,1,F0:validation:128,positive,11,va,60,validation,F0,60,identity
1,10.109302520751953,1,F0:validation:297,negative,11,va,61,validation,F0,61,predicate_mismatch
1,4.701651573181152,1,F0:validation:272,positive,11,va,60,validation,F0,60,identity
1,12.4871244430542,1,F0:validation:508,positive,11,va,60,validation,F0,60,identity
1,7.76859188079834,1,F0:validation:457,negative,11,va,61,validation,F0,61,predicate_mismatch
1,7.551091194152832,1,F0:validation:342,positive,11,va,60,validation,F0,60,identity
1,12.956074714660645,1,F0:validation:281,negative,11,va,61,validation,F0,61,predicate_mismatch
1,12.46837568283081,1,F0:validation:361,negative,11,va,61,validation,F0,61,predicate_mismatch
1,12.861260414123535,1,F0:validation:467,negative,11,va,61,validation,F0,61,constant_mismatch
1,8.63668155670166,1,F0:validation:186,positive,11,va,60,validation,F0,60,identity
1,11.014545440673828,1,F0:validation:59,negative,11,va,61,validation,F0,61,constant_mismatch
1,11.136721134185791,1,F0:validation:143,negative,11,va,61,validation,F0,61,constant_mismatch
1,5.244672775268555,1,F0:validation:422,positive,11,va,60,validation,F0,60,identity
1,6.761811256408691,1,F0:validation:482,positive,11,va,60,validation,F0,60,identity
1,13.234658241271973,1,F0:validation:157,negative,11,va,61,validation,F0,61,predicate_mismatch
1,6.594666481018066,1,F0:validation:381,negative,11,va,61,validation,F0,61,predicate_mismatch
1,10.957701683044434,1,F0:validation:104,positive,11,va,60,validation,F0,60,identity
1,12.89743185043335,1,F0:validation:35,negative,11,va,61,validation,F0,61,constant_mismatch
1,7.492611885070801,1,F0:validation:340,positive,11,va,60,validation,F0,60,identity
1,12.662115097045898,1,F0:validation:501,negative,11,va,61,validation,F0,61,predicate_mismatch
1,11.89290475845337,1,F0:validation:180,positive,11,va,60,validation,F0,60,identity
1,7.943182945251465,1,F0:validation:380,positive,11,va,60,validation,F0,60,identity
1,13.095022678375244,1,F0:validation:147,negative,11,va,61,validation,F0,61,constant_mismatch
1,12.840706825256348,1,F0:validation:259,negative,11,va,61,validation,F0,61,constant_mismatch
1,13.021495342254639,1,F0:validation:155,negative,11,va,61,validation,F0,61,constant_mismatch
1,12.568081855773926,1,F0:validation:229,negative,11,va,61,validation,F0,61,predicate_mismatch
1,11.00018835067749,1,F0:validation:80,positive,11,va,60,validation,F0,60,identity
1,13.023131847381592,1,F0:validation:339,negative,11,va,61,validation,F0,61,constant_mismatch
1,11.87744140625,1,F0:validation:261,negative,11,va,61,validation,F0,61,predicate_mismatch
1,9.676984310150146,1,F0:validation:419,negative,11,va,61,validation,F0,61,constant_mismatch
1,6.438118934631348,1,F0:validation:192,positive,11,va,60,validation,F0,60,identity
1,3.186526298522949,1,F0:validation:232,positive,11,va,60,validation,F0,60,identity
1,7.26267147064209,1,F0:validation:392,positive,11,va,60,validation,F0,60,identity
1,9.067625045776367,1,F0:validation:142,positive,11,va,60,validation,F0,60,identity
1,8.925320625305176,1,F0:validation:382,positive,11,va,60,validation,F0,60,identity
1,11.495324611663818,1,F0:validation:185,negative,11,va,61,validation,F0,61,predicate_mismatch
1,8.925320625305176,1,F0:validation:368,positive,11,va,60,validation,F0,60,identity
1,14.03906536102295,1,F0:validation:55,negative,11,va,61,validation,F0,61,constant_mismatch
1,6.852081298828125,1,F0:validation:16,positive,11,va,60,validation,F0,60,identity
1,11.517404556274414,1,F0:validation:431,negative,11,va,61,validation,F0,61,constant_mismatch
1,6.929991722106934,1,F0:validation:254,positive,11,va,60,validation,F0,60,identity
1,12.26783561706543,1,F0:validation:67,negative,11,va,61,validation,F0,61,constant_mismatch
1,6.197907447814941,1,F0:validation:406,positive,11,va,60,validation,F0,60,identity
1,11.136593341827393,1,F0:validation:187,negative,11,va,61,validation,F0,61,constant_mismatch
1,4.701963424682617,1,F0:validation:356,positive,11,va,60,validation,F0,60,identity
1,10.613341808319092,1,F0:validation:7,negative,11,va,61,validation,F0,61,constant_mismatch
1,10.522090435028076,1,F0:validation:279,negative,11,va,61,validation,F0,61,constant_mismatch
1,11.587770938873291,1,F0:validation:313,negative,11,va,61,validation,F0,61,predicate_mismatch
1,9.852880954742432,1,F0:validation:213,negative,11,va,61,validation,F0,61,predicate_mismatch
1,11.522070407867432,1,F0:validation:5,negative,11,va,61,validation,F0,61,predicate_mismatch
1,7.551091194152832,1,F0:validation:460,positive,11,va,60,validation,F0,60,identity
1,12.852963924407959,1,F0:validation:415,negative,11,va,61,validation,F0,61,constant_mismatch
1,6.254210472106934,1,F0:validation:258,positive,11,va,60,validation,F0,60,identity
1,12.579338073730469,1,F0:validation:9,negative,11,va,61,validation,F0,61,predicate_mismatch
1,12.46923017501831,1,F0:validation:233,negative,11,va,61,validation,F0,61,predicate_mismatch
1,11.149049282073975,1,F0:validation:397,negative,11,va,61,validation,F0,61,predicate_mismatch
1,10.768595695495605,1,F0:validation:211,negative,11,va,61,validation,F0,61,constant_mismatch
1,7.501317024230957,1,F0:validation:74,positive,11,va,60,validation,F0,60,identity
1,9.215280055999756,1,F0:validation:277,negative,11,va,61,validation,F0,61,predicate_mismatch
1,10.793334484100342,1,F0:validation:65,negative,11,va,61,validation,F0,61,predicate_mismatch
1,11.959568500518799,1,F0:validation:101,negative,11,va,61,validation,F0,61,predicate_mismatch
1,7.720245361328125,1,F0:validation:234,positive,11,va,60,validation,F0,60,identity
1,10.103874206542969,1,F0:validation:294,positive,11,va,60,validation,F0,60,identity
1,5.893303871154785,1,F0:validation:494,positive,11,va,60,validation,F0,60,identity
1,11.870615482330322,1,F0:validation:201,negative,11,va,61,validation,F0,61,predicate_mismatch
1,6.013528823852539,1,F0:validation:282,positive,11,va,60,validation,F0,60,identity
1,11.824732303619385,1,F0:validation:109,negative,11,va,61,validation,F0,61,predicate_mismatch
1,13.208946466445923,1,F0:validation:83,negative,11,va,61,validation,F0,61,constant_mismatch
1,7.720245361328125,1,F0:validation:218,positive,11,va,60,validation,F0,60,identity
1,9.739099979400635,1,F0:validation:375,negative,11,va,61,validation,F0,61,constant_mismatch
1,9.01173210144043,1,F0:validation:418,positive,11,va,60,validation,F0,60,identity
1,10.681397438049316,1,F0:validation:267,negative,11,va,61,validation,F0,61,constant_mismatch
1,10.884673118591309,1,F0:validation:331,negative,11,va,61,validation,F0,61,constant_mismatch
1,9.495846271514893,1,F0:validation:371,negative,11,va,61,validation,F0,61,constant_mismatch
1,6.2630109786987305,1,F0:validation:300,positive,11,va,60,validation,F0,60,identity
1,10.575202465057373,1,F0:validation:401,negative,11,va,61,validation,F0,61,predicate_mismatch
1,12.49299955368042,1,F0:validation:43,negative,11,va,61,validation,F0,61,constant_mismatch
0,-4.840802192687988,0,F0:validation:443,negative,11,va,60,validation,F0,61,constant_mismatch
1,11.73266077041626,1,F0:validation:354,positive,11,va,60,validation,F0,60,identity
1,3.0943422317504883,1,F0:validation:93,negative,11,va,61,validation,F0,61,predicate_mismatch
1,6.852081298828125,1,F0:validation:242,positive,11,va,60,validation,F0,60,identity
1,7.551091194152832,1,F0:validation:450,positive,11,va,60,validation,F0,60,identity
1,14.06525507569313,1,F0:validation:163,negative,11,va,61,validation,F0,61,constant_mismatch
1,12.220721244812012,1,F0:validation:363,negative,11,va,61,validation,F0,61,constant_mismatch
1,7.67756462097168,1,F0:validation:334,positive,11,va,60,validation,F0,60,identity
1,7.572963714599609,1,F0:validation:38,positive,11,va,60,validation,F0,60,identity
1,9.784417152404785,1,F0:validation:75,negative,11,va,61,validation,F0,61,constant_mismatch
1,10.899548530578613,1,F0:validation:336,positive,11,va,60,validation,F0,60,identity
1,10.567612171173096,1,F0:validation:462,positive,11,va,60,validation,F0,60,identity
1,12.326527118682861,1,F0:validation:481,negative,11,va,61,validation,F0,61,predicate_mismatch
1,12.602354526519775,1,F0:validation:445,negative,11,va,61,validation,F0,61,predicate_mismatch
1,8.291983604431152,1,F0:validation:149,negative,11,va,61,validation,F0,61,predicate_mismatch
1,11.113845348358154,1,F0:validation:40,positive,11,va,60,validation,F0,60,identity
1,5.620476722717285,1,F0:validation:113,negative,11,va,61,validation,F0,61,predicate_mismatch
1,10.263180255889893,1,F0:validation:98,positive,11,va,60,validation,F0,60,identity
1,10.762102127075195,1,F0:validation:221,negative,11,va,61,validation,F0,61,predicate_mismatch
1,8.19964599609375,1,F0:validation:160,positive,11,va,60,validation,F0,60,identity
1,12.16646957397461,1,F0:validation:161,negative,11,va,61,validation,F0,61,predicate_mismatch
1,12.086768627166748,1,F0:validation:195,negative,11,va,61,validation,F0,61,constant_mismatch
1,3.8875350952148438,1,F0:validation:190,positive,11,va,60,validation,F0,60,identity
1,7.88050651550293,1,F0:validation:476,positive,11,va,60,validation,F0,60,identity
1,6.48574161529541,1,F0:validation:164,positive,11,va,60,validation,F0,60,identity
1,14.28490835428238,1,F0:validation:47,negative,11,va,61,validation,F0,61,constant_mismatch
1,5.89451789855957,1,F0:validation:378,positive,11,va,60,validation,F0,60,identity
1,11.89290475845337,1,F0:validation:152,positive,11,va,60,validation,F0,60,identity
1,11.67579460144043,1,F0:validation:241,negative,11,va,61,validation,F0,61,predicate_mismatch
1,9.295647144317627,1,F0:validation:464,positive,11,va,60,validation,F0,60,identity
1,10.173005104064941,1,F0:validation:129,negative,11,va,61,validation,F0,61,predicate_mismatch
1,10.751812934875488,1,F0:validation:412,positive,11,va,60,validation,F0,60,identity
1,3.8875112533569336,1,F0:validation:84,positive,11,va,60,validation,F0,60,identity
1,10.156376838684082,1,F0:validation:188,positive,11,va,60,validation,F0,60,identity
1,10.103874206542969,1,F0:validation:68,positive,11,va,60,validation,F0,60,identity
1,10.853997230529785,1,F0:validation:206,positive,11,va,60,validation,F0,60,identity
1,9.794921875,1,F0:validation:156,positive,11,va,60,validation,F0,60,identity
1,10.383951663970947,1,F0:validation:153,negative,11,va,61,validation,F0,61,predicate_mismatch
1,10.751812934875488,1,F0:validation:426,positive,11,va,60,validation,F0,60,identity
1,7.116070747375488,1,F0:validation:286,positive,11,va,60,validation,F0,60,identity
1,8.42945384979248,1,F0:validation:58,positive,11,va,60,validation,F0,60,identity
1,14.006989479064941,1,F0:validation:199,negative,11,va,61,validation,F0,61,constant_mismatch
1,13.031376361846924,1,F0:validation:367,negative,11,va,61,validation,F0,61,constant_mismatch
1,3.845541000366211,1,F0:validation:264,positive,11,va,60,validation,F0,60,identity
1,11.016631603240967,1,F0:validation:459,negative,11,va,61,validation,F0,61,constant_mismatch
1,11.031534194946289,1,F0:validation:383,negative,11,va,61,validation,F0,61,constant_mismatch
1,11.356257438659668,1,F0:validation:119,negative,11,va,61,validation,F0,61,constant_mismatch
1,9.165445804595947,1,F0:validation:212,positive,11,va,60,validation,F0,60,identity
1,11.679916381835938,1,F0:validation:85,negative,11,va,61,validation,F0,61,predicate_mismatch
1,8.353678226470947,1,F0:validation:21,negative,11,va,61,validation,F0,61,predicate_mismatch
1,10.994462490081787,1,F0:validation:427,negative,11,va,61,validation,F0,61,constant_mismatch
1,6.398839950561523,1,F0:validation:127,negative,11,va,61,validation,F0,61,constant_mismatch
1,8.365748405456543,1,F0:validation:159,negative,11,va,61,validation,F0,61,constant_mismatch
1,8.333269119262695,1,F0:validation:318,positive,11,va,60,validation,F0,60,identity
1,13.578736543655396,1,F0:validation:189,negative,11,va,61,validation,F0,61,predicate_mismatch
1,11.416082382202148,1,F0:validation:311,negative,11,va,61,validation,F0,61,constant_mismatch
1,10.102111339569092,1,F0:validation:249,negative,11,va,61,validation,F0,61,predicate_mismatch
1,9.775947570800781,1,F0:validation:132,positive,11,va,60,validation,F0,60,identity
1,3.8875350952148438,1,F0:validation:432,positive,11,va,60,validation,F0,60,identity
1,13.04302453994751,1,F0:validation:91,negative,11,va,61,validation,F0,61,constant_mismatch
1,11.974345684051514,1,F0:validation:403,negative,11,va,61,validation,F0,61,constant_mismatch
1,8.224489212036133,1,F0:validation:492,positive,11,va,60,validation,F0,60,identity
1,7.22552490234375,1,F0:validation:138,positive,11,va,60,validation,F0,60,identity
1,6.508618354797363,1,F0:validation:77,negative,11,va,61,validation,F0,61,predicate_mismatch
1,5.194757461547852,1,F0:validation:14,positive,11,va,60,validation,F0,60,identity
1,6.508618354797363,1,F0:validation:137,negative,11,va,61,validation,F0,61,predicate_mismatch
1,9.46441650390625,1,F0:validation:227,negative,11,va,61,validation,F0,61,constant_mismatch
1,5.893303871154785,1,F0:validation:498,positive,11,va,60,validation,F0,60,identity
1,13.035127639770508,1,F0:validation:111,negative,11,va,61,validation,F0,61,constant_mismatch
1,11.108288764953613,1,F0:validation:477,negative,11,va,61,validation,F0,61,predicate_mismatch
1,11.596301555633545,1,F0:validation:463,negative,11,va,61,validation,F0,61,constant_mismatch
1,7.139163017272949,1,F0:validation:428,positive,11,va,60,validation,F0,60,identity
1,7.635626792907715,1,F0:validation:410,positive,11,va,60,validation,F0,60,identity
1,6.94572639465332,1,F0:validation:293,negative,11,va,61,validation,F0,61,predicate_mismatch
1,9.287860870361328,1,F0:validation:27,negative,11,va,61,validation,F0,61,constant_mismatch
1,7.854260444641113,1,F0:validation:240,positive,11,va,60,validation,F0,60,identity
1,11.267402648925781,1,F0:validation:323,negative,11,va,61,validation,F0,61,constant_mismatch
1,7.287408828735352,1,F0:validation:292,positive,11,va,60,validation,F0,60,identity
1,12.241426467895508,1,F0:validation:349,negative,11,va,61,validation,F0,61,predicate_mismatch
1,9.794921875,1,F0:validation:372,positive,11,va,60,validation,F0,60,identity
1,10.196493148803711,1,F0:validation:62,positive,11,va,60,validation,F0,60,identity
1,10.263180255889893,1,F0:validation:200,positive,11,va,60,validation,F0,60,identity
1,11.121194839477539,1,F0:validation:39,negative,11,va,61,validation,F0,61,constant_mismatch
1,10.679248809814453,1,F0:validation:324,positive,11,va,60,validation,F0,60,identity
1,11.495173454284668,1,F0:validation:168,positive,11,va,60,validation,F0,60,identity
1,7.551091194152832,1,F0:validation:290,positive,11,va,60,validation,F0,60,identity
1,11.66537618637085,1,F0:validation:33,negative,11,va,61,validation,F0,61,predicate_mismatch
1,2.8685779571533203,1,F0:validation:3,negative,11,va,61,validation,F0,61,constant_mismatch
1,7.374595642089844,1,F0:validation:36,positive,11,va,60,validation,F0,60,identity
1,4.615026473999023,1,F0:validation:408,positive,11,va,60,validation,F0,60,identity
1,10.675482273101807,1,F0:validation:449,negative,11,va,61,validation,F0,61,predicate_mismatch
1,6.2824249267578125,1,F0:validation:140,positive,11,va,60,validation,F0,60,identity
1,10.364346981048584,1,F0:validation:502,positive,11,va,60,validation,F0,60,identity
1,12.844274044036865,1,F0:validation:289,negative,11,va,61,validation,F0,61,predicate_mismatch
1,7.586759567260742,1,F0:validation:56,positive,11,va,60,validation,F0,60,identity
1,11.697614192962646,1,F0:validation:391,negative,11,va,61,validation,F0,61,constant_mismatch
1,6.719154357910156,1,F0:validation:173,negative,11,va,61,validation,F0,61,predicate_mismatch
1,9.067625045776367,1,F0:validation:376,positive,11,va,60,validation,F0,60,identity
1,10.884673118591309,1,F0:validation:327,negative,11,va,61,validation,F0,61,constant_mismatch
1,13.445629596710205,1,F0:validation:105,negative,11,va,61,validation,F0,61,predicate_mismatch
1,13.640437841415405,1,F0:validation:487,negative,11,va,61,validation,F0,61,constant_mismatch
1,12.219025611877441,1,F0:validation:435,negative,11,va,61,validation,F0,61,constant_mismatch
1,11.739516258239746,1,F0:validation:429,negative,11,va,61,validation,F0,61,predicate_mismatch
1,8.925320625305176,1,F0:validation:266,positive,11,va,60,validation,F0,60,identity
1,8.925320625305176,1,F0:validation:302,positive,11,va,60,validation,F0,60,identity
1,11.818273544311523,1,F0:validation:131,negative,11,va,61,validation,F0,61,constant_mismatch
1,9.727938652038574,1,F0:validation:338,positive,11,va,60,validation,F0,60,identity
1,12.038534164428711,1,F0:validation:31,negative,11,va,61,validation,F0,61,constant_mismatch
1,10.63902997970581,1,F0:validation:493,negative,11,va,61,validation,F0,61,predicate_mismatch
1,11.73266077041626,1,F0:validation:248,positive,11,va,60,validation,F0,60,identity
1,5.575774192810059,1,F0:validation:170,positive,11,va,60,validation,F0,60,identity
1,3.845541000366211,1,F0:validation:360,positive,11,va,60,validation,F0,60,identity
1,9.295647144317627,1,F0:validation:166,positive,11,va,60,validation,F0,60,identity
1,9.09924602508545,1,F0:validation:451,negative,11,va,61,validation,F0,61,constant_mismatch
1,11.810680389404297,1,F0:validation:471,negative,11,va,61,validation,F0,61,constant_mismatch
1,6.848226547241211,1,F0:validation:330,positive,11,va,60,validation,F0,60,identity
1,12.937799453735352,1,F0:validation:209,negative,11,va,61,validation,F0,61,predicate_mismatch
1,12.38031005859375,1,F0:validation:203,negative,11,va,61,validation,F0,61,constant_mismatch
1,11.035340309143066,1,F0:validation:87,negative,11,va,61,validation,F0,61,constant_mismatch
1,8.456883430480957,1,F0:validation:474,positive,11,va,60,validation,F0,60,identity
1,8.925320625305176,1,F0:validation:178,positive,11,va,60,validation,F0,60,identity
1,11.317573070526123,1,F0:validation:181,negative,11,va,61,validation,F0,61,predicate_mismatch
1,12.327431201934814,1,F0:validation:509,negative,11,va,61,validation,F0,61,predicate_mismatch
1,9.718177795410156,1,F0:validation:309,negative,11,va,61,validation,F0,61,predicate_mismatch
1,11.73266077041626,1,F0:validation:262,positive,11,va,60,validation,F0,60,identity
1,6.4196319580078125,1,F0:validation:306,positive,11,va,60,validation,F0,60,identity
1,10.39337682723999,1,F0:validation:126,positive,11,va,60,validation,F0,60,identity
1,10.263180255889893,1,F0:validation:496,positive,11,va,60,validation,F0,60,identity
1,11.032102108001709,1,F0:validation:273,negative,11,va,61,validation,F0,61,predicate_mismatch
1,3.4610509872436523,1,F0:validation:73,negative,11,va,61,validation,F0,61,predicate_mismatch
1,3.78140926361084,1,F0:validation:44,positive,11,va,60,validation,F0,60,identity
1,11.00018835067749,1,F0:validation:452,positive,11,va,60,validation,F0,60,identity
1,6.852081298828125,1,F0:validation:204,positive,11,va,60,validation,F0,60,identity
1,10.305975437164307,1,F0:validation:247,negative,11,va,61,validation,F0,61,constant_mismatch
1,10.821635723114014,1,F0:validation:351,negative,11,va,61,validation,F0,61,constant_mismatch
1,6.812396049499512,1,F0:validation:369,negative,11,va,61,validation,F0,61,predicate_mismatch
1,5.89451789855957,1,F0:validation:6,positive,11,va,60,validation,F0,60,identity
1,9.164680480957031,1,F0:validation:133,negative,11,va,61,validation,F0,61,predicate_mismatch
1,6.331291198730469,1,F0:validation:420,positive,11,va,60,validation,F0,60,identity
1,6.2824249267578125,1,F0:validation:280,positive,11,va,60,validation,F0,60,identity
1,9.18603801727295,1,F0:validation:350,positive,11,va,60,validation,F0,60,identity
1,5.245744705200195,1,F0:validation:500,positive,11,va,60,validation,F0,60,identity
1,6.254210472106934,1,F0:validation:70,positive,11,va,60,validation,F0,60,identity
1,7.572963714599609,1,F0:validation:322,positive,11,va,60,validation,F0,60,identity
1,9.41892147064209,1,F0:validation:400,positive,11,va,60,validation,F0,60,identity
1,13.231591701507568,1,F0:validation:469,negative,11,va,61,validation,F0,61,predicate_mismatch
1,12.219534397125244,1,F0:validation:511,negative,11,va,61,validation,F0,61,constant_mismatch
1,6.2824249267578125,1,F0:validation:24,positive,11,va,60,validation,F0,60,identity
1,10.383122444152832,1,F0:validation:308,positive,11,va,60,validation,F0,60,identity
1,8.42945384979248,1,F0:validation:88,positive,11,va,60,validation,F0,60,identity
1,12.42124080657959,1,F0:validation:387,negative,11,va,61,validation,F0,61,constant_mismatch
1,11.838394165039062,1,F0:validation:17,negative,11,va,61,validation,F0,61,predicate_mismatch
1,9.784417152404785,1,F0:validation:243,negative,11,va,61,validation,F0,61,constant_mismatch
1,11.20487117767334,1,F0:validation:321,negative,11,va,61,validation,F0,61,predicate_mismatch
1,11.516761779785156,1,F0:validation:319,negative,11,va,61,validation,F0,61,constant_mismatch
1,4.701651573181152,1,F0:validation:110,positive,11,va,60,validation,F0,60,identity
1,10.483078002929688,1,F0:validation:417,negative,11,va,61,validation,F0,61,predicate_mismatch
1,7.185766220092773,1,F0:validation:150,positive,11,va,60,validation,F0,60,identity
1,6.197907447814941,1,F0:validation:404,positive,11,va,60,validation,F0,60,identity
1,5.89451789855957,1,F0:validation:148,positive,11,va,60,validation,F0,60,identity
1,9.33064079284668,1,F0:validation:365,negative,11,va,61,validation,F0,61,predicate_mismatch
1,12.402082920074463,1,F0:validation:295,negative,11,va,61,validation,F0,61,constant_mismatch
1,10.994462490081787,1,F0:validation:495,negative,11,va,61,validation,F0,61,constant_mismatch
1,9.18603801727295,1,F0:validation:162,positive,11,va,60,validation,F0,60,identity
1,7.586759567260742,1,F0:validation:278,positive,11,va,60,validation,F0,60,identity
1,13.140721321105957,1,F0:validation:245,negative,11,va,61,validation,F0,61,predicate_mismatch
1,7.586759567260742,1,F0:validation:440,positive,11,va,60,validation,F0,60,identity
1,10.635846138000488,1,F0:validation:355,negative,11,va,61,validation,F0,61,constant_mismatch
1,9.482984066009521,1,F0:validation:191,negative,11,va,61,validation,F0,61,constant_mismatch
1,6.424002647399902,1,F0:validation:210,positive,11,va,60,validation,F0,60,identity
1,9.41892147064209,1,F0:validation:134,positive,11,va,60,validation,F0,60,identity
1,7.572963714599609,1,F0:validation:470,positive,11,va,60,validation,F0,60,identity
1,13.12653112411499,1,F0:validation:491,negative,11,va,61,validation,F0,61,constant_mismatch
1,6.197907447814941,1,F0:validation:116,positive,11,va,60,validation,F0,60,identity
1,10.567612171173096,1,F0:validation:226,positive,11,va,60,validation,F0,60,identity
1,7.26267147064209,1,F0:validation:390,positive,11,va,60,validation,F0,60,identity
1,10.413963317871094,1,F0:validation:255,negative,11,va,61,validation,F0,61,constant_mismatch
1,5.481202125549316,1,F0:validation:22,positive,11,va,60,validation,F0,60,identity
1,7.937090873718262,1,F0:validation:347,negative,11,va,61,validation,F0,61,constant_mismatch
1,7.287408828735352,1,F0:validation:102,positive,11,va,60,validation,F0,60,identity
1,10.457922458648682,1,F0:validation:341,negative,11,va,61,validation,F0,61,predicate_mismatch
1,12.63018274307251,1,F0:validation:253,negative,11,va,61,validation,F0,61,predicate_mismatch
1,7.720245361328125,1,F0:validation:332,positive,11,va,60,validation,F0,60,identity
1,7.127021789550781,1,F0:validation:125,negative,11,va,61,validation,F0,61,predicate_mismatch
1,11.818273544311523,1,F0:validation:263,negative,11,va,61,validation,F0,61,constant_mismatch
1,10.8368558883667,1,F0:validation:333,negative,11,va,61,validation,F0,61,predicate_mismatch
1,10.567612171173096,1,F0:validation:260,positive,11,va,60,validation,F0,60,identity
1,12.713736057281494,1,F0:validation:193,negative,11,va,61,validation,F0,61,predicate_mismatch
1,9.933648586273193,1,F0:validation:424,positive,11,va,60,validation,F0,60,identity
1,5.893303871154785,1,F0:validation:96,positive,11,va,60,validation,F0,60,identity
1,13.187191009521484,1,F0:validation:57,negative,11,va,61,validation,F0,61,predicate_mismatch
1,12.21566915512085,1,F0:validation:499,negative,11,va,61,validation,F0,61,constant_mismatch
1,9.132137775421143,1,F0:validation:42,positive,11,va,60,validation,F0,60,identity
1,12.4871244430542,1,F0:validation:46,positive,11,va,60,validation,F0,60,identity
1,9.41892147064209,1,F0:validation:268,positive,11,va,60,validation,F0,60,identity
1,6.929991722106934,1,F0:validation:472,positive,11,va,60,validation,F0,60,identity
1,7.975516319274902,1,F0:validation:78,positive,11,va,60,validation,F0,60,identity
1,10.263180255889893,1,F0:validation:236,positive,11,va,60,validation,F0,60,identity
1,9.18603801727295,1,F0:validation:270,positive,11,va,60,validation,F0,60,identity
1,6.438118934631348,1,F0:validation:490,positive,11,va,60,validation,F0,60,identity
1,11.336469650268555,1,F0:validation:145,negative,11,va,61,validation,F0,61,predicate_mismatch
1,10.103874206542969,1,F0:validation:484,positive,11,va,60,validation,F0,60,identity
1,6.438118934631348,1,F0:validation:108,positive,11,va,60,validation,F0,60,identity
1,10.751812934875488,1,F0:validation:144,positive,11,va,60,validation,F0,60,identity
1,3.186526298522949,1,F0:validation:194,positive,11,va,60,validation,F0,60,identity
1,11.815985679626465,1,F0:validation:359,negative,11,va,61,validation,F0,61,constant_mismatch
1,12.268239974975586,1,F0:validation:117,negative,11,va,61,validation,F0,61,predicate_mismatch
1,7.551091194152832,1,F0:validation:122,positive,11,va,60,validation,F0,60,identity
1,8.19964599609375,1,F0:validation:224,positive,11,va,60,validation,F0,60,identity
1,5.575774192810059,1,F0:validation:106,positive,11,va,60,validation,F0,60,identity
1,11.523335933685303,1,F0:test:149,negative,11,te,61,test,F0,61,predicate_mismatch
1,3.8875112533569336,1,F0:test:356,positive,11,te,60,test,F0,60,identity
1,10.027007102966309,1,F0:test:108,positive,11,te,60,test,F0,60,identity
1,11.788372039794922,1,F0:test:467,negative,11,te,61,test,F0,61,constant_mismatch
1,5.89451789855957,1,F0:test:64,positive,11,te,60,test,F0,60,identity
1,9.47533369064331,1,F0:test:227,negative,11,te,61,test,F0,61,constant_mismatch
1,8.387762069702148,1,F0:test:309,negative,11,te,61,test,F0,61,predicate_mismatch
1,12.821801662445068,1,F0:test:123,negative,11,te,61,test,F0,61,constant_mismatch
1,12.844274044036865,1,F0:test:485,negative,11,te,61,test,F0,61,predicate_mismatch
1,5.245744705200195,1,F0:test:198,positive,11,te,60,test,F0,60,identity
1,9.340272903442383,1,F0:test:197,negative,11,te,61,test,F0,61,predicate_mismatch
1,7.069141387939453,1,F0:test:20,positive,11,te,60,test,F0,60,identity
1,12.804361343383789,1,F0:test:119,negative,11,te,61,test,F0,61,constant_mismatch
1,11.103727340698242,1,F0:test:162,positive,11,te,60,test,F0,60,identity
1,12.220717430114746,1,F0:test:335,negative,11,te,61,test,F0,61,constant_mismatch
1,13.286082744598389,1,F0:test:33,negative,11,te,61,test,F0,61,predicate_mismatch
1,10.263180255889893,1,F0:test:236,positive,11,te,60,test,F0,60,identity
1,6.848226547241211,1,F0:test:160,positive,11,te,60,test,F0,60,identity
1,12.638844013214111,1,F0:test:21,negative,11,te,61,test,F0,61,predicate_mismatch
1,11.929977416992188,1,F0:test:19,negative,11,te,61,test,F0,61,constant_mismatch
1,7.374595642089844,1,F0:test:72,positive,11,te,60,test,F0,60,identity
1,11.915088176727295,1,F0:test:243,negative,11,te,61,test,F0,61,constant_mismatch
1,11.256991863250732,1,F0:test:259,negative,11,te,61,test,F0,61,constant_mismatch
1,11.103727340698242,1,F0:test:422,positive,11,te,60,test,F0,60,identity
0,-4.010004997253418,0,F0:test:219,negative,11,te,60,test,F0,61,constant_mismatch
1,6.438118934631348,1,F0:test:238,positive,11,te,60,test,F0,60,identity
1,11.949644804000854,1,F0:test:483,negative,11,te,61,test,F0,61,constant_mismatch
1,6.315646171569824,1,F0:test:358,positive,11,te,60,test,F0,60,identity
1,10.123765468597412,1,F0:test:173,negative,11,te,61,test,F0,61,predicate_mismatch
1,12.38031005859375,1,F0:test:167,negative,11,te,61,test,F0,61,constant_mismatch
1,10.156376838684082,1,F0:test:444,positive,11,te,60,test,F0,60,identity
0,-2.9111175537109375,0,F0:test:477,negative,11,te,60,test,F0,61,predicate_mismatch
1,11.113845348358154,1,F0:test:500,positive,11,te,60,test,F0,60,identity
1,12.046308040618896,1,F0:test:13,negative,11,te,61,test,F0,61,predicate_mismatch
1,9.38008165359497,1,F0:test:11,negative,11,te,61,test,F0,61,constant_mismatch
1,6.197083473205566,1,F0:test:412,positive,11,te,60,test,F0,60,identity
1,9.250112533569336,1,F0:test:41,negative,11,te,61,test,F0,61,predicate_mismatch
1,7.528194427490234,1,F0:test:150,positive,11,te,60,test,F0,60,identity
1,6.277359962463379,1,F0:test:194,positive,11,te,60,test,F0,60,identity
1,5.893303871154785,1,F0:test:408,positive,11,te,60,test,F0,60,identity
1,11.929977416992188,1,F0:test:27,negative,11,te,61,test,F0,61,constant_mismatch
1,6.013528823852539,1,F0:test:158,positive,11,te,60,test,F0,60,identity
1,7.139163017272949,1,F0:test:122,positive,11,te,60,test,F0,60,identity
1,11.113845348358154,1,F0:test:406,positive,11,te,60,test,F0,60,identity
1,12.406474113464355,1,F0:test:449,negative,11,te,61,test,F0,61,predicate_mismatch
1,10.985111236572266,1,F0:test:73,negative,11,te,61,test,F0,61,predicate_mismatch
1,12.209592342376709,1,F0:test:9,negative,11,te,61,test,F0,61,predicate_mismatch
1,7.49125862121582,1,F0:test:281,negative,11,te,61,test,F0,61,predicate_mismatch
1,12.245158195495605,1,F0:test:103,negative,11,te,61,test,F0,61,constant_mismatch
1,6.215808868408203,1,F0:test:129,negative,11,te,61,test,F0,61,predicate_mismatch
1,6.065643310546875,1,F0:test:369,negative,11,te,61,test,F0,61,predicate_mismatch
1,8.333269119262695,1,F0:test:106,positive,11,te,60,test,F0,60,identity
1,11.5010347366333,1,F0:test:3,negative,11,te,61,test,F0,61,constant_mismatch
1,11.632020473480225,1,F0:test:31,negative,11,te,61,test,F0,61,constant_mismatch
1,7.144916534423828,1,F0:test:396,positive,11,te,60,test,F0,60,identity
1,7.287408828735352,1,F0:test:482,positive,11,te,60,test,F0,60,identity
1,7.485576629638672,1,F0:test:332,positive,11,te,60,test,F0,60,identity
1,7.287408828735352,1,F0:test:466,positive,11,te,60,test,F0,60,identity
1,9.18603801727295,1,F0:test:186,positive,11,te,60,test,F0,60,identity
1,7.944513320922852,1,F0:test:373,negative,11,te,61,test,F0,61,predicate_mismatch
1,12.553348064422607,1,F0:test:165,negative,11,te,61,test,F0,61,predicate_mismatch
1,13.021518290042877,1,F0:test:155,negative,11,te,61,test,F0,61,constant_mismatch
1,12.748288631439209,1,F0:test:403,negative,11,te,61,test,F0,61,constant_mismatch
1,8.19964599609375,1,F0:test:394,positive,11,te,60,test,F0,60,identity
1,10.743420600891113,1,F0:test:95,negative,11,te,61,test,F0,61,constant_mismatch
1,11.428698539733887,1,F0:test:91,negative,11,te,61,test,F0,61,constant_mismatch
1,7.139163017272949,1,F0:test:416,positive,11,te,60,test,F0,60,identity
1,6.852081298828125,1,F0:test:398,positive,11,te,60,test,F0,60,identity
1,4.536981582641602,1,F0:test:56,positive,11,te,60,test,F0,60,identity
1,6.331291198730469,1,F0:test:118,positive,11,te,60,test,F0,60,identity
1,11.443907737731934,1,F0:test:439,negative,11,te,61,test,F0,61,constant_mismatch
1,5.886330604553223,1,F0:test:380,positive,11,te,60,test,F0,60,identity
1,6.277359962463379,1,F0:test:454,positive,11,te,60,test,F0,60,identity
1,6.595947265625,1,F0:test:306,positive,11,te,60,test,F0,60,identity
1,11.896491527557373,1,F0:test:287,negative,11,te,61,test,F0,61,constant_mismatch
1,11.682803630828857,1,F0:test:353,negative,11,te,61,test,F0,61,predicate_mismatch
1,11.959568500518799,1,F0:test:361,negative,11,te,61,test,F0,61,predicate_mismatch
1,7.992108345031738,1,F0:test:90,positive,11,te,60,test,F0,60,identity
1,7.374595642089844,1,F0:test:168,positive,11,te,60,test,F0,60,identity
1,7.665388107299805,1,F0:test:460,positive,11,te,60,test,F0,60,identity
1,7.648625373840332,1,F0:test:340,positive,11,te,60,test,F0,60,identity
1,6.2824249267578125,1,F0:test:308,positive,11,te,60,test,F0,60,identity
1,8.63668155670166,1,F0:test:196,positive,11,te,60,test,F0,60,identity
1,9.300982475280762,1,F0:test:161,negative,11,te,61,test,F0,61,predicate_mismatch
1,12.302151203155518,1,F0:test:303,negative,11,te,61,test,F0,61,constant_mismatch
1,10.156376838684082,1,F0:test:300,positive,11,te,60,test,F0,60,identity
1,13.742228269577026,1,F0:test:15,negative,11,te,61,test,F0,61,constant_mismatch
1,12.582718849182129,1,F0:test:233,negative,11,te,61,test,F0,61,predicate_mismatch
1,3.845541000366211,1,F0:test:428,positive,11,te,60,test,F0,60,identity
1,6.013528823852539,1,F0:test:462,positive,11,te,60,test,F0,60,identity
1,13.268240213394165,1,F0:test:293,negative,11,te,61,test,F0,61,predicate_mismatch
1,6.197083473205566,1,F0:test:228,positive,11,te,60,test,F0,60,identity
1,12.909727573394775,1,F0:test:231,negative,11,te,61,test,F0,61,constant_mismatch
1,13.19780969619751,1,F0:test:473,negative,11,te,61,test,F0,61,predicate_mismatch
1,9.609509468078613,1,F0:test:277,negative,11,te,61,test,F0,61,predicate_mismatch
1,12.038480758666992,1,F0:test:407,negative,11,te,61,test,F0,61,constant_mismatch
1,6.197083473205566,1,F0:test:426,positive,11,te,60,test,F0,60,identity
1,11.25451946258545,1,F0:test:153,negative,11,te,61,test,F0,61,predicate_mismatch
1,9.231037139892578,1,F0:test:208,positive,11,te,60,test,F0,60,identity
1,11.821528434753418,1,F0:test:469,negative,11,te,61,test,F0,61,predicate_mismatch
1,11.751893520355225,1,F0:test:329,negative,11,te,61,test,F0,61,predicate_mismatch
1,8.893660545349121,1,F0:test:92,positive,11,te,60,test,F0,60,identity
1,10.679248809814453,1,F0:test:86,positive,11,te,60,test,F0,60,identity
1,12.256549835205078,1,F0:test:177,negative,11,te,61,test,F0,61,predicate_mismatch
1,12.519021987915039,1,F0:test:137,negative,11,te,61,test,F0,61,predicate_mismatch
1,7.116070747375488,1,F0:test:22,positive,11,te,60,test,F0,60,identity
1,12.166471481323242,1,F0:test:217,negative,11,te,61,test,F0,61,predicate_mismatch
1,12.09445571899414,1,F0:test:417,negative,11,te,61,test,F0,61,predicate_mismatch
1,12.659972190856934,1,F0:test:459,negative,11,te,61,test,F0,61,constant_mismatch
1,12.856123924255371,1,F0:test:493,negative,11,te,61,test,F0,61,predicate_mismatch
1,7.760685920715332,1,F0:test:409,negative,11,te,61,test,F0,61,predicate_mismatch
1,7.069141387939453,1,F0:test:242,positive,11,te,60,test,F0,60,identity
1,12.469841480255127,1,F0:test:229,negative,11,te,61,test,F0,61,predicate_mismatch
1,8.42945384979248,1,F0:test:234,positive,11,te,60,test,F0,60,identity
1,13.400083899497986,1,F0:test:133,negative,11,te,61,test,F0,61,predicate_mismatch
1,8.01729440689087,1,F0:test:23,negative,11,te,61,test,F0,61,constant_mismatch
1,11.662560939788818,1,F0:test:47,negative,11,te,61,test,F0,61,constant_mismatch
1,7.1188459396362305,1,F0:test:378,positive,11,te,60,test,F0,60,identity
1,11.89290475845337,1,F0:test:274,positive,11,te,60,test,F0,60,identity
1,9.995505332946777,1,F0:test:269,negative,11,te,61,test,F0,61,predicate_mismatch
1,12.650848865509033,1,F0:test:347,negative,11,te,61,test,F0,61,constant_mismatch
1,12.633325576782227,1,F0:test:135,negative,11,te,61,test,F0,61,constant_mismatch
1,6.979428291320801,1,F0:test:472,positive,11,te,60,test,F0,60,identity
1,6.2630109786987305,1,F0:test:490,positive,11,te,60,test,F0,60,identity
1,14.126914275810122,1,F0:test:435,negative,11,te,61,test,F0,61,constant_mismatch
1,10.370082378387451,1,F0:test:247,negative,11,te,61,test,F0,61,constant_mismatch
1,9.271812438964844,1,F0:test:486,positive,11,te,60,test,F0,60,identity
1,10.213158130645752,1,F0:test:501,negative,11,te,61,test,F0,61,predicate_mismatch
1,11.496012210845947,1,F0:test:207,negative,11,te,61,test,F0,61,constant_mismatch
1,13.149420738220215,1,F0:test:349,negative,11,te,61,test,F0,61,predicate_mismatch
1,9.428931713104248,1,F0:test:61,negative,11,te,61,test,F0,61,predicate_mismatch
1,11.341526985168457,1,F0:test:43,negative,11,te,61,test,F0,61,constant_mismatch
1,10.587246417999268,1,F0:test:323,negative,11,te,61,test,F0,61,constant_mismatch
1,12.4871244430542,1,F0:test:88,positive,11,te,60,test,F0,60,identity
1,4.701963424682617,1,F0:test:468,positive,11,te,60,test,F0,60,identity
1,4.536981582641602,1,F0:test:128,positive,11,te,60,test,F0,60,identity
1,5.893303871154785,1,F0:test:140,positive,11,te,60,test,F0,60,identity
1,7.501317024230957,1,F0:test:338,positive,11,te,60,test,F0,60,identity
1,8.142010688781738,1,F0:test:77,negative,11,te,61,test,F0,61,predicate_mismatch
1,7.211397171020508,1,F0:test:273,negative,11,te,61,test,F0,61,predicate_mismatch
1,12.414663791656494,1,F0:test:305,negative,11,te,61,test,F0,61,predicate_mismatch
1,10.590594291687012,1,F0:test:479,negative,11,te,61,test,F0,61,constant_mismatch
1,8.333269119262695,1,F0:test:330,positive,11,te,60,test,F0,60,identity
1,11.108288764953613,1,F0:test:437,negative,11,te,61,test,F0,61,predicate_mismatch
1,11.73266077041626,1,F0:test:492,positive,11,te,60,test,F0,60,identity
1,10.383951663970947,1,F0:test:185,negative,11,te,61,test,F0,61,predicate_mismatch
1,10.434960842132568,1,F0:test:395,negative,11,te,61,test,F0,61,constant_mismatch
1,11.72626543045044,1,F0:test:491,negative,11,te,61,test,F0,61,constant_mismatch
1,7.485576629638672,1,F0:test:286,positive,11,te,60,test,F0,60,identity
1,11.336423397064209,1,F0:test:10,positive,11,te,60,test,F0,60,identity
1,12.602354526519775,1,F0:test:157,negative,11,te,61,test,F0,61,predicate_mismatch
1,12.234779834747314,1,F0:test:209,negative,11,te,61,test,F0,61,predicate_mismatch
1,10.957701683044434,1,F0:test:350,positive,11,te,60,test,F0,60,identity
1,12.104846477508545,1,F0:test:443,negative,11,te,61,test,F0,61,constant_mismatch
1,12.834260940551758,1,F0:test:211,negative,11,te,61,test,F0,61,constant_mismatch
1,13.137135028839111,1,F0:test:199,negative,11,te,61,test,F0,61,constant_mismatch
1,10.196493148803711,1,F0:test:442,positive,11,te,60,test,F0,60,identity
1,7.67756462097168,1,F0:test:0,positive,11,te,60,test,F0,60,identity
1,11.985147953033447,1,F0:test:89,negative,11,te,61,test,F0,61,predicate_mismatch
1,7.185766220092773,1,F0:test:272,positive,11,te,60,test,F0,60,identity
1,8.443218231201172,1,F0:test:181,negative,11,te,61,test,F0,61,predicate_mismatch
1,13.0087890625,1,F0:test:59,negative,11,te,61,test,F0,61,constant_mismatch
1,7.069141387939453,1,F0:test:40,positive,11,te,60,test,F0,60,identity
1,12.972027778625488,1,F0:test:461,negative,11,te,61,test,F0,61,predicate_mismatch
1,9.794921875,1,F0:test:502,positive,11,te,60,test,F0,60,identity
1,11.824732303619385,1,F0:test:105,negative,11,te,61,test,F0,61,predicate_mismatch
1,5.244672775268555,1,F0:test:240,positive,11,te,60,test,F0,60,identity
1,7.9058637619018555,1,F0:test:44,positive,11,te,60,test,F0,60,identity
1,5.89451789855957,1,F0:test:384,positive,11,te,60,test,F0,60,identity
1,9.231037139892578,1,F0:test:218,positive,11,te,60,test,F0,60,identity
1,7.551091194152832,1,F0:test:100,positive,11,te,60,test,F0,60,identity
1,11.03889799118042,1,F0:test:81,negative,11,te,61,test,F0,61,predicate_mismatch
1,8.456883430480957,1,F0:test:304,positive,11,te,60,test,F0,60,identity
1,7.943182945251465,1,F0:test:280,positive,11,te,60,test,F0,60,identity
1,5.228642463684082,1,F0:test:96,positive,11,te,60,test,F0,60,identity
1,11.113845348358154,1,F0:test:316,positive,11,te,60,test,F0,60,identity
1,12.220953941345215,1,F0:test:451,negative,11,te,61,test,F0,61,constant_mismatch
1,11.51564645767212,1,F0:test:127,negative,11,te,61,test,F0,61,constant_mismatch
1,9.775947570800781,1,F0:test:506,positive,11,te,60,test,F0,60,identity
1,10.156376838684082,1,F0:test:138,positive,11,te,60,test,F0,60,identity
1,8.854120254516602,1,F0:test:25,negative,11,te,61,test,F0,61,predicate_mismatch
1,13.918837070465088,1,F0:test:383,negative,11,te,61,test,F0,61,constant_mismatch
1,8.854120254516602,1,F0:test:253,negative,11,te,61,test,F0,61,predicate_mismatch
1,11.784711360931396,1,F0:test:389,negative,11,te,61,test,F0,61,predicate_mismatch
1,2.306894302368164,1,F0:test:70,positive,11,te,60,test,F0,60,identity
1,12.093231678009033,1,F0:test:191,negative,11,te,61,test,F0,61,constant_mismatch
1,7.572963714599609,1,F0:test:30,positive,11,te,60,test,F0,60,identity
1,12.500251770019531,1,F0:test:357,negative,11,te,61,test,F0,61,predicate_mismatch
1,10.196493148803711,1,F0:test:42,positive,11,te,60,test,F0,60,identity
1,7.88050651550293,1,F0:test:134,positive,11,te,60,test,F0,60,identity
1,13.546329259872437,1,F0:test:471,negative,11,te,61,test,F0,61,constant_mismatch
1,11.488769054412842,1,F0:test:265,negative,11,te,61,test,F0,61,predicate_mismatch
1,7.22552490234375,1,F0:test:346,positive,11,te,60,test,F0,60,identity
1,6.979428291320801,1,F0:test:16,positive,11,te,60,test,F0,60,identity
1,7.26267147064209,1,F0:test:322,positive,11,te,60,test,F0,60,identity
1,12.85662317276001,1,F0:test:17,negative,11,te,61,test,F0,61,predicate_mismatch
1,6.197083473205566,1,F0:test:170,positive,11,te,60,test,F0,60,identity
1,11.462688446044922,1,F0:test:175,negative,11,te,61,test,F0,61,constant_mismatch
1,5.893303871154785,1,F0:test:4,positive,11,te,60,test,F0,60,identity
1,12.4871244430542,1,F0:test:154,positive,11,te,60,test,F0,60,identity
1,10.375756740570068,1,F0:test:453,negative,11,te,61,test,F0,61,predicate_mismatch
1,5.893303871154785,1,F0:test:136,positive,11,te,60,test,F0,60,identity
1,7.67756462097168,1,F0:test:336,positive,11,te,60,test,F0,60,identity
1,5.636943817138672,1,F0:test:94,positive,11,te,60,test,F0,60,identity
1,11.446596622467041,1,F0:test:267,negative,11,te,61,test,F0,61,constant_mismatch
1,6.929991722106934,1,F0:test:480,positive,11,te,60,test,F0,60,identity
1,8.39516830444336,1,F0:test:79,negative,11,te,61,test,F0,61,constant_mismatch
1,8.333269119262695,1,F0:test:364,positive,11,te,60,test,F0,60,identity
1,12.500998973846436,1,F0:test:387,negative,11,te,61,test,F0,61,constant_mismatch
1,3.78140926361084,1,F0:test:102,positive,11,te,60,test,F0,60,identity
1,5.481202125549316,1,F0:test:156,positive,11,te,60,test,F0,60,identity
1,11.00018835067749,1,F0:test:62,positive,11,te,60,test,F0,60,identity
1,6.451019287109375,1,F0:test:182,positive,11,te,60,test,F0,60,identity
1,7.943182945251465,1,F0:test:66,positive,11,te,60,test,F0,60,identity
1,12.76018476486206,1,F0:test:39,negative,11,te,61,test,F0,61,constant_mismatch
1,6.571477890014648,1,F0:test:63,negative,11,te,61,test,F0,61,constant_mismatch
1,12.785155773162842,1,F0:test:327,negative,11,te,61,test,F0,61,constant_mismatch
1,10.141722679138184,1,F0:test:339,negative,11,te,61,test,F0,61,constant_mismatch
1,12.280701637268066,1,F0:test:29,negative,11,te,61,test,F0,61,predicate_mismatch
1,12.651983737945557,1,F0:test:359,negative,11,te,61,test,F0,61,constant_mismatch
1,11.697632789611816,1,F0:test:255,negative,11,te,61,test,F0,61,constant_mismatch
1,6.013528823852539,1,F0:test:282,positive,11,te,60,test,F0,60,identity
1,12.553348064422607,1,F0:test:245,negative,11,te,61,test,F0,61,predicate_mismatch
1,10.39337682723999,1,F0:test:260,positive,11,te,60,test,F0,60,identity
1,11.187485218048096,1,F0:test:431,negative,11,te,61,test,F0,61,constant_mismatch
1,12.406474113464355,1,F0:test:69,negative,11,te,61,test,F0,61,predicate_mismatch
1,8.747060775756836,1,F0:test:65,negative,11,te,61,test,F0,61,predicate_mismatch
1,14.23088401556015,1,F0:test:67,negative,11,te,61,test,F0,61,constant_mismatch
1,9.713932037353516,1,F0:test:101,negative,11,te,61,test,F0,61,predicate_mismatch
1,9.183645725250244,1,F0:test:362,positive,11,te,60,test,F0,60,identity
0,-4.953805923461914,0,F0:test:215,negative,11,te,60,test,F0,61,constant_mismatch
1,12.183289051055908,1,F0:test:487,negative,11,te,61,test,F0,61,constant_mismatch
1,11.336423397064209,1,F0:test:132,positive,11,te,60,test,F0,60,identity
1,4.615026473999023,1,F0:test:116,positive,11,te,60,test,F0,60,identity
1,10.353247165679932,1,F0:test:429,negative,11,te,61,test,F0,61,predicate_mismatch
1,13.046418190002441,1,F0:test:375,negative,11,te,61,test,F0,61,constant_mismatch
1,12.268239974975586,1,F0:test:85,negative,11,te,61,test,F0,61,predicate_mismatch
1,13.214018821716309,1,F0:test:187,negative,11,te,61,test,F0,61,constant_mismatch
1,12.634057521820068,1,F0:test:275,negative,11,te,61,test,F0,61,constant_mismatch
1,9.727938652038574,1,F0:test:152,positive,11,te,60,test,F0,60,identity
1,7.357379913330078,1,F0:test:404,positive,11,te,60,test,F0,60,identity
1,5.893303871154785,1,F0:test:420,positive,11,te,60,test,F0,60,identity
1,9.91750955581665,1,F0:test:377,negative,11,te,61,test,F0,61,predicate_mismatch
1,3.845541000366211,1,F0:test:250,positive,11,te,60,test,F0,60,identity
1,11.103727340698242,1,F0:test:252,positive,11,te,60,test,F0,60,identity
1,6.013528823852539,1,F0:test:476,positive,11,te,60,test,F0,60,identity
1,3.9675025939941406,1,F0:test:225,negative,11,te,61,test,F0,61,predicate_mismatch
1,7.185766220092773,1,F0:test:388,positive,11,te,60,test,F0,60,identity
1,6.2630109786987305,1,F0:test:464,positive,11,te,60,test,F0,60,identity
1,11.113845348358154,1,F0:test:2,positive,11,te,60,test,F0,60,identity
1,13.43613612651825,1,F0:test:201,negative,11,te,61,test,F0,61,predicate_mismatch
1,12.496066570281982,1,F0:test:393,negative,11,te,61,test,F0,61,predicate_mismatch
1,8.63668155670166,1,F0:test:496,positive,11,te,60,test,F0,60,identity
1,12.812251091003418,1,F0:test:365,negative,11,te,61,test,F0,61,predicate_mismatch
1,5.194757461547852,1,F0:test:268,positive,11,te,60,test,F0,60,identity
1,6.595947265625,1,F0:test:226,positive,11,te,60,test,F0,60,identity
1,13.437540531158447,1,F0:test:379,negative,11,te,61,test,F0,61,constant_mismatch
1,10.420662879943848,1,F0:test:38,positive,11,te,60,test,F0,60,identity
1,11.495173454284668,1,F0:test:334,positive,11,te,60,test,F0,60,identity
1,10.196493148803711,1,F0:test:266,positive,11,te,60,test,F0,60,identity
1,7.910274505615234,1,F0:test:216,positive,11,te,60,test,F0,60,identity
1,7.992108345031738,1,F0:test:504,positive,11,te,60,test,F0,60,identity
1,11.843257904052734,1,F0:test:139,negative,11,te,61,test,F0,61,constant_mismatch
1,7.485576629638672,1,F0:test:112,positive,11,te,60,test,F0,60,identity
1,11.407306671142578,1,F0:test:113,negative,11,te,61,test,F0,61,predicate_mismatch
1,8.262853622436523,1,F0:test:399,negative,11,te,61,test,F0,61,constant_mismatch
1,9.183645725250244,1,F0:test:410,positive,11,te,60,test,F0,60,identity
1,10.263180255889893,1,F0:test:104,positive,11,te,60,test,F0,60,identity
1,2.306894302368164,1,F0:test:82,positive,11,te,60,test,F0,60,identity
1,6.315646171569824,1,F0:test:212,positive,11,te,60,test,F0,60,identity
1,10.643636703491211,1,F0:test:425,negative,11,te,61,test,F0,61,predicate_mismatch
1,11.336423397064209,1,F0:test:258,positive,11,te,60,test,F0,60,identity
1,12.707869052886963,1,F0:test:115,negative,11,te,61,test,F0,61,constant_mismatch
1,7.944513320922852,1,F0:test:297,negative,11,te,61,test,F0,61,predicate_mismatch
1,8.893660545349121,1,F0:test:164,positive,11,te,60,test,F0,60,identity
1,6.960760116577148,1,F0:test:213,negative,11,te,61,test,F0,61,predicate_mismatch
1,8.925320625305176,1,F0:test:314,positive,11,te,60,test,F0,60,identity
1,10.899548530578613,1,F0:test:342,positive,11,te,60,test,F0,60,identity
1,12.541447162628174,1,F0:test:235,negative,11,te,61,test,F0,61,constant_mismatch
1,9.528462886810303,1,F0:test:241,negative,11,te,61,test,F0,61,predicate_mismatch
1,12.592221736907959,1,F0:test:51,negative,11,te,61,test,F0,61,constant_mismatch
1,11.988794803619385,1,F0:test:195,negative,11,te,61,test,F0,61,constant_mismatch
1,7.720245361328125,1,F0:test:178,positive,11,te,60,test,F0,60,identity
1,13.300146698951721,1,F0:test:221,negative,11,te,61,test,F0,61,predicate_mismatch
1,12.4871244430542,1,F0:test:46,positive,11,te,60,test,F0,60,identity
1,7.545638084411621,1,F0:test:110,positive,11,te,60,test,F0,60,identity
1,9.01623249053955,1,F0:test:413,negative,11,te,61,test,F0,61,predicate_mismatch
1,6.848226547241211,1,F0:test:224,positive,11,te,60,test,F0,60,identity
1,9.165445804595947,1,F0:test:498,positive,11,te,60,test,F0,60,identity
1,9.224730014801025,1,F0:test:189,negative,11,te,61,test,F0,61,predicate_mismatch
1,7.9058637619018555,1,F0:test:78,positive,11,te,60,test,F0,60,identity
1,10.113314628601074,1,F0:test:381,negative,11,te,61,test,F0,61,predicate_mismatch
1,10.853997230529785,1,F0:test:494,positive,11,te,60,test,F0,60,identity
1,10.263180255889893,1,F0:test:204,positive,11,te,60,test,F0,60,identity
1,6.761811256408691,1,F0:test:6,positive,11,te,60,test,F0,60,identity
1,10.418462753295898,1,F0:test:279,negative,11,te,61,test,F0,61,constant_mismatch
1,7.910274505615234,1,F0:test:450,positive,11,te,60,test,F0,60,identity
1,7.975516319274902,1,F0:test:436,positive,11,te,60,test,F0,60,identity
1,6.929991722106934,1,F0:test:74,positive,11,te,60,test,F0,60,identity
1,7.943182945251465,1,F0:test:370,positive,11,te,60,test,F0,60,identity
1,9.775947570800781,1,F0:test:298,positive,11,te,60,test,F0,60,identity
1,6.438118934631348,1,F0:test:474,positive,11,te,60,test,F0,60,identity
1,11.595223903656006,1,F0:test:179,negative,11,te,61,test,F0,61,constant_mismatch
1,12.556472301483154,1,F0:test:465,negative,11,te,61,test,F0,61,predicate_mismatch
1,10.054306983947754,1,F0:test:385,negative,11,te,61,test,F0,61,predicate_mismatch
1,10.106370449066162,1,F0:test:421,negative,11,te,61,test,F0,61,predicate_mismatch
1,13.15712594985962,1,F0:test:419,negative,11,te,61,test,F0,61,constant_mismatch
1,7.116070747375488,1,F0:test:424,positive,11,te,60,test,F0,60,identity
1,3.845541000366211,1,F0:test:296,positive,11,te,60,test,F0,60,identity
1,8.893660545349121,1,F0:test:214,positive,11,te,60,test,F0,60,identity
1,9.18603801727295,1,F0:test:190,positive,11,te,60,test,F0,60,identity
1,13.951826691627502,1,F0:test:99,negative,11,te,61,test,F0,61,constant_mismatch
1,10.103874206542969,1,F0:test:144,positive,11,te,60,test,F0,60,identity
1,10.383122444152832,1,F0:test:310,positive,11,te,60,test,F0,60,identity
1,7.648625373840332,1,F0:test:312,positive,11,te,60,test,F0,60,identity
1,8.47248363494873,1,F0:test:257,negative,11,te,61,test,F0,61,predicate_mismatch
1,13.09487247467041,1,F0:test:507,negative,11,te,61,test,F0,61,constant_mismatch
1,9.41892147064209,1,F0:test:284,positive,11,te,60,test,F0,60,identity
1,7.26267147064209,1,F0:test:244,positive,11,te,60,test,F0,60,identity
1,12.274693965911865,1,F0:test:411,negative,11,te,61,test,F0,61,constant_mismatch
1,5.112754821777344,1,F0:test:52,positive,11,te,60,test,F0,60,identity
1,11.73266077041626,1,F0:test:402,positive,11,te,60,test,F0,60,identity
1,11.495173454284668,1,F0:test:130,positive,11,te,60,test,F0,60,identity
1,12.607963562011719,1,F0:test:481,negative,11,te,61,test,F0,61,predicate_mismatch
1,6.331291198730469,1,F0:test:278,positive,11,te,60,test,F0,60,identity
1,12.71791410446167,1,F0:test:151,negative,11,te,61,test,F0,61,constant_mismatch
1,13.021518290042877,1,F0:test:415,negative,11,te,61,test,F0,61,constant_mismatch
1,5.893303871154785,1,F0:test:352,positive,11,te,60,test,F0,60,identity
1,5.893303871154785,1,F0:test:288,positive,11,te,60,test,F0,60,identity
1,8.19964599609375,1,F0:test:246,positive,11,te,60,test,F0,60,identity
1,12.229385375976562,1,F0:test:131,negative,11,te,61,test,F0,61,constant_mismatch
1,11.490797996520996,1,F0:test:333,negative,11,te,61,test,F0,61,predicate_mismatch
1,10.368255138397217,1,F0:test:97,negative,11,te,61,test,F0,61,predicate_mismatch
1,9.153739929199219,1,F0:test:301,negative,11,te,61,test,F0,61,predicate_mismatch
1,10.587069034576416,1,F0:test:463,negative,11,te,61,test,F0,61,constant_mismatch
1,11.722363948822021,1,F0:test:391,negative,11,te,61,test,F0,61,constant_mismatch
1,11.541805267333984,1,F0:test:205,negative,11,te,61,test,F0,61,predicate_mismatch
1,1.0835208892822266,1,F0:test:285,negative,11,te,61,test,F0,61,predicate_mismatch
1,12.324419975280762,1,F0:test:331,negative,11,te,61,test,F0,61,constant_mismatch
1,10.579448223114014,1,F0:test:289,negative,11,te,61,test,F0,61,predicate_mismatch
1,10.420662879943848,1,F0:test:432,positive,11,te,60,test,F0,60,identity
1,11.64513874053955,1,F0:test:511,negative,11,te,61,test,F0,61,constant_mismatch
1,6.424002647399902,1,F0:test:448,positive,11,te,60,test,F0,60,identity
1,5.194757461547852,1,F0:test:294,positive,11,te,60,test,F0,60,identity
1,5.245744705200195,1,F0:test:344,positive,11,te,60,test,F0,60,identity
1,8.696154594421387,1,F0:test:126,positive,11,te,60,test,F0,60,identity
1,11.516054630279541,1,F0:test:367,negative,11,te,61,test,F0,61,constant_mismatch
1,10.212982654571533,1,F0:test:405,negative,11,te,61,test,F0,61,predicate_mismatch
1,11.997544288635254,1,F0:test:503,negative,11,te,61,test,F0,61,constant_mismatch
1,12.574315071105957,1,F0:test:171,negative,11,te,61,test,F0,61,constant_mismatch
1,10.709603786468506,1,F0:test:237,negative,11,te,61,test,F0,61,predicate_mismatch
1,8.42945384979248,1,F0:test:256,positive,11,te,60,test,F0,60,identity
1,9.933648586273193,1,F0:test:48,positive,11,te,60,test,F0,60,identity
1,4.536981582641602,1,F0:test:386,positive,11,te,60,test,F0,60,identity
1,5.244672775268555,1,F0:test:206,positive,11,te,60,test,F0,60,identity
1,6.48574161529541,1,F0:test:456,positive,11,te,60,test,F0,60,identity
1,12.766407251358032,1,F0:test:363,negative,11,te,61,test,F0,61,constant_mismatch
1,12.633325576782227,1,F0:test:75,negative,11,te,61,test,F0,61,constant_mismatch
1,7.975516319274902,1,F0:test:484,positive,11,te,60,test,F0,60,identity
1,7.528194427490234,1,F0:test:488,positive,11,te,60,test,F0,60,identity
1,13.693783283233643,1,F0:test:495,negative,11,te,61,test,F0,61,constant_mismatch
1,13.640437841415405,1,F0:test:71,negative,11,te,61,test,F0,61,constant_mismatch
1,10.027006149291992,1,F0:test:372,positive,11,te,60,test,F0,60,identity
1,12.821961402893066,1,F0:test:423,negative,11,te,61,test,F0,61,constant_mismatch
1,6.315646171569824,1,F0:test:508,positive,11,te,60,test,F0,60,identity
1,9.165445804595947,1,F0:test:210,positive,11,te,60,test,F0,60,identity
1,11.773663520812988,1,F0:test:509,negative,11,te,61,test,F0,61,predicate_mismatch
1,13.174017906188965,1,F0:test:261,negative,11,te,61,test,F0,61,predicate_mismatch
1,6.315646171569824,1,F0:test:328,positive,11,te,60,test,F0,60,identity
1,7.648625373840332,1,F0:test:264,positive,11,te,60,test,F0,60,identity
1,13.136126041412354,1,F0:test:7,negative,11,te,61,test,F0,61,constant_mismatch
1,7.501317024230957,1,F0:test:458,positive,11,te,60,test,F0,60,identity
1,8.387762069702148,1,F0:test:193,negative,11,te,61,test,F0,61,predicate_mismatch
1,11.517916679382324,1,F0:test:203,negative,11,te,61,test,F0,61,constant_mismatch
1,10.263180255889893,1,F0:test:290,positive,11,te,60,test,F0,60,identity
1,10.899548530578613,1,F0:test:34,positive,11,te,60,test,F0,60,identity
1,11.307721138000488,1,F0:test:145,negative,11,te,61,test,F0,61,predicate_mismatch
1,5.89451789855957,1,F0:test:230,positive,11,te,60,test,F0,60,identity
1,8.024062156677246,1,F0:test:54,positive,11,te,60,test,F0,60,identity
1,11.350423812866211,1,F0:test:5,negative,11,te,61,test,F0,61,predicate_mismatch
1,10.604647636413574,1,F0:test:447,negative,11,te,61,test,F0,61,constant_mismatch
1,9.165445804595947,1,F0:test:58,positive,11,te,60,test,F0,60,identity
1,5.228642463684082,1,F0:test:174,positive,11,te,60,test,F0,60,identity
1,9.295647144317627,1,F0:test:438,positive,11,te,60,test,F0,60,identity
1,9.01173210144043,1,F0:test:14,positive,11,te,60,test,F0,60,identity
1,4.701651573181152,1,F0:test:510,positive,11,te,60,test,F0,60,identity
1,9.183645725250244,1,F0:test:146,positive,11,te,60,test,F0,60,identity
1,11.52803897857666,1,F0:test:283,negative,11,te,61,test,F0,61,constant_mismatch
1,3.1666221618652344,1,F0:test:254,positive,11,te,60,test,F0,60,identity
1,11.777501106262207,1,F0:test:159,negative,11,te,61,test,F0,61,constant_mismatch
1,3.8875350952148438,1,F0:test:374,positive,11,te,60,test,F0,60,identity
1,10.027007102966309,1,F0:test:366,positive,11,te,60,test,F0,60,identity
1,11.103727340698242,1,F0:test:446,positive,11,te,60,test,F0,60,identity
1,10.39337682723999,1,F0:test:114,positive,11,te,60,test,F0,60,identity
1,7.22552490234375,1,F0:test:24,positive,11,te,60,test,F0,60,identity
1,10.567612171173096,1,F0:test:348,positive,11,te,60,test,F0,60,identity
1,10.141266345977783,1,F0:test:107,negative,11,te,61,test,F0,61,constant_mismatch
1,11.113845348358154,1,F0:test:8,positive,11,te,60,test,F0,60,identity
1,11.103727340698242,1,F0:test:418,positive,11,te,60,test,F0,60,identity
1,8.699394226074219,1,F0:test:125,negative,11,te,61,test,F0,61,predicate_mismatch
1,6.277359962463379,1,F0:test:50,positive,11,te,60,test,F0,60,identity
1,7.572963714599609,1,F0:test:390,positive,11,te,60,test,F0,60,identity
1,5.636943817138672,1,F0:test:176,positive,11,te,60,test,F0,60,identity
1,11.336423397064209,1,F0:test:270,positive,11,te,60,test,F0,60,identity
1,13.65870213508606,1,F0:test:295,negative,11,te,61,test,F0,61,constant_mismatch
1,7.67756462097168,1,F0:test:326,positive,11,te,60,test,F0,60,identity
1,12.416215419769287,1,F0:test:355,negative,11,te,61,test,F0,61,constant_mismatch
1,13.168643951416016,1,F0:test:55,negative,11,te,61,test,F0,61,constant_mismatch
1,12.519021987915039,1,F0:test:457,negative,11,te,61,test,F0,61,predicate_mismatch
1,10.988714218139648,1,F0:test:163,negative,11,te,61,test,F0,61,constant_mismatch
1,13.017215728759766,1,F0:test:93,negative,11,te,61,test,F0,61,predicate_mismatch
1,3.186526298522949,1,F0:test:354,positive,11,te,60,test,F0,60,identity
1,8.627274513244629,1,F0:test:341,negative,11,te,61,test,F0,61,predicate_mismatch
1,8.39516830444336,1,F0:test:455,negative,11,te,61,test,F0,61,constant_mismatch
1,11.25451946258545,1,F0:test:401,negative,11,te,61,test,F0,61,predicate_mismatch
1,11.336423397064209,1,F0:test:414,positive,11,te,60,test,F0,60,identity
1,8.854120254516602,1,F0:test:117,negative,11,te,61,test,F0,61,predicate_mismatch
1,5.437748908996582,1,F0:test:351,negative,11,te,61,test,F0,61,constant_mismatch
0,-3.801821708679199,0,F0:test:57,negative,11,te,60,test,F0,61,predicate_mismatch
1,14.198618769645691,1,F0:test:321,negative,11,te,61,test,F0,61,predicate_mismatch
1,6.013528823852539,1,F0:test:32,positive,11,te,60,test,F0,60,identity
1,11.88562822341919,1,F0:test:109,negative,11,te,61,test,F0,61,predicate_mismatch
1,8.414470672607422,1,F0:test:172,positive,11,te,60,test,F0,60,identity
1,11.113845348358154,1,F0:test:400,positive,11,te,60,test,F0,60,identity
1,9.727938652038574,1,F0:test:84,positive,11,te,60,test,F0,60,identity
1,7.545638084411621,1,F0:test:148,positive,11,te,60,test,F0,60,identity
1,12.21566915512085,1,F0:test:299,negative,11,te,61,test,F0,61,constant_mismatch
1,8.078038692474365,1,F0:test:441,negative,11,te,61,test,F0,61,predicate_mismatch
1,7.975516319274902,1,F0:test:360,positive,11,te,60,test,F0,60,identity
1,7.635626792907715,1,F0:test:452,positive,11,te,60,test,F0,60,identity
1,11.84453535079956,1,F0:test:291,negative,11,te,61,test,F0,61,constant_mismatch
1,11.103727340698242,1,F0:test:28,positive,11,te,60,test,F0,60,identity
1,13.140721321105957,1,F0:test:121,negative,11,te,61,test,F0,61,predicate_mismatch
1,7.943182945251465,1,F0:test:200,positive,11,te,60,test,F0,60,identity
1,11.87744140625,1,F0:test:397,negative,11,te,61,test,F0,61,predicate_mismatch
1,12.532295227050781,1,F0:test:313,negative,11,te,61,test,F0,61,predicate_mismatch
1,13.898350477218628,1,F0:test:143,negative,11,te,61,test,F0,61,constant_mismatch
1,3.8875112533569336,1,F0:test:392,positive,11,te,60,test,F0,60,identity
1,7.22552490234375,1,F0:test:302,positive,11,te,60,test,F0,60,identity
1,12.65109634399414,1,F0:test:475,negative,11,te,61,test,F0,61,constant_mismatch
1,12.821801662445068,1,F0:test:251,negative,11,te,61,test,F0,61,constant_mismatch
1,12.14179801940918,1,F0:test:141,negative,11,te,61,test,F0,61,predicate_mismatch
1,10.383122444152832,1,F0:test:68,positive,11,te,60,test,F0,60,identity
1,7.910274505615234,1,F0:test:262,positive,11,te,60,test,F0,60,identity
1,13.133756160736084,1,F0:test:223,negative,11,te,61,test,F0,61,constant_mismatch
1,3.78140926361084,1,F0:test:276,positive,11,te,60,test,F0,60,identity
1,10.19353723526001,1,F0:test:307,negative,11,te,61,test,F0,61,constant_mismatch
1,7.545638084411621,1,F0:test:382,positive,11,te,60,test,F0,60,identity
1,9.775947570800781,1,F0:test:368,positive,11,te,60,test,F0,60,identity
1,7.100255012512207,1,F0:test:337,negative,11,te,61,test,F0,61,predicate_mismatch
1,8.925320625305176,1,F0:test:376,positive,11,te,60,test,F0,60,identity
1,7.854260444641113,1,F0:test:220,positive,11,te,60,test,F0,60,identity
1,12.018991470336914,1,F0:test:249,negative,11,te,61,test,F0,61,predicate_mismatch
1,9.83490514755249,1,F0:test:311,negative,11,te,61,test,F0,61,constant_mismatch
1,12.059746265411377,1,F0:test:49,negative,11,te,61,test,F0,61,predicate_mismatch
1,12.824219703674316,1,F0:test:35,negative,11,te,61,test,F0,61,constant_mismatch
1,9.18603801727295,1,F0:test:60,positive,11,te,60,test,F0,60,identity
1,9.26488208770752,1,F0:test:505,negative,11,te,61,test,F0,61,predicate_mismatch
1,12.650848865509033,1,F0:test:343,negative,11,te,61,test,F0,61,constant_mismatch
1,7.185766220092773,1,F0:test:232,positive,11,te,60,test,F0,60,identity
0,-7.9956865310668945,0,F0:test:53,negative,11,te,60,test,F0,61,predicate_mismatch
1,12.47152328491211,1,F0:test:83,negative,11,te,61,test,F0,61,constant_mismatch
1,7.357379913330078,1,F0:test:192,positive,11,te,60,test,F0,60,identity
1,6.197083473205566,1,F0:test:434,positive,11,te,60,test,F0,60,identity
1,12.165328979492188,1,F0:test:37,negative,11,te,61,test,F0,61,predicate_mismatch
1,9.295647144317627,1,F0:test:124,positive,11,te,60,test,F0,60,identity
1,10.679248809814453,1,F0:test:184,positive,11,te,60,test,F0,60,identity
1,12.081973552703857,1,F0:test:427,negative,11,te,61,test,F0,61,constant_mismatch
1,10.468343734741211,1,F0:test:169,negative,11,te,61,test,F0,61,predicate_mismatch
1,7.67756462097168,1,F0:test:26,positive,11,te,60,test,F0,60,identity
1,7.975516319274902,1,F0:test:478,positive,11,te,60,test,F0,60,identity
1,12.149401664733887,1,F0:test:45,negative,11,te,61,test,F0,61,predicate_mismatch
1,11.495173454284668,1,F0:test:470,positive,11,te,60,test,F0,60,identity
1,12.710413932800293,1,F0:test:497,negative,11,te,61,test,F0,61,predicate_mismatch
1,11.180912971496582,1,F0:test:345,negative,11,te,61,test,F0,61,predicate_mismatch
1,14.23088401556015,1,F0:test:319,negative,11,te,61,test,F0,61,constant_mismatch
1,12.050901889801025,1,F0:test:445,negative,11,te,61,test,F0,61,predicate_mismatch
1,11.628499984741211,1,F0:test:239,negative,11,te,61,test,F0,61,constant_mismatch
1,10.751812934875488,1,F0:test:202,positive,11,te,60,test,F0,60,identity
1,5.481202125549316,1,F0:test:248,positive,11,te,60,test,F0,60,identity
1,7.992108345031738,1,F0:test:430,positive,11,te,60,test,F0,60,identity
1,10.457922458648682,1,F0:test:325,negative,11,te,61,test,F0,61,predicate_mismatch
1,9.21928071975708,1,F0:test:12,positive,11,te,60,test,F0,60,identity
1,13.007676362991333,1,F0:test:263,negative,11,te,61,test,F0,61,constant_mismatch
1,10.438786506652832,1,F0:test:489,negative,11,te,61,test,F0,61,predicate_mismatch
1,8.893660545349121,1,F0:test:292,positive,11,te,60,test,F0,60,identity
1,6.2630109786987305,1,F0:test:318,positive,11,te,60,test,F0,60,identity
1,11.519023418426514,1,F0:test:315,negative,11,te,61,test,F0,61,constant_mismatch
1,7.648625373840332,1,F0:test:18,positive,11,te,60,test,F0,60,identity
1,14.065486192703247,1,F0:test:183,negative,11,te,61,test,F0,61,constant_mismatch
1,7.492609024047852,1,F0:test:324,positive,11,te,60,test,F0,60,identity
1,7.139163017272949,1,F0:test:80,positive,11,te,60,test,F0,60,identity
1,9.231037139892578,1,F0:test:320,positive,11,te,60,test,F0,60,identity
1,7.528194427490234,1,F0:test:142,positive,11,te,60,test,F0,60,identity
1,12.852963924407959,1,F0:test:371,negative,11,te,61,test,F0,61,constant_mismatch
1,10.639386177062988,1,F0:test:499,negative,11,te,61,test,F0,61,constant_mismatch
1,8.696154594421387,1,F0:test:440,positive,11,te,60,test,F0,60,identity
1,3.1666221618652344,1,F0:test:222,positive,11,te,60,test,F0,60,identity
1,7.67756462097168,1,F0:test:36,positive,11,te,60,test,F0,60,identity
1,7.485576629638672,1,F0:test:120,positive,11,te,60,test,F0,60,identity
1,7.9058637619018555,1,F0:test:98,positive,11,te,60,test,F0,60,identity
1,6.013528823852539,1,F0:test:76,positive,11,te,60,test,F0,60,identity
0,-7.0700531005859375,0,F0:test:317,negative,11,te,60,test,F0,61,predicate_mismatch
1,10.103874206542969,1,F0:test:188,positive,11,te,60,test,F0,60,identity
1,12.129136085510254,1,F0:test:271,negative,11,te,61,test,F0,61,constant_mismatch
1,11.113845348358154,1,F0:test:180,positive,11,te,60,test,F0,60,identity
1,11.298612594604492,1,F0:test:147,negative,11,te,61,test,F0,61,constant_mismatch
1,11.489407062530518,1,F0:test:433,negative,11,te,61,test,F0,61,predicate_mismatch
1,7.211397171020508,1,F0:test:1,negative,11,te,61,test,F0,61,predicate_mismatch
1,10.029212474822998,1,F0:test:87,negative,11,te,61,test,F0,61,constant_mismatch
1,10.156376838684082,1,F0:test:166,positive,11,te,60,test,F0,60,identity
1,12.651554107666016,1,F0:test:111,negative,11,te,61,test,F0,61,constant_mismatch
