accuracy,architecture,budget_multiplier,diagnostic_tier,heads,layers,mean_margin,model_seed,n,predicate,width
0.2916666666666667,baseline,1,easy,4,4,-1.718076082567374,11,96,parent,64
0.19791666666666666,baseline,1,easy,4,4,-2.4379764422774315,11,96,grandparent,64
0.19444444444444445,baseline,1,easy,4,4,-2.4521692527665033,11,72,root,64
0.2916666666666667,baseline,1,easy,4,4,-1.8367780811256833,11,144,ancestor_k,64
0.7013888888888888,baseline,1,easy,4,4,2.473474303881327,11,144,isAncestor,64
0.08333333333333333,baseline,1,medium,4,4,-2.8995348612467446,11,72,parent,64
0.08333333333333333,baseline,1,medium,4,4,-3.0842716991901398,11,72,grandparent,64
0.125,baseline,1,medium,4,4,-2.952335172229343,11,144,ancestor_k,64
0.6597222222222222,baseline,1,medium,4,4,2.1179891758494906,11,144,isAncestor,64
0.0625,baseline,1,hard,4,4,-3.429273006816705,11,96,parent,64
0.08333333333333333,baseline,1,hard,4,4,-3.128788471221924,11,96,grandparent,64
0.16666666666666666,baseline,1,medium,4,4,-2.978659932812055,11,48,root,64
0.09722222222222222,baseline,1,hard,4,4,-2.652641842762629,11,72,root,64
0.5555555555555556,baseline,1,hard,4,4,1.186560504966312,11,432,isAncestor,64
0.05787037037037037,baseline,1,hard,4,4,-3.3957447801475173,11,432,ancestor_k,64
0.19791666666666666,baseline,1,easy,4,4,-2.602676749229431,23,96,parent,64
0.23958333333333334,baseline,1,easy,4,4,-2.4316474298636117,23,96,grandparent,64
0.2361111111111111,baseline,1,easy,4,4,-2.8205595744980707,23,72,root,64
0.22916666666666666,baseline,1,easy,4,4,-2.129627638392978,23,144,ancestor_k,64
0.9652777777777778,baseline,1,easy,4,4,6.426594171259138,23,144,isAncestor,64
0.1111111111111111,baseline,1,medium,4,4,-3.378081884649065,23,72,parent,64
0.09722222222222222,baseline,1,medium,4,4,-3.715362846851349,23,72,grandparent,64
0.11805555555555555,baseline,1,medium,4,4,-3.4209478398164115,23,144,ancestor_k,64
0.9930555555555556,baseline,1,medium,4,4,7.161726865503523,23,144,isAncestor,64
0.08333333333333333,baseline,1,hard,4,4,-3.695584883292516,23,96,parent,64
0.07291666666666667,baseline,1,hard,4,4,-3.730211359759172,23,96,grandparent,64
0.041666666666666664,baseline,1,medium,4,4,-4.207942684491475,23,48,root,64
0.041666666666666664,baseline,1,hard,4,4,-4.00403094291687,23,72,root,64
0.9768518518518519,baseline,1,hard,4,4,7.1804730461703405,23,432,isAncestor,64
0.05555555555555555,baseline,1,hard,4,4,-3.6355928624117815,23,432,ancestor_k,64
0.3020833333333333,baseline,1,easy,4,4,-1.6930437336365383,37,96,parent,64
0.25,baseline,1,easy,4,4,-1.8810449540615082,37,96,grandparent,64
0.3055555555555556,baseline,1,easy,4,4,-1.7837484214040968,37,72,root,64
0.2847222222222222,baseline,1,easy,4,4,-1.9477065371142492,37,144,ancestor_k,64
0.5,baseline,1,easy,4,4,0.28916996717453003,37,144,isAncestor,64
0.2638888888888889,baseline,1,medium,4,4,-1.7029516299565632,37,72,parent,64
0.09722222222222222,baseline,1,medium,4,4,-2.942593594392141,37,72,grandparent,64
0.1597222222222222,baseline,1,medium,4,4,-2.5632032503684363,37,144,ancestor_k,64
0.5,baseline,1,medium,4,4,0.2797575394312541,37,144,isAncestor,64
0.14583333333333334,baseline,1,hard,4,4,-2.444834202528,37,96,parent,64
0.08333333333333333,baseline,1,hard,4,4,-2.737117365002632,37,96,grandparent,64
0.125,baseline,1,medium,4,4,-2.8042387515306473,37,48,root,64
0.06944444444444445,baseline,1,hard,4,4,-2.899028562837177,37,72,root,64
0.49537037037037035,baseline,1,hard,4,4,0.24471293886502585,37,432,isAncestor,64
0.06944444444444445,baseline,1,hard,4,4,-3.3648158963079804,37,432,ancestor_k,64
0.20833333333333334,depth8,1,easy,4,8,-2.0521780575315156,11,96,parent,64
0.2916666666666667,depth8,1,easy,4,8,-1.547170877456665,11,96,grandparent,64
0.1527777777777778,depth8,1,easy,4,8,-2.614389340082804,11,72,root,64
0.3125,depth8,1,easy,4,8,-1.441979040702184,11,144,ancestor_k,64
1.0,depth8,1,easy,4,8,8.047892146640354,11,144,isAncestor,64
0.1527777777777778,depth8,1,medium,4,8,-2.27283251285553,11,72,parent,64
0.16666666666666666,depth8,1,medium,4,8,-2.311438328689999,11,72,grandparent,64
0.14583333333333334,depth8,1,medium,4,8,-2.459022647804684,11,144,ancestor_k,64
0.9930555555555556,depth8,1,medium,4,8,8.667434010240767,11,144,isAncestor,64
0.09375,depth8,1,hard,4,8,-3.0336186960339546,11,96,parent,64
0.052083333333333336,depth8,1,hard,4,8,-3.075530787309011,11,96,grandparent,64
0.020833333333333332,depth8,1,medium,4,8,-3.4608882864316306,11,48,root,64
0.027777777777777776,depth8,1,hard,4,8,-3.626055164469613,11,72,root,64
0.9930555555555556,depth8,1,hard,4,8,8.35302942328983,11,432,isAncestor,64
0.05092592592592592,depth8,1,hard,4,8,-3.3123668244591467,11,432,ancestor_k,64
0.3125,depth8,1,easy,4,8,-1.4747041861216228,23,96,parent,64
0.22916666666666666,depth8,1,easy,4,8,-2.0267400443553925,23,96,grandparent,64
0.2638888888888889,depth8,1,easy,4,8,-2.412280433707767,23,72,root,64
0.2777777777777778,depth8,1,easy,4,8,-1.9274439364671707,23,144,ancestor_k,64
0.9166666666666666,depth8,1,easy,4,8,2.5777469674746194,23,144,isAncestor,64
0.2777777777777778,depth8,1,medium,4,8,-2.4153893722428217,23,72,parent,64
0.08333333333333333,depth8,1,medium,4,8,-2.8434840506977506,23,72,grandparent,64
0.1527777777777778,depth8,1,medium,4,8,-3.405455162127813,23,144,ancestor_k,64
0.8819444444444444,depth8,1,medium,4,8,2.103773464759191,23,144,isAncestor,64
0.14583333333333334,depth8,1,hard,4,8,-3.2671536281704903,23,96,parent,64
0.08333333333333333,depth8,1,hard,4,8,-3.404359514514605,23,96,grandparent,64
0.020833333333333332,depth8,1,medium,4,8,-3.8035228749116263,23,48,root,64
0.041666666666666664,depth8,1,hard,4,8,-3.84878408908844,23,72,root,64
0.7592592592592593,depth8,1,hard,4,8,1.9377324371426194,23,432,isAncestor,64
0.06712962962962964,depth8,1,hard,4,8,-4.320269737530638,23,432,ancestor_k,64
0.2916666666666667,depth8,1,easy,4,8,-0.9674301346143087,37,96,parent,64
0.22916666666666666,depth8,1,easy,4,8,-1.8696210732062657,37,96,grandparent,64
0.20833333333333334,depth8,1,easy,4,8,-2.4241083562374115,37,72,root,64
0.2916666666666667,depth8,1,easy,4,8,-1.428603731923633,37,144,ancestor_k,64
0.8888888888888888,depth8,1,easy,4,8,2.702572352356381,37,144,isAncestor,64
0.2361111111111111,depth8,1,medium,4,8,-1.2534756064414978,37,72,parent,64
0.16666666666666666,depth8,1,medium,4,8,-2.349719683329264,37,72,grandparent,64
0.1388888888888889,depth8,1,medium,4,8,-2.4213111201922097,37,144,ancestor_k,64
0.9097222222222222,depth8,1,medium,4,8,2.5302641789118447,37,144,isAncestor,64
0.14583333333333334,depth8,1,hard,4,8,-2.1959173331658044,37,96,parent,64
0.07291666666666667,depth8,1,hard,4,8,-2.4990975012381873,37,96,grandparent,64
0.08333333333333333,depth8,1,medium,4,8,-2.8877448638280234,37,48,root,64
0.05555555555555555,depth8,1,hard,4,8,-3.4183798134326935,37,72,root,64
0.8541666666666666,depth8,1,hard,4,8,2.3125402331352234,37,432,isAncestor,64
0.05324074074074074,depth8,1,hard,4,8,-3.023088784681426,37,432,ancestor_k,64
0.23958333333333334,width128,1,easy,4,4,-2.4043246606985726,11,96,parent,128
0.25,width128,1,easy,4,4,-2.6663226584593454,11,96,grandparent,128
0.2638888888888889,width128,1,easy,4,4,-2.135711749394735,11,72,root,128
0.2986111111111111,width128,1,easy,4,4,-1.9375636246469286,11,144,ancestor_k,128
0.5,width128,1,easy,4,4,0.2711794177691142,11,144,isAncestor,128
0.16666666666666666,width128,1,medium,4,4,-3.6744679146342807,11,72,parent,128
0.1111111111111111,width128,1,medium,4,4,-3.6489542524019876,11,72,grandparent,128
0.125,width128,1,medium,4,4,-3.658126476738188,11,144,ancestor_k,128
0.5,width128,1,medium,4,4,0.29996412330203587,11,144,isAncestor,128
0.10416666666666667,width128,1,hard,4,4,-4.2751709421475725,11,96,parent,128
0.08333333333333333,width128,1,hard,4,4,-4.448956713080406,11,96,grandparent,128
0.041666666666666664,width128,1,medium,4,4,-4.159972240527471,11,48,root,128
0.16666666666666666,width128,1,hard,4,4,-3.3039806154039173,11,72,root,128
0.5,width128,1,hard,4,4,0.34337210434454457,11,432,isAncestor,128
0.08333333333333333,width128,1,hard,4,4,-4.482838493806344,11,432,ancestor_k,128
0.22916666666666666,width128,1,easy,4,4,-2.25779394308726,23,96,parent,128
0.22916666666666666,width128,1,easy,4,4,-2.550779104232788,23,96,grandparent,128
0.2638888888888889,width128,1,easy,4,4,-2.4286385244793363,23,72,root,128
0.2638888888888889,width128,1,easy,4,4,-2.0023317767514124,23,144,ancestor_k,128
0.875,width128,1,easy,4,4,2.20801051457723,23,144,isAncestor,128
0.125,width128,1,medium,4,4,-3.653894179397159,23,72,parent,128
0.125,width128,1,medium,4,4,-3.304227716392941,23,72,grandparent,128
0.1527777777777778,width128,1,medium,4,4,-3.11261213488049,23,144,ancestor_k,128
0.7361111111111112,width128,1,medium,4,4,1.878735899925232,23,144,isAncestor,128
0.052083333333333336,width128,1,hard,4,4,-4.137292479475339,23,96,parent,128
0.07291666666666667,width128,1,hard,4,4,-3.750965783993403,23,96,grandparent,128
0.1875,width128,1,medium,4,4,-3.199886212746302,23,48,root,128
0.06944444444444445,width128,1,hard,4,4,-3.6692969335450067,23,72,root,128
0.6574074074074074,width128,1,hard,4,4,0.7974032351264247,23,432,isAncestor,128
0.08101851851851852,width128,1,hard,4,4,-3.9392508422886885,23,432,ancestor_k,128
0.28125,width128,1,easy,4,4,-2.0505068649848304,37,96,parent,128
0.21875,width128,1,easy,4,4,-2.392906720439593,37,96,grandparent,128
0.19444444444444445,width128,1,easy,4,4,-2.5170116093423633,37,72,root,128
0.3055555555555556,width128,1,easy,4,4,-1.7539957529968686,37,144,ancestor_k,128
0.9375,width128,1,easy,4,4,4.889546414216359,37,144,isAncestor,128
0.2361111111111111,width128,1,medium,4,4,-2.492601136366526,37,72,parent,128
0.1527777777777778,width128,1,medium,4,4,-2.7729827894104853,37,72,grandparent,128
0.1527777777777778,width128,1,medium,4,4,-2.740824924574958,37,144,ancestor_k,128
0.9097222222222222,width128,1,medium,4,4,4.470085223515828,37,144,isAncestor,128
0.10416666666666667,width128,1,hard,4,4,-2.993086814880371,37,96,parent,128
0.09375,width128,1,hard,4,4,-3.024135952194532,37,96,grandparent,128
0.14583333333333334,width128,1,medium,4,4,-3.0945430199305215,37,48,root,128
0.013888888888888888,width128,1,hard,4,4,-3.566505399015215,37,72,root,128
0.9375,width128,1,hard,4,4,4.282296392652723,37,432,isAncestor,128
0.0625,width128,1,hard,4,4,-3.603077863101606,37,432,ancestor_k,128
0.2604166666666667,heads2,1,easy,2,4,-1.6520437101523082,11,96,parent,64
0.3229166666666667,heads2,1,easy,2,4,-1.937069684267044,11,96,grandparent,64
0.3333333333333333,heads2,1,easy,2,4,-1.848036289215088,11,72,root,64
0.2916666666666667,heads2,1,easy,2,4,-1.9269942508803473,11,144,ancestor_k,64
0.5,heads2,1,easy,2,4,0.5420003665818108,11,144,isAncestor,64
0.1527777777777778,heads2,1,medium,2,4,-2.88300582435396,11,72,parent,64
0.1111111111111111,heads2,1,medium,2,4,-3.0565437045362263,11,72,grandparent,64
0.10416666666666667,heads2,1,medium,2,4,-3.178002761469947,11,144,ancestor_k,64
0.5,heads2,1,medium,2,4,0.41514453954166836,11,144,isAncestor,64
0.052083333333333336,heads2,1,hard,2,4,-3.205719875792662,11,96,parent,64
0.07291666666666667,heads2,1,hard,2,4,-2.960009180009365,11,96,grandparent,64
0.20833333333333334,heads2,1,medium,2,4,-2.480737547079722,11,48,root,64
0.06944444444444445,heads2,1,hard,2,4,-2.8688397308190665,11,72,root,64
0.49537037037037035,heads2,1,hard,2,4,0.3582473827732934,11,432,isAncestor,64
0.06481481481481481,heads2,1,hard,2,4,-3.3146670951887414,11,432,ancestor_k,64
0.25,heads2,1,easy,2,4,-2.260956861078739,23,96,parent,64
0.22916666666666666,heads2,1,easy,2,4,-2.0055758704741797,23,96,grandparent,64
0.2361111111111111,heads2,1,easy,2,4,-2.173621031973097,23,72,root,64
0.3194444444444444,heads2,1,easy,2,4,-1.815998289320204,23,144,ancestor_k,64
0.4791666666666667,heads2,1,easy,2,4,0.9513421720928616,23,144,isAncestor,64
0.18055555555555555,heads2,1,medium,2,4,-2.95961555507448,23,72,parent,64
0.125,heads2,1,medium,2,4,-2.851012604104148,23,72,grandparent,64
0.1388888888888889,heads2,1,medium,2,4,-2.7726566129260592,23,144,ancestor_k,64
0.5208333333333334,heads2,1,medium,2,4,0.7637680702739291,23,144,isAncestor,64
0.0625,heads2,1,hard,2,4,-3.2465248107910156,23,96,parent,64
0.10416666666666667,heads2,1,hard,2,4,-2.996813580393791,23,96,grandparent,64
0.10416666666666667,heads2,1,medium,2,4,-3.2876414010922113,23,48,root,64
0.08333333333333333,heads2,1,hard,2,4,-3.044108751747343,23,72,root,64
0.49537037037037035,heads2,1,hard,2,4,0.5386372600440625,23,432,isAncestor,64
0.05092592592592592,heads2,1,hard,2,4,-3.2108660163702787,23,432,ancestor_k,64
0.3125,heads2,1,easy,2,4,-1.7379527886708577,37,96,parent,64
0.25,heads2,1,easy,2,4,-1.8491432964801788,37,96,grandparent,64
0.2222222222222222,heads2,1,easy,2,4,-1.6333749691645305,37,72,root,64
0.3263888888888889,heads2,1,easy,2,4,-1.7073155674669478,37,144,ancestor_k,64
0.5,heads2,1,easy,2,4,0.46156490511364406,37,144,isAncestor,64
0.3055555555555556,heads2,1,medium,2,4,-1.344754570060306,37,72,parent,64
0.18055555555555555,heads2,1,medium,2,4,-2.382009264495638,37,72,grandparent,64
0.1875,heads2,1,medium,2,4,-2.447413108415074,37,144,ancestor_k,64
0.5,heads2,1,medium,2,4,0.2413563827673594,37,144,isAncestor,64
0.15625,heads2,1,hard,2,4,-2.029787023862203,37,96,parent,64
0.09375,heads2,1,hard,2,4,-2.8677691519260406,37,96,grandparent,64
0.041666666666666664,heads2,1,medium,2,4,-2.9112113316853843,37,48,root,64
0.1111111111111111,heads2,1,hard,2,4,-2.619523909356859,37,72,root,64
0.4976851851851852,heads2,1,hard,2,4,0.13290644906185292,37,432,isAncestor,64
0.0763888888888889,heads2,1,hard,2,4,-3.304213714820367,37,432,ancestor_k,64
0.2604166666666667,heads8,1,easy,8,4,-1.6596398452917736,11,96,parent,64
0.19791666666666666,heads8,1,easy,8,4,-2.1182703052957854,11,96,grandparent,64
0.2638888888888889,heads8,1,easy,8,4,-1.8765913711653814,11,72,root,64
0.2777777777777778,heads8,1,easy,8,4,-1.7135423488087125,11,144,ancestor_k,64
0.9791666666666666,heads8,1,easy,8,4,5.3795139988263445,11,144,isAncestor,64
0.08333333333333333,heads8,1,medium,8,4,-2.9078083601262836,11,72,parent,64
0.1388888888888889,heads8,1,medium,8,4,-2.5064097510443792,11,72,grandparent,64
0.1111111111111111,heads8,1,medium,8,4,-2.8598637779553733,11,144,ancestor_k,64
0.9722222222222222,heads8,1,medium,8,4,5.153226719962226,11,144,isAncestor,64
0.041666666666666664,heads8,1,hard,8,4,-3.30453988413016,11,96,parent,64
0.07291666666666667,heads8,1,hard,8,4,-3.1616008083025613,11,96,grandparent,64
0.10416666666666667,heads8,1,medium,8,4,-2.850152234236399,11,48,root,64
0.1388888888888889,heads8,1,hard,8,4,-2.57786535554462,11,72,root,64
0.8912037037037037,heads8,1,hard,8,4,4.775532392440019,11,432,isAncestor,64
0.046296296296296294,heads8,1,hard,8,4,-3.672428133311095,11,432,ancestor_k,64
0.19791666666666666,heads8,1,easy,8,4,-2.6397315760453544,23,96,parent,64
0.2708333333333333,heads8,1,easy,8,4,-1.9987583955128987,23,96,grandparent,64
0.3055555555555556,heads8,1,easy,8,4,-1.8452527523040771,23,72,root,64
0.2847222222222222,heads8,1,easy,8,4,-1.5651819043689303,23,144,ancestor_k,64
0.6736111111111112,heads8,1,easy,8,4,1.569980051782396,23,144,isAncestor,64
0.1111111111111111,heads8,1,medium,8,4,-3.1540382703145347,23,72,parent,64
0.09722222222222222,heads8,1,medium,8,4,-3.3358690208858914,23,72,grandparent,64
0.125,heads8,1,medium,8,4,-3.3479256166352167,23,144,ancestor_k,64
0.5972222222222222,heads8,1,medium,8,4,1.3611836499638028,23,144,isAncestor,64
0.11458333333333333,heads8,1,hard,8,4,-3.7575419545173645,23,96,parent,64
0.07291666666666667,heads8,1,hard,8,4,-3.6885450755556426,23,96,grandparent,64
0.08333333333333333,heads8,1,medium,8,4,-3.149291584889094,23,48,root,64
0.06944444444444445,heads8,1,hard,8,4,-3.923810601234436,23,72,root,64
0.6111111111111112,heads8,1,hard,8,4,1.7170827686786652,23,432,isAncestor,64
0.0625,heads8,1,hard,8,4,-4.2793337675156415,23,432,ancestor_k,64
0.2604166666666667,heads8,1,easy,8,4,-1.8310606777668,37,96,parent,64
0.2708333333333333,heads8,1,easy,8,4,-1.688653161128362,37,96,grandparent,64
0.2916666666666667,heads8,1,easy,8,4,-2.235956026448144,37,72,root,64
0.2916666666666667,heads8,1,easy,8,4,-1.5175366583797667,37,144,ancestor_k,64
0.9861111111111112,heads8,1,easy,8,4,5.168825765450795,37,144,isAncestor,64
0.1527777777777778,heads8,1,medium,8,4,-2.4556660254796348,37,72,parent,64
0.09722222222222222,heads8,1,medium,8,4,-2.4140533208847046,37,72,grandparent,64
0.1527777777777778,heads8,1,medium,8,4,-2.762490381797155,37,144,ancestor_k,64
0.9583333333333334,heads8,1,medium,8,4,5.193891041808659,37,144,isAncestor,64
0.08333333333333333,heads8,1,hard,8,4,-2.7425163437922797,37,96,parent,64
0.09375,heads8,1,hard,8,4,-2.9490461871027946,37,96,grandparent,64
0.14583333333333334,heads8,1,medium,8,4,-2.9315903385480246,37,48,root,64
0.09722222222222222,heads8,1,hard,8,4,-2.8774410784244537,37,72,root,64
0.9791666666666666,heads8,1,hard,8,4,5.472765454539546,37,432,isAncestor,64
0.04861111111111111,heads8,1,hard,8,4,-3.4876822575374886,37,432,ancestor_k,64
0.4375,deep_narrow_match,1,easy,4,12,-0.4971167321006457,11,96,parent,48
0.17708333333333334,deep_narrow_match,1,easy,4,12,-2.081412635743618,11,96,grandparent,48
0.18055555555555555,deep_narrow_match,1,easy,4,12,-2.0718460149235196,11,72,root,48
0.2777777777777778,deep_narrow_match,1,easy,4,12,-1.5746387855874167,11,144,ancestor_k,48
0.5,deep_narrow_match,1,easy,4,12,1.3886302477783627,11,144,isAncestor,48
0.3055555555555556,deep_narrow_match,1,medium,4,12,-0.9937335583898756,11,72,parent,48
0.125,deep_narrow_match,1,medium,4,12,-1.9511069423622556,11,72,grandparent,48
0.13194444444444445,deep_narrow_match,1,medium,4,12,-2.335854654510816,11,144,ancestor_k,48
0.5,deep_narrow_match,1,medium,4,12,1.5640948282347784,11,144,isAncestor,48
0.3020833333333333,deep_narrow_match,1,hard,4,12,-1.2426202520728111,11,96,parent,48
0.08333333333333333,deep_narrow_match,1,hard,4,12,-2.5387317488590875,11,96,grandparent,48
0.08333333333333333,deep_narrow_match,1,medium,4,12,-2.6301627357800803,11,48,root,48
0.041666666666666664,deep_narrow_match,1,hard,4,12,-3.3743649356895022,11,72,root,48
0.5,deep_narrow_match,1,hard,4,12,1.22476010300495,11,432,isAncestor,48
0.06712962962962964,deep_narrow_match,1,hard,4,12,-3.2392977862446397,11,432,ancestor_k,48
0.3125,deep_narrow_match,1,easy,4,12,-1.305003156264623,23,96,parent,48
0.16666666666666666,deep_narrow_match,1,easy,4,12,-2.0371711924672127,23,96,grandparent,48
0.09722222222222222,deep_narrow_match,1,easy,4,12,-2.4401354789733887,23,72,root,48
0.3055555555555556,deep_narrow_match,1,easy,4,12,-1.5241425981124241,23,144,ancestor_k,48
0.9652777777777778,deep_narrow_match,1,easy,4,12,4.27330020070076,23,144,isAncestor,48
0.125,deep_narrow_match,1,medium,4,12,-2.0373131367895336,23,72,parent,48
0.041666666666666664,deep_narrow_match,1,medium,4,12,-2.6130718688170114,23,72,grandparent,48
0.13194444444444445,deep_narrow_match,1,medium,4,12,-2.1859683841466904,23,144,ancestor_k,48
0.875,deep_narrow_match,1,medium,4,12,3.869467278321584,23,144,isAncestor,48
0.08333333333333333,deep_narrow_match,1,hard,4,12,-3.0090856129924455,23,96,parent,48
0.041666666666666664,deep_narrow_match,1,hard,4,12,-3.1592781444390616,23,96,grandparent,48
0.08333333333333333,deep_narrow_match,1,medium,4,12,-3.029545227686564,23,48,root,48
0.027777777777777776,deep_narrow_match,1,hard,4,12,-3.5547732743952007,23,72,root,48
0.8796296296296297,deep_narrow_match,1,hard,4,12,3.759550070321118,23,432,isAncestor,48
0.037037037037037035,deep_narrow_match,1,hard,4,12,-3.0320286314796516,23,432,ancestor_k,48
0.23958333333333334,deep_narrow_match,1,easy,4,12,-1.6296046872933705,37,96,parent,48
0.14583333333333334,deep_narrow_match,1,easy,4,12,-2.0216578965385756,37,96,grandparent,48
0.1388888888888889,deep_narrow_match,1,easy,4,12,-2.220693204138014,37,72,root,48
0.25,deep_narrow_match,1,easy,4,12,-1.6405870450867548,37,144,ancestor_k,48
0.75,deep_narrow_match,1,easy,4,12,0.5423063768280877,37,144,isAncestor,48
0.1527777777777778,deep_narrow_match,1,medium,4,12,-2.06694386071629,37,72,parent,48
0.013888888888888888,deep_narrow_match,1,medium,4,12,-2.5198884109656015,37,72,grandparent,48
0.10416666666666667,deep_narrow_match,1,medium,4,12,-2.4154420644044876,37,144,ancestor_k,48
0.7708333333333334,deep_narrow_match,1,medium,4,12,0.611081427998013,37,144,isAncestor,48
0.052083333333333336,deep_narrow_match,1,hard,4,12,-2.7181416526436806,37,96,parent,48
0.052083333333333336,deep_narrow_match,1,hard,4,12,-2.7848650589585304,37,96,grandparent,48
0.041666666666666664,deep_narrow_match,1,medium,4,12,-3.2612806955973306,37,48,root,48
0.05555555555555555,deep_narrow_match,1,hard,4,12,-3.1591003040472665,37,72,root,48
0.5949074074074074,deep_narrow_match,1,hard,4,12,0.5032431041752851,37,432,isAncestor,48
0.05787037037037037,deep_narrow_match,1,hard,4,12,-2.8189018490137876,37,432,ancestor_k,48
0.3020833333333333,shallow_wide_match,1,easy,4,4,-1.8793001969655354,11,96,parent,96
0.19791666666666666,shallow_wide_match,1,easy,4,4,-2.5417049576838813,11,96,grandparent,96
0.2361111111111111,shallow_wide_match,1,easy,4,4,-2.2250356343057422,11,72,root,96
0.2708333333333333,shallow_wide_match,1,easy,4,4,-1.8857401543193393,11,144,ancestor_k,96
0.5,shallow_wide_match,1,easy,4,4,0.4848521285586887,11,144,isAncestor,96
0.16666666666666666,shallow_wide_match,1,medium,4,4,-2.9213384985923767,11,72,parent,96
0.05555555555555555,shallow_wide_match,1,medium,4,4,-3.2145382033454046,11,72,grandparent,96
0.18055555555555555,shallow_wide_match,1,medium,4,4,-2.6154853436681957,11,144,ancestor_k,96
0.5,shallow_wide_match,1,medium,4,4,0.3220425645510356,11,144,isAncestor,96
0.07291666666666667,shallow_wide_match,1,hard,4,4,-4.315536732474963,11,96,parent,96
0.052083333333333336,shallow_wide_match,1,hard,4,4,-4.478300352891286,11,96,grandparent,96
0.125,shallow_wide_match,1,medium,4,4,-3.42822195092837,11,48,root,96
0.1527777777777778,shallow_wide_match,1,hard,4,4,-3.332901550663842,11,72,root,96
0.4976851851851852,shallow_wide_match,1,hard,4,4,0.49772043029467267,11,432,isAncestor,96
0.06944444444444445,shallow_wide_match,1,hard,4,4,-4.482327040698793,11,432,ancestor_k,96
0.2604166666666667,shallow_wide_match,1,easy,4,4,-2.334503635764122,23,96,parent,96
0.23958333333333334,shallow_wide_match,1,easy,4,4,-1.608689159154892,23,96,grandparent,96
0.20833333333333334,shallow_wide_match,1,easy,4,4,-1.7880285912089877,23,72,root,96
0.3263888888888889,shallow_wide_match,1,easy,4,4,-1.4545643627643585,23,144,ancestor_k,96
0.9583333333333334,shallow_wide_match,1,easy,4,4,6.6673009395599365,23,144,isAncestor,96
0.16666666666666666,shallow_wide_match,1,medium,4,4,-2.7247183654043408,23,72,parent,96
0.125,shallow_wide_match,1,medium,4,4,-2.5367526875601873,23,72,grandparent,96
0.16666666666666666,shallow_wide_match,1,medium,4,4,-2.558532065815396,23,144,ancestor_k,96
0.9722222222222222,shallow_wide_match,1,medium,4,4,6.376878029770321,23,144,isAncestor,96
0.11458333333333333,shallow_wide_match,1,hard,4,4,-3.4187616805235543,23,96,parent,96
0.125,shallow_wide_match,1,hard,4,4,-3.0758183946212134,23,96,grandparent,96
0.16666666666666666,shallow_wide_match,1,medium,4,4,-2.6838320791721344,23,48,root,96
0.125,shallow_wide_match,1,hard,4,4,-3.1853049861060247,23,72,root,96
0.9930555555555556,shallow_wide_match,1,hard,4,4,7.002996623516083,23,432,isAncestor,96
0.06481481481481481,shallow_wide_match,1,hard,4,4,-3.633327551462032,23,432,ancestor_k,96
0.22916666666666666,shallow_wide_match,1,easy,4,4,-2.202448792755604,37,96,parent,96
0.2708333333333333,shallow_wide_match,1,easy,4,4,-2.174909328420957,37,96,grandparent,96
0.2916666666666667,shallow_wide_match,1,easy,4,4,-2.377249174647861,37,72,root,96
0.2638888888888889,shallow_wide_match,1,easy,4,4,-2.0519830882549286,37,144,ancestor_k,96
0.5,shallow_wide_match,1,easy,4,4,-0.20425471001201206,37,144,isAncestor,96
0.125,shallow_wide_match,1,medium,4,4,-2.8458312816090054,37,72,parent,96
0.1111111111111111,shallow_wide_match,1,medium,4,4,-2.9688249826431274,37,72,grandparent,96
0.11805555555555555,shallow_wide_match,1,medium,4,4,-2.9466270721620984,37,144,ancestor_k,96
0.5,shallow_wide_match,1,medium,4,4,-0.2924489710066054,37,144,isAncestor,96
0.10416666666666667,shallow_wide_match,1,hard,4,4,-3.3956321626901627,37,96,parent,96
0.07291666666666667,shallow_wide_match,1,hard,4,4,-4.004278500874837,37,96,grandparent,96
0.10416666666666667,shallow_wide_match,1,medium,4,4,-4.107350647449493,37,48,root,96
0.08333333333333333,shallow_wide_match,1,hard,4,4,-4.086461077133815,37,72,root,96
0.5,shallow_wide_match,1,hard,4,4,-0.39488907544701185,37,432,isAncestor,96
0.06481481481481481,shallow_wide_match,1,hard,4,4,-3.9519087970256805,37,432,ancestor_k,96
