architecture,budget_multiplier,elapsed_seconds,heads,loss,model_depth,model_seed,step,width
baseline,1,1.2366490364074707,4,51.6873893737793,4,11,1,64
baseline,1,58.906718015670776,4,2.4973087310791016,4,11,100,64
baseline,1,113.31158518791199,4,5.043417930603027,4,11,200,64
baseline,1,167.92979407310486,4,4.487085342407227,4,11,300,64
baseline,1,228.008376121521,4,0.6775343418121338,4,11,400,64
baseline,1,279.40740990638733,4,1.137784719467163,4,11,500,64
baseline,1,1.2366490364074707,4,51.6873893737793,4,11,1,64
baseline,1,58.906718015670776,4,2.4973087310791016,4,11,100,64
baseline,1,113.31158518791199,4,5.043417930603027,4,11,200,64
baseline,1,167.92979407310486,4,4.487085342407227,4,11,300,64
baseline,1,228.008376121521,4,0.6775343418121338,4,11,400,64
baseline,1,279.40740990638733,4,1.137784719467163,4,11,500,64
baseline,1,1.2366490364074707,4,51.6873893737793,4,11,1,64
baseline,1,58.906718015670776,4,2.4973087310791016,4,11,100,64
baseline,1,113.31158518791199,4,5.043417930603027,4,11,200,64
baseline,1,167.92979407310486,4,4.487085342407227,4,11,300,64
baseline,1,228.008376121521,4,0.6775343418121338,4,11,400,64
baseline,1,279.40740990638733,4,1.137784719467163,4,11,500,64
baseline,1,1.2366490364074707,4,51.6873893737793,4,11,1,64
baseline,1,58.906718015670776,4,2.4973087310791016,4,11,100,64
baseline,1,113.31158518791199,4,5.043417930603027,4,11,200,64
baseline,1,167.92979407310486,4,4.487085342407227,4,11,300,64
baseline,1,228.008376121521,4,0.6775343418121338,4,11,400,64
baseline,1,279.40740990638733,4,1.137784719467163,4,11,500,64
baseline,1,1.2366490364074707,4,51.6873893737793,4,11,1,64
baseline,1,58.906718015670776,4,2.4973087310791016,4,11,100,64
baseline,1,113.31158518791199,4,5.043417930603027,4,11,200,64
baseline,1,167.92979407310486,4,4.487085342407227,4,11,300,64
baseline,1,228.008376121521,4,0.6775343418121338,4,11,400,64
baseline,1,279.40740990638733,4,1.137784719467163,4,11,500,64
baseline,1,1.2366490364074707,4,51.6873893737793,4,11,1,64
baseline,1,58.906718015670776,4,2.4973087310791016,4,11,100,64
baseline,1,113.31158518791199,4,5.043417930603027,4,11,200,64
baseline,1,167.92979407310486,4,4.487085342407227,4,11,300,64
baseline,1,228.008376121521,4,0.6775343418121338,4,11,400,64
baseline,1,279.40740990638733,4,1.137784719467163,4,11,500,64
baseline,1,0.13999104499816895,4,51.101932525634766,4,23,1,64
baseline,1,62.933101177215576,4,5.59183931350708,4,23,100,64
baseline,1,123.19697308540344,4,4.927274703979492,4,23,200,64
baseline,1,175.79557418823242,4,3.723773956298828,4,23,300,64
baseline,1,234.4045124053955,4,4.230153560638428,4,23,400,64
baseline,1,290.76579308509827,4,3.046109199523926,4,23,500,64
baseline,1,0.13999104499816895,4,51.101932525634766,4,23,1,64
baseline,1,62.933101177215576,4,5.59183931350708,4,23,100,64
baseline,1,123.19697308540344,4,4.927274703979492,4,23,200,64
baseline,1,175.79557418823242,4,3.723773956298828,4,23,300,64
baseline,1,234.4045124053955,4,4.230153560638428,4,23,400,64
baseline,1,290.76579308509827,4,3.046109199523926,4,23,500,64
baseline,1,0.13999104499816895,4,51.101932525634766,4,23,1,64
baseline,1,62.933101177215576,4,5.59183931350708,4,23,100,64
baseline,1,123.19697308540344,4,4.927274703979492,4,23,200,64
baseline,1,175.79557418823242,4,3.723773956298828,4,23,300,64
baseline,1,234.4045124053955,4,4.230153560638428,4,23,400,64
baseline,1,290.76579308509827,4,3.046109199523926,4,23,500,64
baseline,1,0.13999104499816895,4,51.101932525634766,4,23,1,64
baseline,1,62.933101177215576,4,5.59183931350708,4,23,100,64
baseline,1,123.19697308540344,4,4.927274703979492,4,23,200,64
baseline,1,175.79557418823242,4,3.723773956298828,4,23,300,64
baseline,1,234.4045124053955,4,4.230153560638428,4,23,400,64
baseline,1,290.76579308509827,4,3.046109199523926,4,23,500,64
baseline,1,0.13999104499816895,4,51.101932525634766,4,23,1,64
baseline,1,62.933101177215576,4,5.59183931350708,4,23,100,64
baseline,1,123.19697308540344,4,4.927274703979492,4,23,200,64
baseline,1,175.79557418823242,4,3.723773956298828,4,23,300,64
baseline,1,234.4045124053955,4,4.230153560638428,4,23,400,64
baseline,1,290.76579308509827,4,3.046109199523926,4,23,500,64
baseline,1,0.13999104499816895,4,51.101932525634766,4,23,1,64
baseline,1,62.933101177215576,4,5.59183931350708,4,23,100,64
baseline,1,123.19697308540344,4,4.927274703979492,4,23,200,64
baseline,1,175.79557418823242,4,3.723773956298828,4,23,300,64
baseline,1,234.4045124053955,4,4.230153560638428,4,23,400,64
baseline,1,290.76579308509827,4,3.046109199523926,4,23,500,64
baseline,1,1.2835171222686768,4,44.02900314331055,4,37,1,64
baseline,1,55.01286697387695,4,5.7170515060424805,4,37,100,64
baseline,1,116.77858996391296,4,3.7885255813598633,4,37,200,64
baseline,1,173.54948902130127,4,4.090875625610352,4,37,300,64
baseline,1,234.1961030960083,4,2.298351764678955,4,37,400,64
baseline,1,293.0071802139282,4,3.1479361057281494,4,37,500,64
baseline,1,1.2835171222686768,4,44.02900314331055,4,37,1,64
baseline,1,55.01286697387695,4,5.7170515060424805,4,37,100,64
baseline,1,116.77858996391296,4,3.7885255813598633,4,37,200,64
baseline,1,173.54948902130127,4,4.090875625610352,4,37,300,64
baseline,1,234.1961030960083,4,2.298351764678955,4,37,400,64
baseline,1,293.0071802139282,4,3.1479361057281494,4,37,500,64
baseline,1,1.2835171222686768,4,44.02900314331055,4,37,1,64
baseline,1,55.01286697387695,4,5.7170515060424805,4,37,100,64
baseline,1,116.77858996391296,4,3.7885255813598633,4,37,200,64
baseline,1,173.54948902130127,4,4.090875625610352,4,37,300,64
baseline,1,234.1961030960083,4,2.298351764678955,4,37,400,64
baseline,1,293.0071802139282,4,3.1479361057281494,4,37,500,64
baseline,1,1.2835171222686768,4,44.02900314331055,4,37,1,64
baseline,1,55.01286697387695,4,5.7170515060424805,4,37,100,64
baseline,1,116.77858996391296,4,3.7885255813598633,4,37,200,64
baseline,1,173.54948902130127,4,4.090875625610352,4,37,300,64
baseline,1,234.1961030960083,4,2.298351764678955,4,37,400,64
baseline,1,293.0071802139282,4,3.1479361057281494,4,37,500,64
baseline,1,1.2835171222686768,4,44.02900314331055,4,37,1,64
baseline,1,55.01286697387695,4,5.7170515060424805,4,37,100,64
baseline,1,116.77858996391296,4,3.7885255813598633,4,37,200,64
baseline,1,173.54948902130127,4,4.090875625610352,4,37,300,64
baseline,1,234.1961030960083,4,2.298351764678955,4,37,400,64
baseline,1,293.0071802139282,4,3.1479361057281494,4,37,500,64
baseline,1,1.2835171222686768,4,44.02900314331055,4,37,1,64
baseline,1,55.01286697387695,4,5.7170515060424805,4,37,100,64
baseline,1,116.77858996391296,4,3.7885255813598633,4,37,200,64
baseline,1,173.54948902130127,4,4.090875625610352,4,37,300,64
baseline,1,234.1961030960083,4,2.298351764678955,4,37,400,64
baseline,1,293.0071802139282,4,3.1479361057281494,4,37,500,64
depth8,1,0.39322400093078613,4,42.701045989990234,8,11,1,64
depth8,1,106.70514512062073,4,1.5129506587982178,8,11,100,64
depth8,1,222.8604860305786,4,4.307048797607422,8,11,200,64
depth8,1,341.0593168735504,4,0.2242719680070877,8,11,300,64
depth8,1,442.51054787635803,4,2.555050849914551,8,11,400,64
depth8,1,557.1255540847778,4,1.5144119262695312,8,11,500,64
depth8,1,0.39322400093078613,4,42.701045989990234,8,11,1,64
depth8,1,106.70514512062073,4,1.5129506587982178,8,11,100,64
depth8,1,222.8604860305786,4,4.307048797607422,8,11,200,64
depth8,1,341.0593168735504,4,0.2242719680070877,8,11,300,64
depth8,1,442.51054787635803,4,2.555050849914551,8,11,400,64
depth8,1,557.1255540847778,4,1.5144119262695312,8,11,500,64
depth8,1,0.39322400093078613,4,42.701045989990234,8,11,1,64
depth8,1,106.70514512062073,4,1.5129506587982178,8,11,100,64
depth8,1,222.8604860305786,4,4.307048797607422,8,11,200,64
depth8,1,341.0593168735504,4,0.2242719680070877,8,11,300,64
depth8,1,442.51054787635803,4,2.555050849914551,8,11,400,64
depth8,1,557.1255540847778,4,1.5144119262695312,8,11,500,64
depth8,1,0.39322400093078613,4,42.701045989990234,8,11,1,64
depth8,1,106.70514512062073,4,1.5129506587982178,8,11,100,64
depth8,1,222.8604860305786,4,4.307048797607422,8,11,200,64
depth8,1,341.0593168735504,4,0.2242719680070877,8,11,300,64
depth8,1,442.51054787635803,4,2.555050849914551,8,11,400,64
depth8,1,557.1255540847778,4,1.5144119262695312,8,11,500,64
depth8,1,0.39322400093078613,4,42.701045989990234,8,11,1,64
depth8,1,106.70514512062073,4,1.5129506587982178,8,11,100,64
depth8,1,222.8604860305786,4,4.307048797607422,8,11,200,64
depth8,1,341.0593168735504,4,0.2242719680070877,8,11,300,64
depth8,1,442.51054787635803,4,2.555050849914551,8,11,400,64
depth8,1,557.1255540847778,4,1.5144119262695312,8,11,500,64
depth8,1,0.39322400093078613,4,42.701045989990234,8,11,1,64
depth8,1,106.70514512062073,4,1.5129506587982178,8,11,100,64
depth8,1,222.8604860305786,4,4.307048797607422,8,11,200,64
depth8,1,341.0593168735504,4,0.2242719680070877,8,11,300,64
depth8,1,442.51054787635803,4,2.555050849914551,8,11,400,64
depth8,1,557.1255540847778,4,1.5144119262695312,8,11,500,64
depth8,1,0.33686208724975586,4,46.15127182006836,8,23,1,64
depth8,1,113.46412491798401,4,5.145077228546143,8,23,100,64
depth8,1,234.12822818756104,4,0.7616788744926453,8,23,200,64
depth8,1,345.99552512168884,4,4.216558456420898,8,23,300,64
depth8,1,455.202317237854,4,2.4374442100524902,8,23,400,64
depth8,1,570.3024101257324,4,2.853569507598877,8,23,500,64
depth8,1,0.33686208724975586,4,46.15127182006836,8,23,1,64
depth8,1,113.46412491798401,4,5.145077228546143,8,23,100,64
depth8,1,234.12822818756104,4,0.7616788744926453,8,23,200,64
depth8,1,345.99552512168884,4,4.216558456420898,8,23,300,64
depth8,1,455.202317237854,4,2.4374442100524902,8,23,400,64
depth8,1,570.3024101257324,4,2.853569507598877,8,23,500,64
depth8,1,0.33686208724975586,4,46.15127182006836,8,23,1,64
depth8,1,113.46412491798401,4,5.145077228546143,8,23,100,64
depth8,1,234.12822818756104,4,0.7616788744926453,8,23,200,64
depth8,1,345.99552512168884,4,4.216558456420898,8,23,300,64
depth8,1,455.202317237854,4,2.4374442100524902,8,23,400,64
depth8,1,570.3024101257324,4,2.853569507598877,8,23,500,64
depth8,1,0.33686208724975586,4,46.15127182006836,8,23,1,64
depth8,1,113.46412491798401,4,5.145077228546143,8,23,100,64
depth8,1,234.12822818756104,4,0.7616788744926453,8,23,200,64
depth8,1,345.99552512168884,4,4.216558456420898,8,23,300,64
depth8,1,455.202317237854,4,2.4374442100524902,8,23,400,64
depth8,1,570.3024101257324,4,2.853569507598877,8,23,500,64
depth8,1,0.33686208724975586,4,46.15127182006836,8,23,1,64
depth8,1,113.46412491798401,4,5.145077228546143,8,23,100,64
depth8,1,234.12822818756104,4,0.7616788744926453,8,23,200,64
depth8,1,345.99552512168884,4,4.216558456420898,8,23,300,64
depth8,1,455.202317237854,4,2.4374442100524902,8,23,400,64
depth8,1,570.3024101257324,4,2.853569507598877,8,23,500,64
depth8,1,0.33686208724975586,4,46.15127182006836,8,23,1,64
depth8,1,113.46412491798401,4,5.145077228546143,8,23,100,64
depth8,1,234.12822818756104,4,0.7616788744926453,8,23,200,64
depth8,1,345.99552512168884,4,4.216558456420898,8,23,300,64
depth8,1,455.202317237854,4,2.4374442100524902,8,23,400,64
depth8,1,570.3024101257324,4,2.853569507598877,8,23,500,64
depth8,1,0.2841320037841797,4,39.42542266845703,8,37,1,64
depth8,1,94.78002905845642,4,5.875289440155029,8,37,100,64
depth8,1,212.38928508758545,4,0.9754147529602051,8,37,200,64
depth8,1,334.8479070663452,4,1.890582799911499,8,37,300,64
depth8,1,454.0261080265045,4,4.489561080932617,8,37,400,64
depth8,1,556.26731300354,4,3.123922348022461,8,37,500,64
depth8,1,0.2841320037841797,4,39.42542266845703,8,37,1,64
depth8,1,94.78002905845642,4,5.875289440155029,8,37,100,64
depth8,1,212.38928508758545,4,0.9754147529602051,8,37,200,64
depth8,1,334.8479070663452,4,1.890582799911499,8,37,300,64
depth8,1,454.0261080265045,4,4.489561080932617,8,37,400,64
depth8,1,556.26731300354,4,3.123922348022461,8,37,500,64
depth8,1,0.2841320037841797,4,39.42542266845703,8,37,1,64
depth8,1,94.78002905845642,4,5.875289440155029,8,37,100,64
depth8,1,212.38928508758545,4,0.9754147529602051,8,37,200,64
depth8,1,334.8479070663452,4,1.890582799911499,8,37,300,64
depth8,1,454.0261080265045,4,4.489561080932617,8,37,400,64
depth8,1,556.26731300354,4,3.123922348022461,8,37,500,64
depth8,1,0.2841320037841797,4,39.42542266845703,8,37,1,64
depth8,1,94.78002905845642,4,5.875289440155029,8,37,100,64
depth8,1,212.38928508758545,4,0.9754147529602051,8,37,200,64
depth8,1,334.8479070663452,4,1.890582799911499,8,37,300,64
depth8,1,454.0261080265045,4,4.489561080932617,8,37,400,64
depth8,1,556.26731300354,4,3.123922348022461,8,37,500,64
depth8,1,0.2841320037841797,4,39.42542266845703,8,37,1,64
depth8,1,94.78002905845642,4,5.875289440155029,8,37,100,64
depth8,1,212.38928508758545,4,0.9754147529602051,8,37,200,64
depth8,1,334.8479070663452,4,1.890582799911499,8,37,300,64
depth8,1,454.0261080265045,4,4.489561080932617,8,37,400,64
depth8,1,556.26731300354,4,3.123922348022461,8,37,500,64
depth8,1,0.2841320037841797,4,39.42542266845703,8,37,1,64
depth8,1,94.78002905845642,4,5.875289440155029,8,37,100,64
depth8,1,212.38928508758545,4,0.9754147529602051,8,37,200,64
depth8,1,334.8479070663452,4,1.890582799911499,8,37,300,64
depth8,1,454.0261080265045,4,4.489561080932617,8,37,400,64
depth8,1,556.26731300354,4,3.123922348022461,8,37,500,64
width128,1,1.0448329448699951,4,107.879150390625,4,11,1,128
width128,1,73.66378211975098,4,0.7072584629058838,4,11,100,128
width128,1,142.06506323814392,4,4.4950079917907715,4,11,200,128
width128,1,210.0089430809021,4,3.8373849391937256,4,11,300,128
width128,1,286.2367820739746,4,0.8379964828491211,4,11,400,128
width128,1,350.4884600639343,4,1.5674266815185547,4,11,500,128
width128,1,1.0448329448699951,4,107.879150390625,4,11,1,128
width128,1,73.66378211975098,4,0.7072584629058838,4,11,100,128
width128,1,142.06506323814392,4,4.4950079917907715,4,11,200,128
width128,1,210.0089430809021,4,3.8373849391937256,4,11,300,128
width128,1,286.2367820739746,4,0.8379964828491211,4,11,400,128
width128,1,350.4884600639343,4,1.5674266815185547,4,11,500,128
width128,1,1.0448329448699951,4,107.879150390625,4,11,1,128
width128,1,73.66378211975098,4,0.7072584629058838,4,11,100,128
width128,1,142.06506323814392,4,4.4950079917907715,4,11,200,128
width128,1,210.0089430809021,4,3.8373849391937256,4,11,300,128
width128,1,286.2367820739746,4,0.8379964828491211,4,11,400,128
width128,1,350.4884600639343,4,1.5674266815185547,4,11,500,128
width128,1,1.0448329448699951,4,107.879150390625,4,11,1,128
width128,1,73.66378211975098,4,0.7072584629058838,4,11,100,128
width128,1,142.06506323814392,4,4.4950079917907715,4,11,200,128
width128,1,210.0089430809021,4,3.8373849391937256,4,11,300,128
width128,1,286.2367820739746,4,0.8379964828491211,4,11,400,128
width128,1,350.4884600639343,4,1.5674266815185547,4,11,500,128
width128,1,1.0448329448699951,4,107.879150390625,4,11,1,128
width128,1,73.66378211975098,4,0.7072584629058838,4,11,100,128
width128,1,142.06506323814392,4,4.4950079917907715,4,11,200,128
width128,1,210.0089430809021,4,3.8373849391937256,4,11,300,128
width128,1,286.2367820739746,4,0.8379964828491211,4,11,400,128
width128,1,350.4884600639343,4,1.5674266815185547,4,11,500,128
width128,1,1.0448329448699951,4,107.879150390625,4,11,1,128
width128,1,73.66378211975098,4,0.7072584629058838,4,11,100,128
width128,1,142.06506323814392,4,4.4950079917907715,4,11,200,128
width128,1,210.0089430809021,4,3.8373849391937256,4,11,300,128
width128,1,286.2367820739746,4,0.8379964828491211,4,11,400,128
width128,1,350.4884600639343,4,1.5674266815185547,4,11,500,128
width128,1,0.14287734031677246,4,100.845458984375,4,23,1,128
width128,1,80.04602813720703,4,5.511840343475342,4,23,100,128
width128,1,156.34969019889832,4,4.8181257247924805,4,23,200,128
width128,1,222.9891173839569,4,3.84852933883667,4,23,300,128
width128,1,297.46984815597534,4,4.401004791259766,4,23,400,128
width128,1,369.1457540988922,4,3.3406314849853516,4,23,500,128
width128,1,0.14287734031677246,4,100.845458984375,4,23,1,128
width128,1,80.04602813720703,4,5.511840343475342,4,23,100,128
width128,1,156.34969019889832,4,4.8181257247924805,4,23,200,128
width128,1,222.9891173839569,4,3.84852933883667,4,23,300,128
width128,1,297.46984815597534,4,4.401004791259766,4,23,400,128
width128,1,369.1457540988922,4,3.3406314849853516,4,23,500,128
width128,1,0.14287734031677246,4,100.845458984375,4,23,1,128
width128,1,80.04602813720703,4,5.511840343475342,4,23,100,128
width128,1,156.34969019889832,4,4.8181257247924805,4,23,200,128
width128,1,222.9891173839569,4,3.84852933883667,4,23,300,128
width128,1,297.46984815597534,4,4.401004791259766,4,23,400,128
width128,1,369.1457540988922,4,3.3406314849853516,4,23,500,128
width128,1,0.14287734031677246,4,100.845458984375,4,23,1,128
width128,1,80.04602813720703,4,5.511840343475342,4,23,100,128
width128,1,156.34969019889832,4,4.8181257247924805,4,23,200,128
width128,1,222.9891173839569,4,3.84852933883667,4,23,300,128
width128,1,297.46984815597534,4,4.401004791259766,4,23,400,128
width128,1,369.1457540988922,4,3.3406314849853516,4,23,500,128
width128,1,0.14287734031677246,4,100.845458984375,4,23,1,128
width128,1,80.04602813720703,4,5.511840343475342,4,23,100,128
width128,1,156.34969019889832,4,4.8181257247924805,4,23,200,128
width128,1,222.9891173839569,4,3.84852933883667,4,23,300,128
width128,1,297.46984815597534,4,4.401004791259766,4,23,400,128
width128,1,369.1457540988922,4,3.3406314849853516,4,23,500,128
width128,1,0.14287734031677246,4,100.845458984375,4,23,1,128
width128,1,80.04602813720703,4,5.511840343475342,4,23,100,128
width128,1,156.34969019889832,4,4.8181257247924805,4,23,200,128
width128,1,222.9891173839569,4,3.84852933883667,4,23,300,128
width128,1,297.46984815597534,4,4.401004791259766,4,23,400,128
width128,1,369.1457540988922,4,3.3406314849853516,4,23,500,128
width128,1,1.5614149570465088,4,99.80839538574219,4,37,1,128
width128,1,69.28763198852539,4,5.515317916870117,4,37,100,128
width128,1,147.18635511398315,4,4.677861213684082,4,37,200,128
width128,1,218.92846608161926,4,4.64492130279541,4,37,300,128
width128,1,295.94230699539185,4,3.1848015785217285,4,37,400,128
width128,1,5610.735452890396,4,3.4387364387512207,4,37,500,128
width128,1,1.5614149570465088,4,99.80839538574219,4,37,1,128
width128,1,69.28763198852539,4,5.515317916870117,4,37,100,128
width128,1,147.18635511398315,4,4.677861213684082,4,37,200,128
width128,1,218.92846608161926,4,4.64492130279541,4,37,300,128
width128,1,295.94230699539185,4,3.1848015785217285,4,37,400,128
width128,1,5610.735452890396,4,3.4387364387512207,4,37,500,128
width128,1,1.5614149570465088,4,99.80839538574219,4,37,1,128
width128,1,69.28763198852539,4,5.515317916870117,4,37,100,128
width128,1,147.18635511398315,4,4.677861213684082,4,37,200,128
width128,1,218.92846608161926,4,4.64492130279541,4,37,300,128
width128,1,295.94230699539185,4,3.1848015785217285,4,37,400,128
width128,1,5610.735452890396,4,3.4387364387512207,4,37,500,128
width128,1,1.5614149570465088,4,99.80839538574219,4,37,1,128
width128,1,69.28763198852539,4,5.515317916870117,4,37,100,128
width128,1,147.18635511398315,4,4.677861213684082,4,37,200,128
width128,1,218.92846608161926,4,4.64492130279541,4,37,300,128
width128,1,295.94230699539185,4,3.1848015785217285,4,37,400,128
width128,1,5610.735452890396,4,3.4387364387512207,4,37,500,128
width128,1,1.5614149570465088,4,99.80839538574219,4,37,1,128
width128,1,69.28763198852539,4,5.515317916870117,4,37,100,128
width128,1,147.18635511398315,4,4.677861213684082,4,37,200,128
width128,1,218.92846608161926,4,4.64492130279541,4,37,300,128
width128,1,295.94230699539185,4,3.1848015785217285,4,37,400,128
width128,1,5610.735452890396,4,3.4387364387512207,4,37,500,128
width128,1,1.5614149570465088,4,99.80839538574219,4,37,1,128
width128,1,69.28763198852539,4,5.515317916870117,4,37,100,128
width128,1,147.18635511398315,4,4.677861213684082,4,37,200,128
width128,1,218.92846608161926,4,4.64492130279541,4,37,300,128
width128,1,295.94230699539185,4,3.1848015785217285,4,37,400,128
width128,1,5610.735452890396,4,3.4387364387512207,4,37,500,128
heads2,1,2.362373113632202,2,51.70903396606445,4,11,1,64
heads2,1,159.3043520450592,2,2.1995491981506348,4,11,100,64
heads2,1,308.6057322025299,2,4.6455793380737305,4,11,200,64
heads2,1,423.5394902229309,2,4.31740665435791,4,11,300,64
heads2,1,465.21703720092773,2,1.0225367546081543,4,11,400,64
heads2,1,501.8715441226959,2,2.319953441619873,4,11,500,64
heads2,1,2.362373113632202,2,51.70903396606445,4,11,1,64
heads2,1,159.3043520450592,2,2.1995491981506348,4,11,100,64
heads2,1,308.6057322025299,2,4.6455793380737305,4,11,200,64
heads2,1,423.5394902229309,2,4.31740665435791,4,11,300,64
heads2,1,465.21703720092773,2,1.0225367546081543,4,11,400,64
heads2,1,501.8715441226959,2,2.319953441619873,4,11,500,64
heads2,1,2.362373113632202,2,51.70903396606445,4,11,1,64
heads2,1,159.3043520450592,2,2.1995491981506348,4,11,100,64
heads2,1,308.6057322025299,2,4.6455793380737305,4,11,200,64
heads2,1,423.5394902229309,2,4.31740665435791,4,11,300,64
heads2,1,465.21703720092773,2,1.0225367546081543,4,11,400,64
heads2,1,501.8715441226959,2,2.319953441619873,4,11,500,64
heads2,1,2.362373113632202,2,51.70903396606445,4,11,1,64
heads2,1,159.3043520450592,2,2.1995491981506348,4,11,100,64
heads2,1,308.6057322025299,2,4.6455793380737305,4,11,200,64
heads2,1,423.5394902229309,2,4.31740665435791,4,11,300,64
heads2,1,465.21703720092773,2,1.0225367546081543,4,11,400,64
heads2,1,501.8715441226959,2,2.319953441619873,4,11,500,64
heads2,1,2.362373113632202,2,51.70903396606445,4,11,1,64
heads2,1,159.3043520450592,2,2.1995491981506348,4,11,100,64
heads2,1,308.6057322025299,2,4.6455793380737305,4,11,200,64
heads2,1,423.5394902229309,2,4.31740665435791,4,11,300,64
heads2,1,465.21703720092773,2,1.0225367546081543,4,11,400,64
heads2,1,501.8715441226959,2,2.319953441619873,4,11,500,64
heads2,1,2.362373113632202,2,51.70903396606445,4,11,1,64
heads2,1,159.3043520450592,2,2.1995491981506348,4,11,100,64
heads2,1,308.6057322025299,2,4.6455793380737305,4,11,200,64
heads2,1,423.5394902229309,2,4.31740665435791,4,11,300,64
heads2,1,465.21703720092773,2,1.0225367546081543,4,11,400,64
heads2,1,501.8715441226959,2,2.319953441619873,4,11,500,64
heads2,1,0.1505439281463623,2,50.900970458984375,4,23,1,64
heads2,1,43.570003032684326,2,5.562698841094971,4,23,100,64
heads2,1,84.75071692466736,2,4.872659206390381,4,23,200,64
heads2,1,121.62652802467346,2,4.168954849243164,4,23,300,64
heads2,1,161.88655591011047,2,5.4164628982543945,4,23,400,64
heads2,1,200.83709287643433,2,3.646174192428589,4,23,500,64
heads2,1,0.1505439281463623,2,50.900970458984375,4,23,1,64
heads2,1,43.570003032684326,2,5.562698841094971,4,23,100,64
heads2,1,84.75071692466736,2,4.872659206390381,4,23,200,64
heads2,1,121.62652802467346,2,4.168954849243164,4,23,300,64
heads2,1,161.88655591011047,2,5.4164628982543945,4,23,400,64
heads2,1,200.83709287643433,2,3.646174192428589,4,23,500,64
heads2,1,0.1505439281463623,2,50.900970458984375,4,23,1,64
heads2,1,43.570003032684326,2,5.562698841094971,4,23,100,64
heads2,1,84.75071692466736,2,4.872659206390381,4,23,200,64
heads2,1,121.62652802467346,2,4.168954849243164,4,23,300,64
heads2,1,161.88655591011047,2,5.4164628982543945,4,23,400,64
heads2,1,200.83709287643433,2,3.646174192428589,4,23,500,64
heads2,1,0.1505439281463623,2,50.900970458984375,4,23,1,64
heads2,1,43.570003032684326,2,5.562698841094971,4,23,100,64
heads2,1,84.75071692466736,2,4.872659206390381,4,23,200,64
heads2,1,121.62652802467346,2,4.168954849243164,4,23,300,64
heads2,1,161.88655591011047,2,5.4164628982543945,4,23,400,64
heads2,1,200.83709287643433,2,3.646174192428589,4,23,500,64
heads2,1,0.1505439281463623,2,50.900970458984375,4,23,1,64
heads2,1,43.570003032684326,2,5.562698841094971,4,23,100,64
heads2,1,84.75071692466736,2,4.872659206390381,4,23,200,64
heads2,1,121.62652802467346,2,4.168954849243164,4,23,300,64
heads2,1,161.88655591011047,2,5.4164628982543945,4,23,400,64
heads2,1,200.83709287643433,2,3.646174192428589,4,23,500,64
heads2,1,0.1505439281463623,2,50.900970458984375,4,23,1,64
heads2,1,43.570003032684326,2,5.562698841094971,4,23,100,64
heads2,1,84.75071692466736,2,4.872659206390381,4,23,200,64
heads2,1,121.62652802467346,2,4.168954849243164,4,23,300,64
heads2,1,161.88655591011047,2,5.4164628982543945,4,23,400,64
heads2,1,200.83709287643433,2,3.646174192428589,4,23,500,64
heads2,1,0.8078460693359375,2,43.836402893066406,4,37,1,64
heads2,1,37.992992877960205,2,5.72330904006958,4,37,100,64
heads2,1,80.20940899848938,2,3.8358030319213867,4,37,200,64
heads2,1,119.43380689620972,2,4.123971939086914,4,37,300,64
heads2,1,160.88497710227966,2,2.858405828475952,4,37,400,64
heads2,1,201.06260704994202,2,3.6793899536132812,4,37,500,64
heads2,1,0.8078460693359375,2,43.836402893066406,4,37,1,64
heads2,1,37.992992877960205,2,5.72330904006958,4,37,100,64
heads2,1,80.20940899848938,2,3.8358030319213867,4,37,200,64
heads2,1,119.43380689620972,2,4.123971939086914,4,37,300,64
heads2,1,160.88497710227966,2,2.858405828475952,4,37,400,64
heads2,1,201.06260704994202,2,3.6793899536132812,4,37,500,64
heads2,1,0.8078460693359375,2,43.836402893066406,4,37,1,64
heads2,1,37.992992877960205,2,5.72330904006958,4,37,100,64
heads2,1,80.20940899848938,2,3.8358030319213867,4,37,200,64
heads2,1,119.43380689620972,2,4.123971939086914,4,37,300,64
heads2,1,160.88497710227966,2,2.858405828475952,4,37,400,64
heads2,1,201.06260704994202,2,3.6793899536132812,4,37,500,64
heads2,1,0.8078460693359375,2,43.836402893066406,4,37,1,64
heads2,1,37.992992877960205,2,5.72330904006958,4,37,100,64
heads2,1,80.20940899848938,2,3.8358030319213867,4,37,200,64
heads2,1,119.43380689620972,2,4.123971939086914,4,37,300,64
heads2,1,160.88497710227966,2,2.858405828475952,4,37,400,64
heads2,1,201.06260704994202,2,3.6793899536132812,4,37,500,64
heads2,1,0.8078460693359375,2,43.836402893066406,4,37,1,64
heads2,1,37.992992877960205,2,5.72330904006958,4,37,100,64
heads2,1,80.20940899848938,2,3.8358030319213867,4,37,200,64
heads2,1,119.43380689620972,2,4.123971939086914,4,37,300,64
heads2,1,160.88497710227966,2,2.858405828475952,4,37,400,64
heads2,1,201.06260704994202,2,3.6793899536132812,4,37,500,64
heads2,1,0.8078460693359375,2,43.836402893066406,4,37,1,64
heads2,1,37.992992877960205,2,5.72330904006958,4,37,100,64
heads2,1,80.20940899848938,2,3.8358030319213867,4,37,200,64
heads2,1,119.43380689620972,2,4.123971939086914,4,37,300,64
heads2,1,160.88497710227966,2,2.858405828475952,4,37,400,64
heads2,1,201.06260704994202,2,3.6793899536132812,4,37,500,64
heads8,1,0.7041428089141846,8,51.60858154296875,4,11,1,64
heads8,1,31.029682874679565,8,2.645216464996338,4,11,100,64
heads8,1,58.82430911064148,8,5.053048610687256,4,11,200,64
heads8,1,85.97362685203552,8,3.9888434410095215,4,11,300,64
heads8,1,114.91403293609619,8,0.8263441920280457,4,11,400,64
heads8,1,140.91304087638855,8,0.2476310431957245,4,11,500,64
heads8,1,0.7041428089141846,8,51.60858154296875,4,11,1,64
heads8,1,31.029682874679565,8,2.645216464996338,4,11,100,64
heads8,1,58.82430911064148,8,5.053048610687256,4,11,200,64
heads8,1,85.97362685203552,8,3.9888434410095215,4,11,300,64
heads8,1,114.91403293609619,8,0.8263441920280457,4,11,400,64
heads8,1,140.91304087638855,8,0.2476310431957245,4,11,500,64
heads8,1,0.7041428089141846,8,51.60858154296875,4,11,1,64
heads8,1,31.029682874679565,8,2.645216464996338,4,11,100,64
heads8,1,58.82430911064148,8,5.053048610687256,4,11,200,64
heads8,1,85.97362685203552,8,3.9888434410095215,4,11,300,64
heads8,1,114.91403293609619,8,0.8263441920280457,4,11,400,64
heads8,1,140.91304087638855,8,0.2476310431957245,4,11,500,64
heads8,1,0.7041428089141846,8,51.60858154296875,4,11,1,64
heads8,1,31.029682874679565,8,2.645216464996338,4,11,100,64
heads8,1,58.82430911064148,8,5.053048610687256,4,11,200,64
heads8,1,85.97362685203552,8,3.9888434410095215,4,11,300,64
heads8,1,114.91403293609619,8,0.8263441920280457,4,11,400,64
heads8,1,140.91304087638855,8,0.2476310431957245,4,11,500,64
heads8,1,0.7041428089141846,8,51.60858154296875,4,11,1,64
heads8,1,31.029682874679565,8,2.645216464996338,4,11,100,64
heads8,1,58.82430911064148,8,5.053048610687256,4,11,200,64
heads8,1,85.97362685203552,8,3.9888434410095215,4,11,300,64
heads8,1,114.91403293609619,8,0.8263441920280457,4,11,400,64
heads8,1,140.91304087638855,8,0.2476310431957245,4,11,500,64
heads8,1,0.7041428089141846,8,51.60858154296875,4,11,1,64
heads8,1,31.029682874679565,8,2.645216464996338,4,11,100,64
heads8,1,58.82430911064148,8,5.053048610687256,4,11,200,64
heads8,1,85.97362685203552,8,3.9888434410095215,4,11,300,64
heads8,1,114.91403293609619,8,0.8263441920280457,4,11,400,64
heads8,1,140.91304087638855,8,0.2476310431957245,4,11,500,64
heads8,1,0.20035004615783691,8,51.3162727355957,4,23,1,64
heads8,1,29.53309917449951,8,5.596568584442139,4,23,100,64
heads8,1,57.867090940475464,8,5.045357704162598,4,23,200,64
heads8,1,85.0215711593628,8,3.649366855621338,4,23,300,64
heads8,1,113.1462790966034,8,4.060638427734375,4,23,400,64
heads8,1,141.13654613494873,8,2.8704724311828613,4,23,500,64
heads8,1,0.20035004615783691,8,51.3162727355957,4,23,1,64
heads8,1,29.53309917449951,8,5.596568584442139,4,23,100,64
heads8,1,57.867090940475464,8,5.045357704162598,4,23,200,64
heads8,1,85.0215711593628,8,3.649366855621338,4,23,300,64
heads8,1,113.1462790966034,8,4.060638427734375,4,23,400,64
heads8,1,141.13654613494873,8,2.8704724311828613,4,23,500,64
heads8,1,0.20035004615783691,8,51.3162727355957,4,23,1,64
heads8,1,29.53309917449951,8,5.596568584442139,4,23,100,64
heads8,1,57.867090940475464,8,5.045357704162598,4,23,200,64
heads8,1,85.0215711593628,8,3.649366855621338,4,23,300,64
heads8,1,113.1462790966034,8,4.060638427734375,4,23,400,64
heads8,1,141.13654613494873,8,2.8704724311828613,4,23,500,64
heads8,1,0.20035004615783691,8,51.3162727355957,4,23,1,64
heads8,1,29.53309917449951,8,5.596568584442139,4,23,100,64
heads8,1,57.867090940475464,8,5.045357704162598,4,23,200,64
heads8,1,85.0215711593628,8,3.649366855621338,4,23,300,64
heads8,1,113.1462790966034,8,4.060638427734375,4,23,400,64
heads8,1,141.13654613494873,8,2.8704724311828613,4,23,500,64
heads8,1,0.20035004615783691,8,51.3162727355957,4,23,1,64
heads8,1,29.53309917449951,8,5.596568584442139,4,23,100,64
heads8,1,57.867090940475464,8,5.045357704162598,4,23,200,64
heads8,1,85.0215711593628,8,3.649366855621338,4,23,300,64
heads8,1,113.1462790966034,8,4.060638427734375,4,23,400,64
heads8,1,141.13654613494873,8,2.8704724311828613,4,23,500,64
heads8,1,0.20035004615783691,8,51.3162727355957,4,23,1,64
heads8,1,29.53309917449951,8,5.596568584442139,4,23,100,64
heads8,1,57.867090940475464,8,5.045357704162598,4,23,200,64
heads8,1,85.0215711593628,8,3.649366855621338,4,23,300,64
heads8,1,113.1462790966034,8,4.060638427734375,4,23,400,64
heads8,1,141.13654613494873,8,2.8704724311828613,4,23,500,64
heads8,1,0.4139699935913086,8,44.180763244628906,4,37,1,64
heads8,1,26.771981954574585,8,5.72422981262207,4,37,100,64
heads8,1,56.34515190124512,8,4.146414756774902,4,37,200,64
heads8,1,83.81779408454895,8,4.2626447677612305,4,37,300,64
heads8,1,112.87448287010193,8,2.086111545562744,4,37,400,64
heads8,1,141.13842391967773,8,2.8837180137634277,4,37,500,64
heads8,1,0.4139699935913086,8,44.180763244628906,4,37,1,64
heads8,1,26.771981954574585,8,5.72422981262207,4,37,100,64
heads8,1,56.34515190124512,8,4.146414756774902,4,37,200,64
heads8,1,83.81779408454895,8,4.2626447677612305,4,37,300,64
heads8,1,112.87448287010193,8,2.086111545562744,4,37,400,64
heads8,1,141.13842391967773,8,2.8837180137634277,4,37,500,64
heads8,1,0.4139699935913086,8,44.180763244628906,4,37,1,64
heads8,1,26.771981954574585,8,5.72422981262207,4,37,100,64
heads8,1,56.34515190124512,8,4.146414756774902,4,37,200,64
heads8,1,83.81779408454895,8,4.2626447677612305,4,37,300,64
heads8,1,112.87448287010193,8,2.086111545562744,4,37,400,64
heads8,1,141.13842391967773,8,2.8837180137634277,4,37,500,64
heads8,1,0.4139699935913086,8,44.180763244628906,4,37,1,64
heads8,1,26.771981954574585,8,5.72422981262207,4,37,100,64
heads8,1,56.34515190124512,8,4.146414756774902,4,37,200,64
heads8,1,83.81779408454895,8,4.2626447677612305,4,37,300,64
heads8,1,112.87448287010193,8,2.086111545562744,4,37,400,64
heads8,1,141.13842391967773,8,2.8837180137634277,4,37,500,64
heads8,1,0.4139699935913086,8,44.180763244628906,4,37,1,64
heads8,1,26.771981954574585,8,5.72422981262207,4,37,100,64
heads8,1,56.34515190124512,8,4.146414756774902,4,37,200,64
heads8,1,83.81779408454895,8,4.2626447677612305,4,37,300,64
heads8,1,112.87448287010193,8,2.086111545562744,4,37,400,64
heads8,1,141.13842391967773,8,2.8837180137634277,4,37,500,64
heads8,1,0.4139699935913086,8,44.180763244628906,4,37,1,64
heads8,1,26.771981954574585,8,5.72422981262207,4,37,100,64
heads8,1,56.34515190124512,8,4.146414756774902,4,37,200,64
heads8,1,83.81779408454895,8,4.2626447677612305,4,37,300,64
heads8,1,112.87448287010193,8,2.086111545562744,4,37,400,64
heads8,1,141.13842391967773,8,2.8837180137634277,4,37,500,64
deep_narrow_match,1,2.61683988571167,4,35.83867645263672,12,11,1,48
deep_narrow_match,1,75.12533688545227,4,3.7299137115478516,12,11,100,48
deep_narrow_match,1,136.4202311038971,4,0.9295936822891235,12,11,200,48
deep_narrow_match,1,198.3334469795227,4,4.286966323852539,12,11,300,48
deep_narrow_match,1,260.1162049770355,4,2.239797830581665,12,11,400,48
deep_narrow_match,1,323.61843395233154,4,1.891379475593567,12,11,500,48
deep_narrow_match,1,2.61683988571167,4,35.83867645263672,12,11,1,48
deep_narrow_match,1,75.12533688545227,4,3.7299137115478516,12,11,100,48
deep_narrow_match,1,136.4202311038971,4,0.9295936822891235,12,11,200,48
deep_narrow_match,1,198.3334469795227,4,4.286966323852539,12,11,300,48
deep_narrow_match,1,260.1162049770355,4,2.239797830581665,12,11,400,48
deep_narrow_match,1,323.61843395233154,4,1.891379475593567,12,11,500,48
deep_narrow_match,1,2.61683988571167,4,35.83867645263672,12,11,1,48
deep_narrow_match,1,75.12533688545227,4,3.7299137115478516,12,11,100,48
deep_narrow_match,1,136.4202311038971,4,0.9295936822891235,12,11,200,48
deep_narrow_match,1,198.3334469795227,4,4.286966323852539,12,11,300,48
deep_narrow_match,1,260.1162049770355,4,2.239797830581665,12,11,400,48
deep_narrow_match,1,323.61843395233154,4,1.891379475593567,12,11,500,48
deep_narrow_match,1,2.61683988571167,4,35.83867645263672,12,11,1,48
deep_narrow_match,1,75.12533688545227,4,3.7299137115478516,12,11,100,48
deep_narrow_match,1,136.4202311038971,4,0.9295936822891235,12,11,200,48
deep_narrow_match,1,198.3334469795227,4,4.286966323852539,12,11,300,48
deep_narrow_match,1,260.1162049770355,4,2.239797830581665,12,11,400,48
deep_narrow_match,1,323.61843395233154,4,1.891379475593567,12,11,500,48
deep_narrow_match,1,2.61683988571167,4,35.83867645263672,12,11,1,48
deep_narrow_match,1,75.12533688545227,4,3.7299137115478516,12,11,100,48
deep_narrow_match,1,136.4202311038971,4,0.9295936822891235,12,11,200,48
deep_narrow_match,1,198.3334469795227,4,4.286966323852539,12,11,300,48
deep_narrow_match,1,260.1162049770355,4,2.239797830581665,12,11,400,48
deep_narrow_match,1,323.61843395233154,4,1.891379475593567,12,11,500,48
deep_narrow_match,1,2.61683988571167,4,35.83867645263672,12,11,1,48
deep_narrow_match,1,75.12533688545227,4,3.7299137115478516,12,11,100,48
deep_narrow_match,1,136.4202311038971,4,0.9295936822891235,12,11,200,48
deep_narrow_match,1,198.3334469795227,4,4.286966323852539,12,11,300,48
deep_narrow_match,1,260.1162049770355,4,2.239797830581665,12,11,400,48
deep_narrow_match,1,323.61843395233154,4,1.891379475593567,12,11,500,48
deep_narrow_match,1,0.7433600425720215,4,27.071399688720703,12,23,1,48
deep_narrow_match,1,62.858137130737305,4,3.4231677055358887,12,23,100,48
deep_narrow_match,1,124.14720416069031,4,1.5339829921722412,12,23,200,48
deep_narrow_match,1,185.65557193756104,4,1.4594875574111938,12,23,300,48
deep_narrow_match,1,248.01579594612122,4,4.040962219238281,12,23,400,48
deep_narrow_match,1,307.3306391239166,4,2.2244133949279785,12,23,500,48
deep_narrow_match,1,0.7433600425720215,4,27.071399688720703,12,23,1,48
deep_narrow_match,1,62.858137130737305,4,3.4231677055358887,12,23,100,48
deep_narrow_match,1,124.14720416069031,4,1.5339829921722412,12,23,200,48
deep_narrow_match,1,185.65557193756104,4,1.4594875574111938,12,23,300,48
deep_narrow_match,1,248.01579594612122,4,4.040962219238281,12,23,400,48
deep_narrow_match,1,307.3306391239166,4,2.2244133949279785,12,23,500,48
deep_narrow_match,1,0.7433600425720215,4,27.071399688720703,12,23,1,48
deep_narrow_match,1,62.858137130737305,4,3.4231677055358887,12,23,100,48
deep_narrow_match,1,124.14720416069031,4,1.5339829921722412,12,23,200,48
deep_narrow_match,1,185.65557193756104,4,1.4594875574111938,12,23,300,48
deep_narrow_match,1,248.01579594612122,4,4.040962219238281,12,23,400,48
deep_narrow_match,1,307.3306391239166,4,2.2244133949279785,12,23,500,48
deep_narrow_match,1,0.7433600425720215,4,27.071399688720703,12,23,1,48
deep_narrow_match,1,62.858137130737305,4,3.4231677055358887,12,23,100,48
deep_narrow_match,1,124.14720416069031,4,1.5339829921722412,12,23,200,48
deep_narrow_match,1,185.65557193756104,4,1.4594875574111938,12,23,300,48
deep_narrow_match,1,248.01579594612122,4,4.040962219238281,12,23,400,48
deep_narrow_match,1,307.3306391239166,4,2.2244133949279785,12,23,500,48
deep_narrow_match,1,0.7433600425720215,4,27.071399688720703,12,23,1,48
deep_narrow_match,1,62.858137130737305,4,3.4231677055358887,12,23,100,48
deep_narrow_match,1,124.14720416069031,4,1.5339829921722412,12,23,200,48
deep_narrow_match,1,185.65557193756104,4,1.4594875574111938,12,23,300,48
deep_narrow_match,1,248.01579594612122,4,4.040962219238281,12,23,400,48
deep_narrow_match,1,307.3306391239166,4,2.2244133949279785,12,23,500,48
deep_narrow_match,1,0.7433600425720215,4,27.071399688720703,12,23,1,48
deep_narrow_match,1,62.858137130737305,4,3.4231677055358887,12,23,100,48
deep_narrow_match,1,124.14720416069031,4,1.5339829921722412,12,23,200,48
deep_narrow_match,1,185.65557193756104,4,1.4594875574111938,12,23,300,48
deep_narrow_match,1,248.01579594612122,4,4.040962219238281,12,23,400,48
deep_narrow_match,1,307.3306391239166,4,2.2244133949279785,12,23,500,48
deep_narrow_match,1,0.7597119808197021,4,27.054462432861328,12,37,1,48
deep_narrow_match,1,60.79572772979736,4,5.694832801818848,12,37,100,48
deep_narrow_match,1,117.90737795829773,4,4.816903114318848,12,37,200,48
deep_narrow_match,1,177.41894578933716,4,0.7580469846725464,12,37,300,48
deep_narrow_match,1,238.96569299697876,4,3.6398985385894775,12,37,400,48
deep_narrow_match,1,297.9444568157196,4,0.5640729665756226,12,37,500,48
deep_narrow_match,1,0.7597119808197021,4,27.054462432861328,12,37,1,48
deep_narrow_match,1,60.79572772979736,4,5.694832801818848,12,37,100,48
deep_narrow_match,1,117.90737795829773,4,4.816903114318848,12,37,200,48
deep_narrow_match,1,177.41894578933716,4,0.7580469846725464,12,37,300,48
deep_narrow_match,1,238.96569299697876,4,3.6398985385894775,12,37,400,48
deep_narrow_match,1,297.9444568157196,4,0.5640729665756226,12,37,500,48
deep_narrow_match,1,0.7597119808197021,4,27.054462432861328,12,37,1,48
deep_narrow_match,1,60.79572772979736,4,5.694832801818848,12,37,100,48
deep_narrow_match,1,117.90737795829773,4,4.816903114318848,12,37,200,48
deep_narrow_match,1,177.41894578933716,4,0.7580469846725464,12,37,300,48
deep_narrow_match,1,238.96569299697876,4,3.6398985385894775,12,37,400,48
deep_narrow_match,1,297.9444568157196,4,0.5640729665756226,12,37,500,48
deep_narrow_match,1,0.7597119808197021,4,27.054462432861328,12,37,1,48
deep_narrow_match,1,60.79572772979736,4,5.694832801818848,12,37,100,48
deep_narrow_match,1,117.90737795829773,4,4.816903114318848,12,37,200,48
deep_narrow_match,1,177.41894578933716,4,0.7580469846725464,12,37,300,48
deep_narrow_match,1,238.96569299697876,4,3.6398985385894775,12,37,400,48
deep_narrow_match,1,297.9444568157196,4,0.5640729665756226,12,37,500,48
deep_narrow_match,1,0.7597119808197021,4,27.054462432861328,12,37,1,48
deep_narrow_match,1,60.79572772979736,4,5.694832801818848,12,37,100,48
deep_narrow_match,1,117.90737795829773,4,4.816903114318848,12,37,200,48
deep_narrow_match,1,177.41894578933716,4,0.7580469846725464,12,37,300,48
deep_narrow_match,1,238.96569299697876,4,3.6398985385894775,12,37,400,48
deep_narrow_match,1,297.9444568157196,4,0.5640729665756226,12,37,500,48
deep_narrow_match,1,0.7597119808197021,4,27.054462432861328,12,37,1,48
deep_narrow_match,1,60.79572772979736,4,5.694832801818848,12,37,100,48
deep_narrow_match,1,117.90737795829773,4,4.816903114318848,12,37,200,48
deep_narrow_match,1,177.41894578933716,4,0.7580469846725464,12,37,300,48
deep_narrow_match,1,238.96569299697876,4,3.6398985385894775,12,37,400,48
deep_narrow_match,1,297.9444568157196,4,0.5640729665756226,12,37,500,48
shallow_wide_match,1,3.643998146057129,4,74.9902114868164,4,11,1,96
shallow_wide_match,1,79.80620408058167,4,2.389587879180908,4,11,100,96
shallow_wide_match,1,142.19847106933594,4,4.1086273193359375,4,11,200,96
shallow_wide_match,1,204.6372697353363,4,3.1418991088867188,4,11,300,96
shallow_wide_match,1,272.5397720336914,4,2.409463882446289,4,11,400,96
shallow_wide_match,1,329.934681892395,4,5.1945085525512695,4,11,500,96
shallow_wide_match,1,3.643998146057129,4,74.9902114868164,4,11,1,96
shallow_wide_match,1,79.80620408058167,4,2.389587879180908,4,11,100,96
shallow_wide_match,1,142.19847106933594,4,4.1086273193359375,4,11,200,96
shallow_wide_match,1,204.6372697353363,4,3.1418991088867188,4,11,300,96
shallow_wide_match,1,272.5397720336914,4,2.409463882446289,4,11,400,96
shallow_wide_match,1,329.934681892395,4,5.1945085525512695,4,11,500,96
shallow_wide_match,1,3.643998146057129,4,74.9902114868164,4,11,1,96
shallow_wide_match,1,79.80620408058167,4,2.389587879180908,4,11,100,96
shallow_wide_match,1,142.19847106933594,4,4.1086273193359375,4,11,200,96
shallow_wide_match,1,204.6372697353363,4,3.1418991088867188,4,11,300,96
shallow_wide_match,1,272.5397720336914,4,2.409463882446289,4,11,400,96
shallow_wide_match,1,329.934681892395,4,5.1945085525512695,4,11,500,96
shallow_wide_match,1,3.643998146057129,4,74.9902114868164,4,11,1,96
shallow_wide_match,1,79.80620408058167,4,2.389587879180908,4,11,100,96
shallow_wide_match,1,142.19847106933594,4,4.1086273193359375,4,11,200,96
shallow_wide_match,1,204.6372697353363,4,3.1418991088867188,4,11,300,96
shallow_wide_match,1,272.5397720336914,4,2.409463882446289,4,11,400,96
shallow_wide_match,1,329.934681892395,4,5.1945085525512695,4,11,500,96
shallow_wide_match,1,3.643998146057129,4,74.9902114868164,4,11,1,96
shallow_wide_match,1,79.80620408058167,4,2.389587879180908,4,11,100,96
shallow_wide_match,1,142.19847106933594,4,4.1086273193359375,4,11,200,96
shallow_wide_match,1,204.6372697353363,4,3.1418991088867188,4,11,300,96
shallow_wide_match,1,272.5397720336914,4,2.409463882446289,4,11,400,96
shallow_wide_match,1,329.934681892395,4,5.1945085525512695,4,11,500,96
shallow_wide_match,1,3.643998146057129,4,74.9902114868164,4,11,1,96
shallow_wide_match,1,79.80620408058167,4,2.389587879180908,4,11,100,96
shallow_wide_match,1,142.19847106933594,4,4.1086273193359375,4,11,200,96
shallow_wide_match,1,204.6372697353363,4,3.1418991088867188,4,11,300,96
shallow_wide_match,1,272.5397720336914,4,2.409463882446289,4,11,400,96
shallow_wide_match,1,329.934681892395,4,5.1945085525512695,4,11,500,96
shallow_wide_match,1,0.17729902267456055,4,77.22686767578125,4,23,1,96
shallow_wide_match,1,71.32443308830261,4,5.1773457527160645,4,23,100,96
shallow_wide_match,1,139.36296105384827,4,4.744807720184326,4,23,200,96
shallow_wide_match,1,198.65261697769165,4,3.871473789215088,4,23,300,96
shallow_wide_match,1,264.8657989501953,4,4.496494293212891,4,23,400,96
shallow_wide_match,1,328.6705701351166,4,3.0382018089294434,4,23,500,96
shallow_wide_match,1,0.17729902267456055,4,77.22686767578125,4,23,1,96
shallow_wide_match,1,71.32443308830261,4,5.1773457527160645,4,23,100,96
shallow_wide_match,1,139.36296105384827,4,4.744807720184326,4,23,200,96
shallow_wide_match,1,198.65261697769165,4,3.871473789215088,4,23,300,96
shallow_wide_match,1,264.8657989501953,4,4.496494293212891,4,23,400,96
shallow_wide_match,1,328.6705701351166,4,3.0382018089294434,4,23,500,96
shallow_wide_match,1,0.17729902267456055,4,77.22686767578125,4,23,1,96
shallow_wide_match,1,71.32443308830261,4,5.1773457527160645,4,23,100,96
shallow_wide_match,1,139.36296105384827,4,4.744807720184326,4,23,200,96
shallow_wide_match,1,198.65261697769165,4,3.871473789215088,4,23,300,96
shallow_wide_match,1,264.8657989501953,4,4.496494293212891,4,23,400,96
shallow_wide_match,1,328.6705701351166,4,3.0382018089294434,4,23,500,96
shallow_wide_match,1,0.17729902267456055,4,77.22686767578125,4,23,1,96
shallow_wide_match,1,71.32443308830261,4,5.1773457527160645,4,23,100,96
shallow_wide_match,1,139.36296105384827,4,4.744807720184326,4,23,200,96
shallow_wide_match,1,198.65261697769165,4,3.871473789215088,4,23,300,96
shallow_wide_match,1,264.8657989501953,4,4.496494293212891,4,23,400,96
shallow_wide_match,1,328.6705701351166,4,3.0382018089294434,4,23,500,96
shallow_wide_match,1,0.17729902267456055,4,77.22686767578125,4,23,1,96
shallow_wide_match,1,71.32443308830261,4,5.1773457527160645,4,23,100,96
shallow_wide_match,1,139.36296105384827,4,4.744807720184326,4,23,200,96
shallow_wide_match,1,198.65261697769165,4,3.871473789215088,4,23,300,96
shallow_wide_match,1,264.8657989501953,4,4.496494293212891,4,23,400,96
shallow_wide_match,1,328.6705701351166,4,3.0382018089294434,4,23,500,96
shallow_wide_match,1,0.17729902267456055,4,77.22686767578125,4,23,1,96
shallow_wide_match,1,71.32443308830261,4,5.1773457527160645,4,23,100,96
shallow_wide_match,1,139.36296105384827,4,4.744807720184326,4,23,200,96
shallow_wide_match,1,198.65261697769165,4,3.871473789215088,4,23,300,96
shallow_wide_match,1,264.8657989501953,4,4.496494293212891,4,23,400,96
shallow_wide_match,1,328.6705701351166,4,3.0382018089294434,4,23,500,96
shallow_wide_match,1,1.4227049350738525,4,73.83724212646484,4,37,1,96
shallow_wide_match,1,62.092402935028076,4,5.522085189819336,4,37,100,96
shallow_wide_match,1,131.60155487060547,4,4.611268520355225,4,37,200,96
shallow_wide_match,1,195.68886184692383,4,4.379452705383301,4,37,300,96
shallow_wide_match,1,264.2295298576355,4,1.7555748224258423,4,37,400,96
shallow_wide_match,1,330.7058298587799,4,3.7685980796813965,4,37,500,96
shallow_wide_match,1,1.4227049350738525,4,73.83724212646484,4,37,1,96
shallow_wide_match,1,62.092402935028076,4,5.522085189819336,4,37,100,96
shallow_wide_match,1,131.60155487060547,4,4.611268520355225,4,37,200,96
shallow_wide_match,1,195.68886184692383,4,4.379452705383301,4,37,300,96
shallow_wide_match,1,264.2295298576355,4,1.7555748224258423,4,37,400,96
shallow_wide_match,1,330.7058298587799,4,3.7685980796813965,4,37,500,96
shallow_wide_match,1,1.4227049350738525,4,73.83724212646484,4,37,1,96
shallow_wide_match,1,62.092402935028076,4,5.522085189819336,4,37,100,96
shallow_wide_match,1,131.60155487060547,4,4.611268520355225,4,37,200,96
shallow_wide_match,1,195.68886184692383,4,4.379452705383301,4,37,300,96
shallow_wide_match,1,264.2295298576355,4,1.7555748224258423,4,37,400,96
shallow_wide_match,1,330.7058298587799,4,3.7685980796813965,4,37,500,96
shallow_wide_match,1,1.4227049350738525,4,73.83724212646484,4,37,1,96
shallow_wide_match,1,62.092402935028076,4,5.522085189819336,4,37,100,96
shallow_wide_match,1,131.60155487060547,4,4.611268520355225,4,37,200,96
shallow_wide_match,1,195.68886184692383,4,4.379452705383301,4,37,300,96
shallow_wide_match,1,264.2295298576355,4,1.7555748224258423,4,37,400,96
shallow_wide_match,1,330.7058298587799,4,3.7685980796813965,4,37,500,96
shallow_wide_match,1,1.4227049350738525,4,73.83724212646484,4,37,1,96
shallow_wide_match,1,62.092402935028076,4,5.522085189819336,4,37,100,96
shallow_wide_match,1,131.60155487060547,4,4.611268520355225,4,37,200,96
shallow_wide_match,1,195.68886184692383,4,4.379452705383301,4,37,300,96
shallow_wide_match,1,264.2295298576355,4,1.7555748224258423,4,37,400,96
shallow_wide_match,1,330.7058298587799,4,3.7685980796813965,4,37,500,96
shallow_wide_match,1,1.4227049350738525,4,73.83724212646484,4,37,1,96
shallow_wide_match,1,62.092402935028076,4,5.522085189819336,4,37,100,96
shallow_wide_match,1,131.60155487060547,4,4.611268520355225,4,37,200,96
shallow_wide_match,1,195.68886184692383,4,4.379452705383301,4,37,300,96
shallow_wide_match,1,264.2295298576355,4,1.7555748224258423,4,37,400,96
shallow_wide_match,1,330.7058298587799,4,3.7685980796813965,4,37,500,96
