between_family_js,evidence,family,layer,mean_entropy_bits,mean_js_dispersion,mean_target_probability,model_id,n,noise,residual_effective_rank,residual_total_variance,revision,semantic,snr_js_ratio,syntax,target_probability_variance
0.10759975434782533,1,alternation:color,0,15.331556658635034,0.0,2.178439250742116e-05,EleutherAI/pythia-70m-deduped,4,0,0.0,0.0,step0,color,107599754347.82533,alternation,0.0
0.09064811026852393,1,alternation:color,3,15.331371169835133,0.0,1.932466082403661e-05,EleutherAI/pythia-70m-deduped,4,0,0.0,0.0,step0,color,90648110268.52393,alternation,0.0
0.0830353972692525,1,alternation:color,5,15.33223551518297,0.0,1.528423909128153e-05,EleutherAI/pythia-70m-deduped,4,0,0.0,0.0,step0,color,83035397269.2525,alternation,0.0
0.10377691188347393,1,alternation:color,0,15.331036156466688,0.00025283401609382827,2.3801027528692604e-05,EleutherAI/pythia-70m-deduped,4,2,2.61174302206225,0.18667471296141916,step0,color,410.45470655721294,alternation,1.5146219675358199e-13
0.07483959037942553,1,alternation:color,3,15.331769968896324,0.00046150132387340597,2.5016756908418543e-05,EleutherAI/pythia-70m-deduped,4,2,2.816737041943647,1.5323742194674532,step0,color,162.165494459025,alternation,3.321425399866515e-12
0.06422113937813985,1,alternation:color,5,15.332633931112825,0.0004476178129532144,1.718958897400007e-05,EleutherAI/pythia-70m-deduped,4,2,2.8951072335230723,4.212930794263992,step0,color,143.47315392663413,alternation,2.134952326295006e-12
0.10766424279679482,1,alternation:color,0,15.331057090668384,0.00011447376262486078,2.2992228238981425e-05,EleutherAI/pythia-70m-deduped,4,4,2.658122181009216,0.0794440117669647,step0,color,940.5145801804273,alternation,8.466921727255701e-14
0.08123219170711593,1,alternation:color,3,15.331201679412118,0.00021858358165077654,2.1292267702937853e-05,EleutherAI/pythia-70m-deduped,4,4,2.8378605342382976,0.6519573716999885,step0,color,371.6298868086891,alternation,1.3053354623587785e-12
0.06823179359564908,1,alternation:color,5,15.332018168085131,0.000219602937871661,9.665144063772184e-06,EleutherAI/pythia-70m-deduped,4,4,2.8792989563276516,2.0628130984567896,step0,color,310.70528589888306,alternation,4.648621230512597e-13
0.10848359071948854,2,alternation:color,0,15.33171523302294,0.0,2.4676514161028436e-05,EleutherAI/pythia-70m-deduped,4,0,0.0,0.0,step0,color,108483590719.48854,alternation,0.0
0.08969642775469806,2,alternation:color,3,15.331920061783372,0.0,1.8534618521998873e-05,EleutherAI/pythia-70m-deduped,4,0,0.0,0.0,step0,color,89696427754.69806,alternation,0.0
0.08275194806916071,2,alternation:color,5,15.332633714830791,0.0,1.5047230184491981e-05,EleutherAI/pythia-70m-deduped,4,0,0.0,0.0,step0,color,82751948069.1607,alternation,0.0
0.10511089483251412,2,alternation:color,0,15.331354649095685,0.00018097536739196325,2.5505972188332266e-05,EleutherAI/pythia-70m-deduped,4,2,2.7135355321839647,0.13503587200465555,step0,color,580.8022182646603,alternation,7.343200049795143e-14
0.07738244261498158,2,alternation:color,3,15.331590252588194,0.0003594168860970721,2.45423362730928e-05,EleutherAI/pythia-70m-deduped,4,2,2.875230121910917,1.185413342989221,step0,color,215.2999639368139,alternation,1.9983551852458125e-12
0.06681297262849324,2,alternation:color,5,15.332608642625203,0.00035529005697559744,1.707303832407654e-05,EleutherAI/pythia-70m-deduped,4,2,2.9356230591973436,3.345725568165649,step0,color,188.05190665125252,alternation,1.6844104332207373e-12
0.10823750693689586,2,alternation:color,0,15.331192797673843,9.313749915701947e-05,2.3607024192479315e-05,EleutherAI/pythia-70m-deduped,4,4,2.713854600929399,0.06510371453309739,step0,color,1162.1259741408717,alternation,5.827270351780023e-14
0.08244238227456809,2,alternation:color,3,15.331147524810659,0.00017921906276079577,2.058837187621433e-05,EleutherAI/pythia-70m-deduped,4,4,2.8717676101691114,0.5329512072620777,step0,color,460.0090024162451,alternation,8.405818251818214e-13
0.06943568619337878,2,alternation:color,5,15.33200750331197,0.00017952782660766875,9.87823506068326e-06,EleutherAI/pythia-70m-deduped,4,4,2.8996376521945084,1.6869001267023718,step0,color,386.7683773898745,alternation,3.765147767327221e-13
0.10905906117453319,4,alternation:color,0,15.331747547561818,0.0,2.641113746584869e-05,EleutherAI/pythia-70m-deduped,4,0,0.0,0.0,step0,color,109059061174.53319,alternation,0.0
0.08935623534337578,4,alternation:color,3,15.33237102068666,0.0,1.8378848912360362e-05,EleutherAI/pythia-70m-deduped,4,0,0.0,0.0,step0,color,89356235343.37578,alternation,0.0
0.08296519255943649,4,alternation:color,5,15.332652262954733,0.0,1.5293418794749446e-05,EleutherAI/pythia-70m-deduped,4,0,0.0,0.0,step0,color,82965192559.4365,alternation,0.0
0.10658368884108839,4,alternation:color,0,15.331585244845533,0.00010867921202006594,2.624790040608546e-05,EleutherAI/pythia-70m-deduped,4,2,2.701511750313138,0.08280211400830054,step0,color,980.7182704030772,alternation,8.426698287159504e-14
0.0807082059749431,4,alternation:color,3,15.331443929624076,0.00024355783513037735,2.3528448956678707e-05,EleutherAI/pythia-70m-deduped,4,2,2.8852877496595832,0.8103208895974126,step0,color,331.3718317940366,alternation,1.3276242646206768e-12
0.07085260123488357,4,alternation:color,5,15.33272892685362,0.00025140151256335445,1.6760086147344936e-05,EleutherAI/pythia-70m-deduped,4,2,2.945039024454817,2.372511053281545,step0,color,281.83044927793884,alternation,1.1712438979830956e-12
0.1087824636879422,4,alternation:color,0,15.331625890914482,6.322576950905188e-05,2.50532750063371e-05,EleutherAI/pythia-70m-deduped,4,4,2.7300119529344538,0.04498777196966232,step0,color,1720.5399717969124,alternation,6.029351674718343e-14
0.08452982027232327,4,alternation:color,3,15.331143530149483,0.0001335172464049727,1.9934781176921844e-05,EleutherAI/pythia-70m-deduped,4,4,2.876229321970198,0.4026186254460673,step0,color,633.100386267216,alternation,5.753674883524423e-13
0.07197217408623216,4,alternation:color,5,15.332066113303837,0.00013582237650061298,1.0178244868318103e-05,EleutherAI/pythia-70m-deduped,4,4,2.922979478435469,1.2774898066245388,step0,color,529.8992400262364,alternation,2.8358189811709517e-13
0.10665607683481133,1,alternation:number,0,15.329783260470924,0.0,7.916851820345588e-06,EleutherAI/pythia-70m-deduped,4,0,0.0,0.0,step0,number,106656076834.81134,alternation,0.0
0.0868008393890554,1,alternation:number,3,15.337272729675618,0.0,9.593447702475129e-06,EleutherAI/pythia-70m-deduped,4,0,0.0,0.0,step0,number,86800839389.0554,alternation,0.0
0.08537926491463899,1,alternation:number,5,15.335718671653924,0.0,1.9044619564553066e-05,EleutherAI/pythia-70m-deduped,4,0,0.0,0.0,step0,number,85379264914.63899,alternation,0.0
0.10235037303625975,1,alternation:number,0,15.331231814648076,0.00023435536177022177,9.923922684664595e-06,EleutherAI/pythia-70m-deduped,4,2,2.8139208732092453,0.1801975896448474,step0,number,436.7315185927393,alternation,6.196234736887069e-14
0.07415945878019657,1,alternation:number,3,15.335255856904773,0.00039981910743026183,1.1040012591549857e-05,EleutherAI/pythia-70m-deduped,4,2,2.889928261823612,1.4645472728967408,step0,number,185.48252797831026,alternation,2.2609226624810138e-13
0.06651711212038235,1,alternation:number,5,15.335468217548971,0.0004248654093557944,1.8791246475830885e-05,EleutherAI/pythia-70m-deduped,4,2,2.8637552601989755,4.021892789700486,step0,number,156.56043221131947,alternation,9.813968251207375e-13
0.1069533191507197,1,alternation:number,0,15.3303473462237,0.00011568978561151635,9.605433728671838e-06,EleutherAI/pythia-70m-deduped,4,4,2.834810312437226,0.08363523222087155,step0,number,924.4836835454645,alternation,3.441300236358625e-14
0.078761352723233,1,alternation:number,3,15.33576043551431,0.0001951199988328761,1.3017275750455845e-05,EleutherAI/pythia-70m-deduped,4,4,2.930386411901511,0.7007241679318628,step0,number,403.6559716807581,alternation,3.260001097297529e-13
0.06905332412688255,1,alternation:number,5,15.333435708617484,0.00020713552862172208,1.8453000480470936e-05,EleutherAI/pythia-70m-deduped,4,4,2.872864313005674,1.964644034597221,step0,number,333.37266950948845,alternation,9.936032176223246e-13
0.1072992919504635,2,alternation:number,0,15.329395690486473,0.0,9.041647189906513e-06,EleutherAI/pythia-70m-deduped,4,0,0.0,0.0,step0,number,107299291950.4635,alternation,0.0
0.085568798072137,2,alternation:number,3,15.336529864416311,0.0,1.1593009468843567e-05,EleutherAI/pythia-70m-deduped,4,0,0.0,0.0,step0,number,85568798072.13701,alternation,0.0
0.08470611086315039,2,alternation:number,5,15.335435920511843,0.0,2.3307061110842883e-05,EleutherAI/pythia-70m-deduped,4,0,0.0,0.0,step0,number,84706110863.15039,alternation,0.0
0.10381943061052312,2,alternation:number,0,15.33090756196172,0.00017417880431952254,1.012826500408798e-05,EleutherAI/pythia-70m-deduped,4,2,2.832477185116399,0.1354860620689417,step0,number,596.0508858475766,alternation,3.8356261170052844e-14
0.07569917567170231,2,alternation:number,3,15.335438727521709,0.00031195954716199534,1.1726965437142526e-05,EleutherAI/pythia-70m-deduped,4,2,2.90464287711212,1.1537738262754473,step0,number,242.6570251186863,alternation,1.7812529982926776e-13
0.06859886785027826,2,alternation:number,5,15.33545851741281,0.00033703362774479347,2.0098266528983498e-05,EleutherAI/pythia-70m-deduped,4,2,2.8777952482563323,3.192717514297795,step0,number,203.53716128950276,alternation,8.915370794455905e-13
0.10752318960034475,2,alternation:number,0,15.330195279883121,9.642651205994268e-05,9.79852294772029e-06,EleutherAI/pythia-70m-deduped,4,4,2.8528696591789444,0.07065761982593012,step0,number,1115.079113651896,alternation,2.001982584111765e-14
0.07914470219648327,2,alternation:number,3,15.335817923872884,0.0001537118510977394,1.3316805432358957e-05,EleutherAI/pythia-70m-deduped,4,4,2.9227251436057733,0.5561815130224228,step0,number,514.8900467417975,alternation,2.69054361870718e-13
0.06997577497568332,2,alternation:number,5,15.333303803812882,0.00016266747826195531,1.9460995766138782e-05,EleutherAI/pythia-70m-deduped,4,4,2.864663591085216,1.5433203752971507,step0,number,430.1767982349626,alternation,8.010528016819971e-13
0.10780038177695023,4,alternation:number,0,15.329247106918306,0.0,9.954186430476528e-06,EleutherAI/pythia-70m-deduped,4,0,0.0,0.0,step0,number,107800381776.95023,alternation,0.0
0.08488489769563255,4,alternation:number,3,15.336315976400215,0.0,1.2848519057478093e-05,EleutherAI/pythia-70m-deduped,4,0,0.0,0.0,step0,number,84884897695.63255,alternation,0.0
0.08410949738811295,4,alternation:number,5,15.335367764817136,0.0,2.54074885421586e-05,EleutherAI/pythia-70m-deduped,4,0,0.0,0.0,step0,number,84109497388.11295,alternation,0.0
0.10546230867552651,4,alternation:number,0,15.330504996143606,9.988338619192369e-05,1.0246918111864193e-05,EleutherAI/pythia-70m-deduped,4,2,2.8063707857246847,0.07956549774823052,step0,number,1055.8543587307208,alternation,2.9052606857245324e-14
0.07797588347131203,4,alternation:number,3,15.335432594803326,0.0002039577070857871,1.2645029292220323e-05,EleutherAI/pythia-70m-deduped,4,2,2.9129177280153544,0.7708289504091472,step0,number,382.3139835481403,alternation,6.505784482223496e-14
0.07208933014833545,4,alternation:number,5,15.33526704934527,0.00023331410225672727,2.2183654436547923e-05,EleutherAI/pythia-70m-deduped,4,2,2.878032208449212,2.215856544299778,step0,number,308.9797378343291,alternation,4.1717043514524806e-13
0.10812852565408466,4,alternation:number,0,15.329952460691008,6.310029772746955e-05,9.936113452919808e-06,EleutherAI/pythia-70m-deduped,4,4,2.837511932534402,0.04751157219185133,step0,number,1713.597709492469,alternation,1.7897030094489557e-14
0.08023098623731828,4,alternation:number,3,15.335738639990197,0.00011349100161161976,1.4197915622011878e-05,EleutherAI/pythia-70m-deduped,4,4,2.9261262119735525,0.41885280026315863,step0,number,706.9369826506478,alternation,1.1384141652567825e-13
0.07200678201862648,4,alternation:number,5,15.333127204544208,0.00012464441613278235,2.1214084350310804e-05,EleutherAI/pythia-70m-deduped,4,4,2.8630695777798785,1.183417492202251,step0,number,577.6976157673877,alternation,5.281489580162029e-13
0.07102276364946981,1,mapping:color,0,15.32989965903704,0.0,2.6895832723463022e-05,EleutherAI/pythia-70m-deduped,4,0,0.0,0.0,step0,color,71022763649.46982,mapping,0.0
0.060549139804762425,1,mapping:color,3,15.331809574349071,0.0,2.5465478185587015e-05,EleutherAI/pythia-70m-deduped,4,0,0.0,0.0,step0,color,60549139804.76243,mapping,0.0
0.05957832201561985,1,mapping:color,5,15.332019810607392,0.0,3.781997263521362e-05,EleutherAI/pythia-70m-deduped,4,0,0.0,0.0,step0,color,59578322015.61985,mapping,0.0
0.07026451049321854,1,mapping:color,0,15.330521688199052,0.00016129237951277998,3.0070252337430334e-05,EleutherAI/pythia-70m-deduped,4,2,2.723704968747638,0.1011674073422453,step0,color,435.63440942137714,mapping,5.609982970135117e-14
0.049782187667653834,1,mapping:color,3,15.334870578817121,0.0003345127883777008,2.2736065768197482e-05,EleutherAI/pythia-70m-deduped,4,2,2.9597309740181537,0.9375513073585475,step0,color,148.81998356201677,mapping,1.3587183242416054e-12
0.04444510594773158,1,mapping:color,5,15.335270838299733,0.00040061641633035015,2.5718313820606285e-05,EleutherAI/pythia-70m-deduped,4,2,2.982101264136895,3.7912886584388876,step0,color,110.94179902773115,mapping,5.17767135906506e-12
0.07327740387750203,1,mapping:color,0,15.330697470771042,9.147053618681621e-05,3.1131389002463404e-05,EleutherAI/pythia-70m-deduped,4,4,2.705998513393958,0.05389534217708719,step0,color,801.1039065939533,mapping,5.4424501062289676e-14
0.05390607819025195,1,mapping:color,3,15.335660124277966,0.00018241188166895407,1.6399409631334268e-05,EleutherAI/pythia-70m-deduped,4,4,2.979376345052542,0.475568190604757,step0,color,295.51845908854847,mapping,2.6187764141480455e-13
0.04631462435709168,1,mapping:color,5,15.334820521977429,0.00020393830487788056,1.5293609546674458e-05,EleutherAI/pythia-70m-deduped,4,4,2.993968604700596,1.9349082157603041,step0,color,227.10115387506602,mapping,6.852667144779308e-13
0.07166388153400695,2,mapping:color,0,15.32992765707845,0.0,2.9034216914256756e-05,EleutherAI/pythia-70m-deduped,4,0,0.0,0.0,step0,color,71663881534.00694,mapping,0.0
0.05942178461814024,2,mapping:color,3,15.332279630402175,0.0,2.4893637851900222e-05,EleutherAI/pythia-70m-deduped,4,0,0.0,0.0,step0,color,59421784618.14024,mapping,0.0
0.05850167713993016,2,mapping:color,5,15.33206845342615,0.0,3.976437689299506e-05,EleutherAI/pythia-70m-deduped,4,0,0.0,0.0,step0,color,58501677139.93016,mapping,0.0
0.07114112368080013,2,mapping:color,0,15.330529253393397,8.944462132345698e-05,3.0868310611982075e-05,EleutherAI/pythia-70m-deduped,4,2,2.7695330094917705,0.05653462262108252,step0,color,795.3650273003421,mapping,6.061579241137585e-14
0.05156561565274115,2,mapping:color,3,15.334311037495082,0.00022665800939409019,2.327239690866917e-05,EleutherAI/pythia-70m-deduped,4,2,2.935645994340164,0.6284399420567807,step0,color,227.50405242942037,mapping,1.2212429689452573e-12
0.04657378719790748,2,mapping:color,5,15.334552246109888,0.0002814924131171897,2.781036728983817e-05,EleutherAI/pythia-70m-deduped,4,2,2.9721204247500608,2.6682342045791705,step0,color,165.45308160230266,mapping,5.297454978868958e-12
0.07368334299253779,2,mapping:color,0,15.330588222833548,5.9573594948651434e-05,3.127037396496764e-05,EleutherAI/pythia-70m-deduped,4,4,2.74321779597456,0.03553621950301676,step0,color,1236.8456705701249,mapping,4.991195290444769e-14
0.05483985296475082,2,mapping:color,3,15.335202157521918,0.00013222275314896405,1.76351066418964e-05,EleutherAI/pythia-70m-deduped,4,4,2.9646459545596278,0.34169385384944406,step0,color,414.7535250832923,mapping,2.1967611090738488e-13
0.04747894860062332,2,mapping:color,5,15.334522575124113,0.00015064893245474278,1.7789722847946544e-05,EleutherAI/pythia-70m-deduped,4,4,2.990511543022602,1.4300169766101023,step0,color,315.1628612760778,mapping,7.823509936132201e-13
0.0721063997763345,4,mapping:color,0,15.329935098353918,0.0,3.059122880143819e-05,EleutherAI/pythia-70m-deduped,4,0,0.0,0.0,step0,color,72106399776.3345,mapping,0.0
0.058825494639925126,4,mapping:color,3,15.332571016673318,0.0,2.39039911111968e-05,EleutherAI/pythia-70m-deduped,4,0,0.0,0.0,step0,color,58825494639.925125,mapping,0.0
0.05792531835482395,4,mapping:color,5,15.33202600071793,0.0,4.028808584203264e-05,EleutherAI/pythia-70m-deduped,4,0,0.0,0.0,step0,color,57925318354.82395,mapping,0.0
0.07204452876312271,4,mapping:color,0,15.330212949517568,3.862572632468213e-05,3.1342467364676954e-05,EleutherAI/pythia-70m-deduped,4,2,2.731548088886827,0.024753751328342555,step0,color,1865.1954440293778,mapping,1.8039799793510975e-14
0.05373168685732557,4,mapping:color,3,15.333614694941428,0.00013335113182189843,2.298488647679094e-05,EleutherAI/pythia-70m-deduped,4,2,2.923873323788012,0.36992204144842195,step0,color,402.9338643266165,mapping,7.684264984854514e-13
0.04964935066624659,4,mapping:color,5,15.333725760085212,0.0001775662044281929,2.940532240451827e-05,EleutherAI/pythia-70m-deduped,4,2,2.972101866537454,1.6846246015334772,step0,color,279.6103618147934,mapping,3.4176751948279968e-12
0.0740787743095795,4,mapping:color,0,15.330346180499642,2.8750559420216223e-05,3.1630628611844835e-05,EleutherAI/pythia-70m-deduped,4,4,2.7118141355259064,0.017601409117887677,step0,color,2576.6028836812934,mapping,1.5715325967005978e-14
0.05646520673716085,4,mapping:color,3,15.334541085809414,8.219958795622717e-05,1.8050592142356366e-05,EleutherAI/pythia-70m-deduped,4,4,2.949245563389467,0.21364629135982147,step0,color,686.9280995329276,mapping,1.7361510313244354e-13
0.049679220798826716,4,mapping:color,5,15.333677602398506,9.809482546961839e-05,2.013153069437374e-05,EleutherAI/pythia-70m-deduped,4,4,2.9896821704826775,0.9310222927260903,step0,color,506.44078891004506,mapping,6.808883692101625e-13
0.07135472879432432,1,mapping:number,0,15.329661635573817,0.0,3.592787108524884e-06,EleutherAI/pythia-70m-deduped,4,0,0.0,0.0,step0,number,71354728794.32433,mapping,0.0
0.06358188801208565,1,mapping:number,3,15.331923033086477,0.0,1.1350912019440937e-05,EleutherAI/pythia-70m-deduped,4,0,0.0,0.0,step0,number,63581888012.085655,mapping,0.0
0.062352100488478585,1,mapping:number,5,15.332933122199588,0.0,1.0921205373007523e-05,EleutherAI/pythia-70m-deduped,4,0,0.0,0.0,step0,number,62352100488.478584,mapping,0.0
0.06966891253489227,1,mapping:number,0,15.330887589002394,0.00015341592626502706,3.903683398103106e-06,EleutherAI/pythia-70m-deduped,4,2,2.7522164992359115,0.0972715412984412,step0,number,454.11786266921695,mapping,2.0709791965960823e-14
0.0503915162755659,1,mapping:number,3,15.33488134723368,0.00031812588245521024,1.2619910288542044e-05,EleutherAI/pythia-70m-deduped,4,2,2.9488030066443454,0.9084546058836942,step0,number,158.4011834769862,mapping,3.7079927174430795e-14
0.045451774940201424,1,mapping:number,5,15.335159552905168,0.00039387080881611906,1.3636894290218885e-05,EleutherAI/pythia-70m-deduped,4,2,2.9772925981619904,3.7323530132278733,step0,number,115.39767335593753,mapping,1.4671616996110502e-13
0.07280979315710175,1,mapping:number,0,15.330822328229502,8.800374557408232e-05,3.9492559023003705e-06,EleutherAI/pythia-70m-deduped,4,4,2.730198814740791,0.05222546382630136,step0,number,827.3487984191516,mapping,1.2892585136696739e-14
0.05442639163730095,1,mapping:number,3,15.335730769894806,0.00017262119511705963,1.741871108154857e-05,EleutherAI/pythia-70m-deduped,4,4,2.971523830519563,0.4623111288173408,step0,number,315.29379460264295,mapping,1.6586645897721261e-13
0.04742950784859761,1,mapping:number,5,15.33432767847716,0.00019933053343576258,1.5128315136328885e-05,EleutherAI/pythia-70m-deduped,4,4,2.9891648074117723,1.8938644616872962,step0,number,237.9440170609011,mapping,1.3752288123823126e-13
0.07153881186412078,2,mapping:number,0,15.329587285521088,0.0,3.632429349877319e-06,EleutherAI/pythia-70m-deduped,4,0,0.0,0.0,step0,number,71538811864.12079,mapping,0.0
0.061531607416632626,2,mapping:number,3,15.332119955161401,0.0,1.2924938916671256e-05,EleutherAI/pythia-70m-deduped,4,0,0.0,0.0,step0,number,61531607416.63263,mapping,0.0
0.0605852003814771,2,mapping:number,5,15.33243467127723,0.0,1.2814340063579707e-05,EleutherAI/pythia-70m-deduped,4,0,0.0,0.0,step0,number,60585200381.4771,mapping,0.0
0.0705378519317192,2,mapping:number,0,15.330737967795102,8.337841312303421e-05,3.852062751621178e-06,EleutherAI/pythia-70m-deduped,4,2,2.7983554182201806,0.05332158792075887,step0,number,845.9965750083619,mapping,1.0135381880204006e-14
0.05234424980336869,2,mapping:number,3,15.334209685248473,0.00021129383389406246,1.388978433345613e-05,EleutherAI/pythia-70m-deduped,4,2,2.9270483438345622,0.6005071972995386,step0,number,247.7320271902152,mapping,2.4276057843668066e-14
0.0477764437427727,2,mapping:number,5,15.33426173038795,0.00027272301640027187,1.526208631718897e-05,EleutherAI/pythia-70m-deduped,4,2,2.9682960532082414,2.586275394586476,step0,number,175.18302772308687,mapping,7.109449461763239e-14
0.0731055819390251,2,mapping:number,0,15.330637076788209,5.6428889991429765e-05,3.849987504074468e-06,EleutherAI/pythia-70m-deduped,4,4,2.770622920324454,0.03394803527408588,step0,number,1295.5346445788343,mapping,7.26268039378607e-15
0.05541858293240975,2,mapping:number,3,15.33526490037572,0.0001220344001998513,1.8028516460066012e-05,EleutherAI/pythia-70m-deduped,4,4,2.9524277596766306,0.3269620422762085,step0,number,454.12263133717005,mapping,9.105439813794099e-14
0.048769100515338316,2,mapping:number,5,15.333917442209334,0.00014475514090783593,1.625271414178033e-05,EleutherAI/pythia-70m-deduped,4,4,2.9833854789885033,1.3744073618480486,step0,number,336.9075544362814,mapping,9.297882276290538e-14
0.07184315968764053,4,mapping:number,0,15.329568389200894,0.0,3.7200656242017573e-06,EleutherAI/pythia-70m-deduped,4,0,0.0,0.0,step0,number,71843159687.64053,mapping,0.0
0.06055040894894503,4,mapping:number,3,15.332258282051697,0.0,1.4364274772756934e-05,EleutherAI/pythia-70m-deduped,4,0,0.0,0.0,step0,number,60550408948.94503,mapping,0.0
0.059768772853296424,4,mapping:number,5,15.332125901266888,0.0,1.4470639387838707e-05,EleutherAI/pythia-70m-deduped,4,0,0.0,0.0,step0,number,59768772853.296425,mapping,0.0
0.07140802049972683,4,mapping:number,0,15.330268173123665,3.566520191686414e-05,3.812072208807044e-06,EleutherAI/pythia-70m-deduped,4,2,2.7553649388575616,0.023071421263226123,step0,number,2002.1762575795722,mapping,3.586099840699778e-15
0.05472432527430344,4,mapping:number,3,15.333346307549055,0.00012451510748695896,1.5059111839251186e-05,EleutherAI/pythia-70m-deduped,4,2,2.923082634041706,0.35518427368688776,step0,number,439.49948226190116,mapping,1.4794380294643868e-14
0.05110260160193105,4,mapping:number,5,15.333346467910093,0.00017173680554946624,1.6996787014910762e-05,EleutherAI/pythia-70m-deduped,4,2,2.970265725992867,1.6297682054009632,step0,number,297.56348057383485,mapping,5.026500220919155e-14
0.07340489195005738,4,mapping:number,0,15.330297576888489,2.7013634207284264e-05,3.795821270650585e-06,EleutherAI/pythia-70m-deduped,4,4,2.737338044571238,0.016669822880645717,step0,number,2717.3275312310125,mapping,2.8391762326694682e-15
0.05725209806152431,4,mapping:number,3,15.334549387394592,7.583784293880002e-05,1.844936874798639e-05,EleutherAI/pythia-70m-deduped,4,4,2.941215264414813,0.20533802872459322,step0,number,754.9278281520465,mapping,6.289999636149693e-14
0.051191889504227074,4,mapping:number,5,15.333051313207587,9.414674011859555e-05,1.7458552924882873e-05,EleutherAI/pythia-70m-deduped,4,4,2.9815482570069953,0.8935703977048268,step0,number,543.745746690127,mapping,6.160714901426969e-14
0.4045430213590923,1,alternation:color,0,14.016153990700754,0.0,0.00016461015697883386,EleutherAI/pythia-70m-deduped,4,0,0.0,0.0,step1000,color,404543021359.09235,alternation,0.0
0.6821653949259808,1,alternation:color,3,11.004006856609701,0.0,0.012823570190542997,EleutherAI/pythia-70m-deduped,4,0,0.0,0.0,step1000,color,682165394925.9808,alternation,0.0
0.634725696777211,1,alternation:color,5,5.567718306543502,0.0,0.08629778246853645,EleutherAI/pythia-70m-deduped,4,0,0.0,0.0,step1000,color,634725696777.211,alternation,0.0
0.3911075143146676,1,alternation:color,0,13.501893341395183,0.00040955629752802115,8.303989380355499e-05,EleutherAI/pythia-70m-deduped,4,2,2.8875061392307666,0.07251771919794542,step1000,color,954.9542191764459,alternation,3.2716901709440708e-12
0.6403948536529539,1,alternation:color,3,10.742493183102749,0.000701649890017129,0.010227465601024877,EleutherAI/pythia-70m-deduped,4,2,2.3686507369744656,0.5578067978276782,step1000,color,912.6985734114777,alternation,2.103253438469158e-07
0.6032062225147713,1,alternation:color,5,6.465356799878665,0.0006860060786387706,0.05389826438300408,EleutherAI/pythia-70m-deduped,4,2,2.264252251817698,2.600786395847165,step1000,color,879.3015707844783,alternation,7.966076548350738e-06
0.3968051914236282,1,alternation:color,0,13.750847583096549,0.00017795071511246622,0.00010505861755670001,EleutherAI/pythia-70m-deduped,4,4,2.870432007103386,0.030962893507761727,step1000,color,2229.860055200364,alternation,2.844185139015141e-12
0.6032433273584418,1,alternation:color,3,11.109229070332294,0.0007245653264509423,0.003676088096538916,EleutherAI/pythia-70m-deduped,4,4,2.561197235618739,0.3939497740835612,step1000,color,832.5589223448511,alternation,1.1981594072734893e-07
0.6030785147513505,1,alternation:color,5,6.55845929030825,0.001303953804953721,0.02019971006236367,EleutherAI/pythia-70m-deduped,4,4,2.3588395573634466,3.2789774312677613,step1000,color,462.4999079417193,alternation,7.465667652364019e-06
0.4010909466812819,2,alternation:color,0,13.97888795690501,0.0,0.0001855677040442222,EleutherAI/pythia-70m-deduped,4,0,0.0,0.0,step1000,color,401090946681.2819,alternation,0.0
0.6640801392755892,2,alternation:color,3,11.008326089791982,0.0,0.016873249015239403,EleutherAI/pythia-70m-deduped,4,0,0.0,0.0,step1000,color,664080139275.5892,alternation,0.0
0.6228324084770045,2,alternation:color,5,5.483070773483222,0.0,0.10383545096762188,EleutherAI/pythia-70m-deduped,4,0,0.0,0.0,step1000,color,622832408477.0045,alternation,0.0
0.3919259654533807,2,alternation:color,0,13.572144704138323,0.0002969565402051326,0.00010165620645680746,EleutherAI/pythia-70m-deduped,4,2,2.851043511025986,0.053831589749457606,step1000,color,1319.8091720177129,alternation,2.5155824803292677e-12
0.6257121243669651,2,alternation:color,3,10.71521198929628,0.00042185566667962595,0.015212975628686672,EleutherAI/pythia-70m-deduped,4,2,2.466703200094513,0.32814355081175595,step1000,color,1483.2374524961779,alternation,7.21411913024176e-08
0.6118229802339153,2,alternation:color,5,6.109855428831491,0.00043217606134920034,0.0830979970566978,EleutherAI/pythia-70m-deduped,4,2,2.237548045369358,1.9317157940054859,step1000,color,1415.679939152297,alternation,5.544011361816581e-06
0.3995999976125491,2,alternation:color,0,13.752234683066442,0.00014593344619497685,0.0001161933667066572,EleutherAI/pythia-70m-deduped,4,4,2.829572588405525,0.025834063796540144,step1000,color,2738.2345036836637,alternation,2.28601176496864e-12
0.6053005071068718,2,alternation:color,3,11.05613811049117,0.00029675438090086747,0.010015227635601223,EleutherAI/pythia-70m-deduped,4,4,2.5279060038957555,0.20593520923539282,step1000,color,2039.7357075886807,alternation,1.5310315696801017e-08
0.6038519125030232,2,alternation:color,5,5.982450697551714,0.0005191860687768064,0.06853920427753299,EleutherAI/pythia-70m-deduped,4,4,2.2688617960011896,2.172477856293847,step1000,color,1163.0741824904662,alternation,6.026064048601936e-06
0.39898182900026136,4,alternation:color,0,13.958987492294524,0.0,0.00019732401069721581,EleutherAI/pythia-70m-deduped,4,0,0.0,0.0,step1000,color,398981829000.26135,alternation,0.0
0.6397266415258757,4,alternation:color,3,11.032601648959686,0.0,0.01790385081383206,EleutherAI/pythia-70m-deduped,4,0,0.0,0.0,step1000,color,639726641525.8757,alternation,0.0
0.614253880774709,4,alternation:color,5,5.479484264608698,0.0,0.10645180342435452,EleutherAI/pythia-70m-deduped,4,0,0.0,0.0,step1000,color,614253880774.709,alternation,0.0
0.395192406488823,4,alternation:color,0,13.671277862298883,0.00017580962790909716,0.00012462722716314887,EleutherAI/pythia-70m-deduped,4,2,2.889084103220647,0.033112777395940325,step1000,color,2247.8428012665963,alternation,3.954021899351417e-12
0.6065516877398482,4,alternation:color,3,10.791155726438706,0.00017417719565704072,0.017036087067710058,EleutherAI/pythia-70m-deduped,4,2,2.60818143156582,0.1639812636328499,step1000,color,3482.382900079318,alternation,1.2864525247755134e-07
0.6181758942788492,4,alternation:color,5,5.917253670969972,0.00018678536554973658,0.09080416479612172,EleutherAI/pythia-70m-deduped,4,2,2.288243414371671,1.2023180728318912,step1000,color,3309.5520757713934,alternation,2.4146302176338466e-06
0.3996348665237129,4,alternation:color,0,13.773113363680551,0.0001026548818153503,0.00013178735225580186,EleutherAI/pythia-70m-deduped,4,4,2.8746368690162196,0.018643364980003345,step1000,color,3892.994268334487,alternation,3.184977399896416e-12
0.5930456790080579,4,alternation:color,3,10.98004037189535,9.709231873132589e-05,0.014699842610746517,EleutherAI/pythia-70m-deduped,4,4,2.7457844366844166,0.09628892056824731,step1000,color,6108.059697792731,alternation,7.592736981260637e-08
0.6146767400028276,4,alternation:color,5,5.43838371395527,0.00017566426064636426,0.09268733183936688,EleutherAI/pythia-70m-deduped,4,4,2.314829018141001,1.3192123711302743,step1000,color,3499.1565030991383,alternation,5.162053779297658e-06
0.3970802796470685,1,alternation:number,0,14.127162477822985,0.0,1.9012940152347812e-05,EleutherAI/pythia-70m-deduped,4,0,0.0,0.0,step1000,number,397080279647.0685,alternation,0.0
0.5981113235028677,1,alternation:number,3,10.477242142684155,0.0,0.005655696758716727,EleutherAI/pythia-70m-deduped,4,0,0.0,0.0,step1000,number,598111323502.8677,alternation,0.0
0.6681528973885795,1,alternation:number,5,6.719894439196804,0.0,0.014343900985402504,EleutherAI/pythia-70m-deduped,4,0,0.0,0.0,step1000,number,668152897388.5796,alternation,0.0
0.3836288266842254,1,alternation:number,0,13.982888175000717,0.0007731809328043414,7.064405791415502e-05,EleutherAI/pythia-70m-deduped,4,2,2.7185144555550114,0.11837823945060114,step1000,number,496.1695386004885,alternation,1.35983811310915e-11
0.5941556229437674,1,alternation:number,3,9.714674449378599,0.0016007716307788037,0.018078247479349267,EleutherAI/pythia-70m-deduped,4,2,2.056070800727435,0.7903543783501985,step1000,number,371.16826130576806,alternation,2.334744517515406e-06
0.6766081735394988,1,alternation:number,5,6.969780337657921,0.001955593755236799,0.016302998673546485,EleutherAI/pythia-70m-deduped,4,2,1.8816410238984733,5.272346389347275,step1000,number,345.98605754781084,alternation,6.265828800974798e-06
0.3895001924457822,1,alternation:number,0,13.922846622727691,0.00037007788296418843,5.809730552266943e-05,EleutherAI/pythia-70m-deduped,4,4,2.6871027977195316,0.05693969724097432,step1000,number,1052.4816812234988,alternation,6.406946576337105e-12
0.5502749770853662,1,alternation:number,3,10.474388318768597,0.0010838640734587798,0.004119849047488942,EleutherAI/pythia-70m-deduped,4,4,2.076438632835615,0.5218162316975807,step1000,number,507.6974046472015,alternation,7.991269747546255e-08
0.6334567940805904,1,alternation:number,5,6.565826881824549,0.0013505376097278478,0.00578419776358516,EleutherAI/pythia-70m-deduped,4,4,1.9331221661035054,5.141739640259779,step1000,number,469.04046915675366,alternation,6.533469764456154e-07
0.39961935771016566,2,alternation:number,0,14.11502214244112,0.0,1.894268270341448e-05,EleutherAI/pythia-70m-deduped,4,0,0.0,0.0,step1000,number,399619357710.16565,alternation,0.0
0.5846647432117047,2,alternation:number,3,10.327615174228178,0.0,0.012188787020225567,EleutherAI/pythia-70m-deduped,4,0,0.0,0.0,step1000,number,584664743211.7047,alternation,0.0
0.6590440862450992,2,alternation:number,5,6.566967174636844,0.0,0.030351874130031764,EleutherAI/pythia-70m-deduped,4,0,0.0,0.0,step1000,number,659044086245.0992,alternation,0.0
0.38809022092555717,2,alternation:number,0,14.000053432081032,0.0005509570817510846,5.758700068976291e-05,EleutherAI/pythia-70m-deduped,4,2,2.704741745987436,0.08369138220486974,step1000,number,704.3928352678683,alternation,5.106078927270181e-12
0.5790014210962396,2,alternation:number,3,9.756572613715004,0.0007737702422390901,0.03310140167380197,EleutherAI/pythia-70m-deduped,4,2,2.2450827089634195,0.457166883670306,step1000,number,748.2859762359947,alternation,1.2984347608794901e-05
0.6722008165896881,2,alternation:number,5,6.977614615663887,0.001490716374804661,0.050470578731267424,EleutherAI/pythia-70m-deduped,4,2,1.9912598512927062,3.2242065393545305,step1000,number,450.92468825786614,alternation,6.789657749799849e-05
0.3955879803696854,2,alternation:number,0,13.939419189666218,0.00028747080655881053,5.103163857331436e-05,EleutherAI/pythia-70m-deduped,4,4,2.6868064241228797,0.043787274978255894,step1000,number,1376.097924881831,alternation,2.5923227083197737e-12
0.5433471560860904,2,alternation:number,3,10.319570259801988,0.0005874229814393301,0.01440735515045244,EleutherAI/pythia-70m-deduped,4,4,2.2359299909623624,0.2899443599071415,step1000,number,924.9674821280518,alternation,3.164547001605272e-06
0.6394811286149246,2,alternation:number,5,6.925078851909415,0.0013055493801222983,0.036841217827802406,EleutherAI/pythia-70m-deduped,4,4,2.07804722059581,2.995457543423318,step1000,number,489.8176494519271,alternation,2.3304843026446725e-05
0.40006472814942495,4,alternation:number,0,14.10107635814324,0.0,1.98615441770553e-05,EleutherAI/pythia-70m-deduped,4,0,0.0,0.0,step1000,number,400064728149.425,alternation,0.0
0.5713071241848512,4,alternation:number,3,10.259431042570567,0.0,0.015716961590534016,EleutherAI/pythia-70m-deduped,4,0,0.0,0.0,step1000,number,571307124184.8512,alternation,0.0
0.6632752867638558,4,alternation:number,5,6.477475768634193,0.0,0.038484700739522024,EleutherAI/pythia-70m-deduped,4,0,0.0,0.0,step1000,number,663275286763.8558,alternation,0.0
0.3928377919844313,4,alternation:number,0,14.032562324003882,0.000348521730445461,4.432772717944182e-05,EleutherAI/pythia-70m-deduped,4,2,2.6673876108251173,0.05347071632302638,step1000,number,1127.1543713567817,alternation,2.4900833232142747e-12
0.5774971467453173,4,alternation:number,3,9.775864441727382,0.0004141980265612072,0.031338560587649895,EleutherAI/pythia-70m-deduped,4,2,2.295427290121519,0.2487965157821948,step1000,number,1394.2537378554578,alternation,8.046008822012239e-06
0.6811452079882097,4,alternation:number,5,6.753814182936281,0.0005982456956068874,0.06005436896359945,EleutherAI/pythia-70m-deduped,4,2,2.041777412724175,1.6668029273399467,step1000,number,1138.5710135318654,alternation,2.178842356685867e-05
0.39814469703791766,4,alternation:number,0,13.981423614752607,0.00021249844799933713,4.0983380345637144e-05,EleutherAI/pythia-70m-deduped,4,4,2.6635110517193,0.03228660538843753,step1000,number,1873.6357878677761,alternation,1.8617777682890147e-12
0.5444799305320752,4,alternation:number,3,10.215784885737772,0.000253568739941738,0.016912202796759233,EleutherAI/pythia-70m-deduped,4,4,2.4030619646661373,0.14621710591029222,step1000,number,2147.26756404271,alternation,1.5464779211406418e-06
0.6738481496771839,4,alternation:number,5,6.6795716447273605,0.0003520342222828061,0.04900226945991945,EleutherAI/pythia-70m-deduped,4,4,2.1073888663052958,1.3543997257988976,step1000,number,1914.1552355550511,alternation,2.279473677204148e-06
0.28861781424665894,1,mapping:color,0,12.948299887994075,0.0,4.008442794258222e-05,EleutherAI/pythia-70m-deduped,4,0,0.0,0.0,step1000,color,288617814246.65894,mapping,0.0
0.44900934626782085,1,mapping:color,3,11.362983911544312,0.0,0.0008129571517572466,EleutherAI/pythia-70m-deduped,4,0,0.0,0.0,step1000,color,449009346267.82086,mapping,0.0
0.5487208823997388,1,mapping:color,5,7.3524750752815695,0.0,0.11176207852790278,EleutherAI/pythia-70m-deduped,4,0,0.0,0.0,step1000,color,548720882399.73883,mapping,0.0
0.2794093319795809,1,mapping:color,0,12.712477759165434,0.0002334235801654894,4.3590665139066425e-05,EleutherAI/pythia-70m-deduped,4,2,2.6237164442563388,0.04150507545265879,step1000,color,1197.0055972129687,mapping,8.336877837207629e-13
0.4489160329476589,1,mapping:color,3,10.43998055361617,0.0005571772583259742,0.0021494479191639776,EleutherAI/pythia-70m-deduped,4,2,2.7647020492399497,0.24070046657648855,step1000,color,805.6969774689234,mapping,6.025321943764824e-08
0.6212077439380703,1,mapping:color,5,6.5065550262200125,0.0006088049303997971,0.18255277007503753,EleutherAI/pythia-70m-deduped,4,2,2.592362422455048,1.6405815122850713,step1000,color,1020.3723933873669,mapping,0.00010706362325075184
0.28703839401382064,1,mapping:color,0,12.845819421312171,0.00015502501445466385,6.000744560136212e-05,EleutherAI/pythia-70m-deduped,4,4,2.612594111638615,0.02667711845483517,step1000,color,1851.5617948725514,mapping,1.0221075044656633e-12
0.4339022381736028,1,mapping:color,3,10.560790029176214,0.00036232724390972365,0.0020454901287311456,EleutherAI/pythia-70m-deduped,4,4,2.832135595884185,0.14989789764543504,step1000,color,1197.542402529666,mapping,6.236876812655771e-08
0.619937897014658,1,mapping:color,5,7.344962518555047,0.0006809569637925926,0.09133232243923146,EleutherAI/pythia-70m-deduped,4,4,2.5700495459163397,1.1966368916011545,step1000,color,910.3921833208244,mapping,7.048120789994581e-05
0.2910776201241232,2,mapping:color,0,12.790733145364582,0.0,4.700515111616635e-05,EleutherAI/pythia-70m-deduped,4,0,0.0,0.0,step1000,color,291077620124.12317,mapping,0.0
0.45035785733989653,2,mapping:color,3,11.320891949260877,0.0,0.0016305076560852703,EleutherAI/pythia-70m-deduped,4,0,0.0,0.0,step1000,color,450357857339.89655,mapping,0.0
0.5856093871064597,2,mapping:color,5,6.5972569479905045,0.0,0.16310421736555922,EleutherAI/pythia-70m-deduped,4,0,0.0,0.0,step1000,color,585609387106.4597,mapping,0.0
0.28310326340405195,2,mapping:color,0,12.640643997115824,0.00013395435509726579,5.036529204000939e-05,EleutherAI/pythia-70m-deduped,4,2,2.535512725146233,0.02387340275750326,step1000,color,2113.4308264818073,mapping,5.08592684173063e-13
0.4541847136466952,2,mapping:color,3,11.206602771281432,0.00038772875139697323,0.009412416471698676,EleutherAI/pythia-70m-deduped,4,2,2.7125358708720055,0.1558145903858971,step1000,color,1171.3980766458083,mapping,6.251537921933327e-07
0.6687084305494041,2,mapping:color,5,4.937177129390147,0.000257430903203142,0.3086621002481128,EleutherAI/pythia-70m-deduped,4,2,2.5423017645690775,0.9416404922254062,step1000,color,2597.622982434699,mapping,7.104160681467053e-05
0.29193569711881967,2,mapping:color,0,12.674964499207059,9.745842203345742e-05,6.545539901401726e-05,EleutherAI/pythia-70m-deduped,4,4,2.5121014942346616,0.01666406252791798,step1000,color,2995.4896768039025,mapping,6.02337136108025e-13
0.4405711245613599,2,mapping:color,3,11.013089303931554,0.00027839012031184187,0.006812828595431789,EleutherAI/pythia-70m-deduped,4,4,2.8393318606530227,0.09966210388344601,step1000,color,1582.5673844597973,mapping,4.194305542123393e-07
0.6385422625614571,2,mapping:color,5,5.706778903384381,0.0003790362027941384,0.23000600980567246,EleutherAI/pythia-70m-deduped,4,4,2.7069017863115796,0.7305725827424782,step1000,color,1684.6471599660397,mapping,0.00012169483512068618
0.2919537828744408,4,mapping:color,0,12.697736302316711,0.0,5.415343829290086e-05,EleutherAI/pythia-70m-deduped,4,0,0.0,0.0,step1000,color,291953782874.4408,mapping,0.0
0.4504704284522867,4,mapping:color,3,11.49921242907134,0.0,0.0043617096195714715,EleutherAI/pythia-70m-deduped,4,0,0.0,0.0,step1000,color,450470428452.2867,mapping,0.0
0.6268730734277898,4,mapping:color,5,5.481609198092441,0.0,0.2507768410728844,EleutherAI/pythia-70m-deduped,4,0,0.0,0.0,step1000,color,626873073427.7898,mapping,0.0
0.288257543433736,4,mapping:color,0,12.54875398476716,6.694497724152601e-05,5.335813258658079e-05,EleutherAI/pythia-70m-deduped,4,2,2.6039147621398624,0.011681448766530253,step1000,color,4305.887540954001,mapping,4.293716851729505e-13
0.4638661794383354,4,mapping:color,3,11.595196051888522,0.00020096805578616675,0.020957956882155317,EleutherAI/pythia-70m-deduped,4,2,2.612864102066961,0.0926231890322699,step1000,color,2308.1587649526573,mapping,1.0170423787100065e-06
0.6931047784121329,4,mapping:color,5,4.188660244198639,9.422895619916788e-05,0.3730809903415981,EleutherAI/pythia-70m-deduped,4,2,2.46019757022447,0.5494775825091295,step1000,color,7355.53917149571,mapping,2.829236353721894e-05
0.29382298170281335,4,mapping:color,0,12.636115163103298,5.3093385228045055e-05,6.532380220567667e-05,EleutherAI/pythia-70m-deduped,4,4,2.5909527756472306,0.00909282286728983,step1000,color,5534.078877072803,mapping,5.62267581255525e-13
0.4463270942563063,4,mapping:color,3,11.531679257434913,0.00017333633034888638,0.01633243855848297,EleutherAI/pythia-70m-deduped,4,4,2.689153292185431,0.06521818465402672,step1000,color,2574.919483745571,mapping,9.501764755039026e-07
0.6671089753345546,4,mapping:color,5,4.4736480363932,0.00011793871185448258,0.3430771068478658,EleutherAI/pythia-70m-deduped,4,4,2.564762872356436,0.4347369529967693,step1000,color,5656.403778240853,mapping,4.772351250754766e-05
0.2886465641050278,1,mapping:number,0,12.912532828845652,0.0,5.6110171730204835e-05,EleutherAI/pythia-70m-deduped,4,0,0.0,0.0,step1000,number,288646564105.02783,mapping,0.0
0.47353730706209135,1,mapping:number,3,9.536423904615816,0.0,0.0034873959360756717,EleutherAI/pythia-70m-deduped,4,0,0.0,0.0,step1000,number,473537307062.0914,mapping,0.0
0.6623221675985439,1,mapping:number,5,5.38661348760497,0.0,0.04048718325608746,EleutherAI/pythia-70m-deduped,4,0,0.0,0.0,step1000,number,662322167598.544,mapping,0.0
0.2773195017508808,1,mapping:number,0,12.75507609709398,0.00021459698240538326,7.464601386361873e-05,EleutherAI/pythia-70m-deduped,4,2,2.6279047295223212,0.03789082024314158,step1000,number,1292.2805280971377,mapping,1.4316026155848547e-11
0.4726419963936306,1,mapping:number,3,8.690412896965356,0.0004391248220312673,0.014011142778298942,EleutherAI/pythia-70m-deduped,4,2,2.632146374742474,0.24955063573958433,step1000,number,1076.3272142242433,mapping,4.1590156812006616e-07
0.7435119479361711,1,mapping:number,5,4.8419167810948345,0.000621322291458078,0.10474258381106136,EleutherAI/pythia-70m-deduped,4,2,2.185158376517495,2.0345603011685136,step1000,number,1196.6606673508309,mapping,4.417947309901742e-05
0.28637503615845955,1,mapping:number,0,12.859744607732644,0.00014570514335651987,7.758180932844899e-05,EleutherAI/pythia-70m-deduped,4,4,2.6183360806567113,0.024833371125939543,step1000,number,1965.4421907244575,mapping,1.1023526161825632e-11
0.45978930176680505,1,mapping:number,3,9.089637223968541,0.0003380852148773171,0.009103115346459136,EleutherAI/pythia-70m-deduped,4,4,2.8139440662229784,0.15745928054365832,step1000,number,1359.980506493463,mapping,4.1982449889264723e-07
0.7314757240228399,1,mapping:number,5,4.500317257479414,0.0005190405067032352,0.0651780894362084,EleutherAI/pythia-70m-deduped,4,4,2.351043633275884,1.4719677634047361,step1000,number,1409.2844673509576,mapping,2.1616259436434644e-05
0.28816063027261446,2,mapping:number,0,12.818299880764238,0.0,5.289282010004152e-05,EleutherAI/pythia-70m-deduped,4,0,0.0,0.0,step1000,number,288160630272.61444,mapping,0.0
0.4654282777942051,2,mapping:number,3,9.475113631716642,0.0,0.007974018311731714,EleutherAI/pythia-70m-deduped,4,0,0.0,0.0,step1000,number,465428277794.2051,mapping,0.0
0.6903767673925234,2,mapping:number,5,4.7049009121874406,0.0,0.08668689394713115,EleutherAI/pythia-70m-deduped,4,0,0.0,0.0,step1000,number,690376767392.5234,mapping,0.0
0.28009942044976943,2,mapping:number,0,12.702897238093557,0.00012075001168985428,6.489326761085657e-05,EleutherAI/pythia-70m-deduped,4,2,2.548451044641081,0.021509275268549545,step1000,number,2319.663712904668,mapping,5.864246523557724e-12
0.47982827843077835,2,mapping:number,3,9.026905466663724,0.00023002504917475787,0.02542712406446774,EleutherAI/pythia-70m-deduped,4,2,2.6178770047615325,0.15119139522622546,step1000,number,2085.982722978298,mapping,6.841757190946843e-07
0.7575124577353346,2,mapping:number,5,4.012349501167904,0.00031885767286291477,0.16502344649247783,EleutherAI/pythia-70m-deduped,4,2,2.1060351073261776,1.2480633086180735,step1000,number,2375.707164058144,mapping,2.9978460004330403e-05
0.29041154049710666,2,mapping:number,0,12.709908100483943,8.957481802596139e-05,6.678083058385367e-05,EleutherAI/pythia-70m-deduped,4,4,2.5248865133889926,0.015264904962526393,step1000,number,3242.111420342902,mapping,4.703519795815687e-12
0.4579359279924673,2,mapping:number,3,9.376705540915822,0.0001786305093302951,0.018538748879822813,EleutherAI/pythia-70m-deduped,4,4,2.7299245655000774,0.0980663605369479,step1000,number,2563.5930262378924,mapping,7.5322391071496e-07
0.7380555633871714,2,mapping:number,5,3.948197773005486,0.0003526974128744005,0.12787742143019432,EleutherAI/pythia-70m-deduped,4,4,2.099451920652858,1.131397793570322,step1000,number,2092.602713958668,mapping,2.8000928017816726e-05
0.2875337729093728,4,mapping:number,0,12.772793184644888,0.0,5.015244170615827e-05,EleutherAI/pythia-70m-deduped,4,0,0.0,0.0,step1000,number,287533772909.3728,mapping,0.0
0.4667115184111679,4,mapping:number,3,9.540239505657896,0.0,0.014382397732323028,EleutherAI/pythia-70m-deduped,4,0,0.0,0.0,step1000,number,466711518411.1679,mapping,0.0
0.7214488860249141,4,mapping:number,5,4.256490709849087,0.0,0.13415536137246675,EleutherAI/pythia-70m-deduped,4,0,0.0,0.0,step1000,number,721448886024.9141,mapping,0.0
0.2836729545659077,4,mapping:number,0,12.6516573622043,5.979402524768631e-05,5.690575904714827e-05,EleutherAI/pythia-70m-deduped,4,2,2.6287509681717056,0.010594115110422412,step1000,number,4744.168892976213,mapping,2.174932859191687e-12
0.4960886481357143,4,mapping:number,3,9.36285416893227,0.00013147235944345297,0.02592214040907645,EleutherAI/pythia-70m-deduped,4,2,2.532123576011694,0.08927580855889367,step1000,number,3773.330380893369,mapping,3.098685128459635e-07
0.770936577083949,4,mapping:number,5,3.7692048177019384,0.00012754430924358695,0.17230014569898244,EleutherAI/pythia-70m-deduped,4,2,2.1360609527066368,0.6029292139436544,step1000,number,6044.460796848233,mapping,1.1460587342849319e-05
0.29080097014988343,4,mapping:number,0,12.706985945691454,4.820929406330305e-05,5.936042965989243e-05,EleutherAI/pythia-70m-deduped,4,4,2.6158421122079365,0.008326634469847233,step1000,number,6032.052030632021,mapping,1.92592799117032e-12
0.4748234291761664,4,mapping:number,3,9.595387240535134,8.885811354981606e-05,0.023286386198114763,EleutherAI/pythia-70m-deduped,4,4,2.6002369899638067,0.05718433566281436,step1000,number,5343.613657856563,mapping,2.9864739216582195e-07
0.7593514757378523,4,mapping:number,5,3.7932000645492963,0.00014791936127711206,0.15998022081975063,EleutherAI/pythia-70m-deduped,4,4,2.049330311132409,0.584596447735991,step1000,number,5133.550261316256,mapping,1.2397752677715942e-05
0.9999771210683456,1,alternation:color,0,2.3231277902124106,0.0,1.9805284966132977e-14,EleutherAI/pythia-70m-deduped,4,0,0.0,0.0,step143000,color,999977121068.3456,alternation,0.0
0.9993943947669855,1,alternation:color,3,2.080124776128299,0.0,2.0733717472699107e-05,EleutherAI/pythia-70m-deduped,4,0,0.0,0.0,step143000,color,999394394766.9856,alternation,0.0
0.1361349092951634,1,alternation:color,5,12.781023531501118,0.0,0.00036410844197740664,EleutherAI/pythia-70m-deduped,4,0,0.0,0.0,step143000,color,136134909295.16339,alternation,0.0
0.9999683759943011,1,alternation:color,0,1.769826752097886,0.025296171828719106,1.9949875027332184e-13,EleutherAI/pythia-70m-deduped,4,2,1.7055684657777364,0.15452741365153252,step143000,color,39.530423131417166,alternation,1.5821051067924984e-27
0.9963805697238937,1,alternation:color,3,1.477187995585901,0.008059288237100854,0.0017004314067805232,EleutherAI/pythia-70m-deduped,4,2,1.784325628370682,0.8664509007834812,step143000,color,123.63133572231175,alternation,2.4487331109757087e-06
0.13498024839470915,1,alternation:color,5,12.601626570812337,0.001239847459437495,0.0010323560884804228,EleutherAI/pythia-70m-deduped,4,2,1.7410968886055538,32.90625017941802,step143000,color,108.86843165041302,alternation,2.154065182336141e-08
0.9999065839402973,1,alternation:color,0,1.1236570351795367,0.005015341569030086,1.5137577407692686e-13,EleutherAI/pythia-70m-deduped,4,4,1.6847778504549042,0.09635279459766136,step143000,color,199.36958832769363,alternation,2.2875244126556953e-27
0.9896635896441331,1,alternation:color,3,2.6287434716761076,0.005530472344475743,0.00015628495316266048,EleutherAI/pythia-70m-deduped,4,4,1.6803910184032287,0.5202156760528035,step143000,color,178.94738966241908,alternation,1.3837276524628922e-09
0.11853733670489408,1,alternation:color,5,12.5097471268224,0.0006731918525445179,0.0007643371720017739,EleutherAI/pythia-70m-deduped,4,4,1.5692602570404535,20.247023513338704,step143000,color,176.08254802378977,alternation,1.3932631337287937e-08
0.9999880098067676,2,alternation:color,0,1.830265088450877,0.0,4.895470237396912e-14,EleutherAI/pythia-70m-deduped,4,0,0.0,0.0,step143000,color,999988009806.7676,alternation,0.0
0.9048257297741479,2,alternation:color,3,4.030321129210384,0.0,8.47159567016883e-06,EleutherAI/pythia-70m-deduped,4,0,0.0,0.0,step143000,color,904825729774.148,alternation,0.0
0.18500740898431842,2,alternation:color,5,12.60309758741714,0.0,0.0004718656672191416,EleutherAI/pythia-70m-deduped,4,0,0.0,0.0,step143000,color,185007408984.31842,alternation,0.0
0.9999635492474818,2,alternation:color,0,0.9891560455182811,0.003155196852045925,1.6635151927257105e-14,EleutherAI/pythia-70m-deduped,4,2,1.7456726925663653,0.09144651494200964,step143000,color,316.9258832770054,alternation,3.367268659635621e-30
0.9840773354829461,2,alternation:color,3,1.4349664152080766,0.013407339896224122,0.011794115885724382,EleutherAI/pythia-70m-deduped,4,2,1.8811783082360796,0.6474134331915453,step143000,color,73.39840289721376,alternation,5.2472859180120484e-05
0.14535254515117146,2,alternation:color,5,12.538599521562233,0.0009493624384137526,0.00205053394664894,EleutherAI/pythia-70m-deduped,4,2,1.900119278417193,26.06924269406487,step143000,color,153.10543083422866,alternation,6.764728685790153e-08
0.999924561943205,2,alternation:color,0,1.258639422577344,0.0036373559423080984,1.2296541015497448e-14,EleutherAI/pythia-70m-deduped,4,4,1.5897576160312357,0.07884208121951652,step143000,color,274.90423752939034,alternation,5.6724370267297724e-30
0.9967422739113213,2,alternation:color,3,1.363784210698368,0.005009873101045014,0.001552193998121272,EleutherAI/pythia-70m-deduped,4,4,1.8164967136322192,0.43394896362183744,step143000,color,198.95559304753846,alternation,2.0463897631246032e-07
0.15058857522087946,2,alternation:color,5,12.451815988982329,0.0004293026157420852,0.0012036388984779205,EleutherAI/pythia-70m-deduped,4,4,1.6851359360949711,12.812426052861209,step143000,color,350.7748839605242,alternation,3.4198597544953445e-08
0.9999929085518678,4,alternation:color,0,1.7274276819226473,0.0,6.200490544891249e-14,EleutherAI/pythia-70m-deduped,4,0,0.0,0.0,step143000,color,999992908551.8679,alternation,0.0
0.831852408563767,4,alternation:color,3,4.371634199526664,0.0,1.056638764929141e-06,EleutherAI/pythia-70m-deduped,4,0,0.0,0.0,step143000,color,831852408563.767,alternation,0.0
0.2037974988869303,4,alternation:color,5,12.371522098159481,0.0,0.0006545632122392915,EleutherAI/pythia-70m-deduped,4,0,0.0,0.0,step143000,color,203797498886.9303,alternation,0.0
0.999995627587272,4,alternation:color,0,0.9780725167354254,0.0005827120556332116,5.23574759020189e-15,EleutherAI/pythia-70m-deduped,4,2,1.9873999484023788,0.033417632990866857,step143000,color,1716.1059530519133,alternation,2.633744823733812e-31
0.7705461221911651,4,alternation:color,3,1.7319975322725651,0.0033820850472689183,0.5207924430546383,EleutherAI/pythia-70m-deduped,4,2,1.9031691353882187,0.3631113984878366,step143000,color,227.8316811735388,alternation,0.0017832751832848462
0.1616745840587461,4,alternation:color,5,12.350872449507564,0.00018668596757702723,0.007238312196531832,EleutherAI/pythia-70m-deduped,4,2,1.8436159750763534,5.501486609315302,step143000,color,866.0242982217646,alternation,6.046456141629275e-08
0.9999923328802987,4,alternation:color,0,0.7898379065909219,0.0002804851494590462,5.22056456170149e-15,EleutherAI/pythia-70m-deduped,4,4,1.9208942443053478,0.022398358048896557,step143000,color,3565.2238088502013,alternation,1.014261890265302e-31
0.8225335907008811,4,alternation:color,3,1.9352673645639147,0.0025171358831568595,0.33438206221537925,EleutherAI/pythia-70m-deduped,4,4,1.8606502656815138,0.21720320931348097,step143000,color,326.7736144896964,alternation,0.0020699767263842334
0.1686946681850645,4,alternation:color,5,12.34376257504265,0.00018767159564302976,0.00381800091130038,EleutherAI/pythia-70m-deduped,4,4,1.8324140501149213,5.456110887872997,step143000,color,898.8822608293838,alternation,2.1766718388536798e-07
0.9999745943059569,1,alternation:number,0,0.27144233109442856,0.0,5.749345198724356e-14,EleutherAI/pythia-70m-deduped,4,0,0.0,0.0,step143000,number,999974594305.9569,alternation,0.0
0.9944088704609501,1,alternation:number,3,1.9629113498140212,0.0,0.00015657667107891625,EleutherAI/pythia-70m-deduped,4,0,0.0,0.0,step143000,number,994408870460.9501,alternation,0.0
0.12615358590014084,1,alternation:number,5,12.897262838682511,0.0,0.0002077591116362937,EleutherAI/pythia-70m-deduped,4,0,0.0,0.0,step143000,number,126153585900.14084,alternation,0.0
0.9999675880889436,1,alternation:number,0,0.38361948326256023,0.00045847022913705535,3.320212861048492e-11,EleutherAI/pythia-70m-deduped,4,2,1.7523975684334978,0.05145458428658929,step143000,number,2181.0960113399483,alternation,1.0305435450289755e-22
0.9978512747907375,1,alternation:number,3,0.16408861010802656,0.0005657238927540114,0.002290106021435289,EleutherAI/pythia-70m-deduped,4,2,1.7537896618719493,0.8704933694981247,step143000,number,1763.8485621193731,alternation,2.3316677178183123e-06
0.13759096738589596,1,alternation:number,5,12.91540020131799,0.001367165588032138,0.0007993467325728765,EleutherAI/pythia-70m-deduped,4,2,1.6536557109299788,34.98247488594746,step143000,number,100.6395776710126,alternation,4.224690750720265e-09
0.9998979694412671,1,alternation:number,0,1.3836548034578875,0.0022029596243515227,2.613580213651275e-10,EleutherAI/pythia-70m-deduped,4,4,1.6253323091818717,0.04940959457232014,step143000,number,453.88846821720733,alternation,5.77725052091191e-21
0.9996338492659519,1,alternation:number,3,0.7010038824146554,0.0017436906229330684,6.478422172508557e-06,EleutherAI/pythia-70m-deduped,4,4,1.9711629651155789,0.4727427510542608,step143000,number,573.2862447722889,alternation,2.4350553511930007e-11
0.1266247050313342,1,alternation:number,5,12.875894204505292,0.000503531335629224,0.0005456984877784107,EleutherAI/pythia-70m-deduped,4,4,1.8223825258733748,13.74420833691376,step143000,number,251.4733365563061,alternation,7.866333033572142e-10
0.9999839043498371,2,alternation:number,0,0.47682922386423177,0.0,8.876801693607047e-14,EleutherAI/pythia-70m-deduped,4,0,0.0,0.0,step143000,number,999983904349.8372,alternation,0.0
0.8935206547772339,2,alternation:number,3,4.4411159874878,0.0,0.0011178125123706437,EleutherAI/pythia-70m-deduped,4,0,0.0,0.0,step143000,number,893520654777.2339,alternation,0.0
0.13452839595959798,2,alternation:number,5,12.936442776171052,0.0,0.00032831222455472294,EleutherAI/pythia-70m-deduped,4,0,0.0,0.0,step143000,number,134528395959.59798,alternation,0.0
0.9999609807033772,2,alternation:number,0,0.8076421927370483,0.00272571483480611,3.152894967647456e-12,EleutherAI/pythia-70m-deduped,4,2,1.6754153661547346,0.03803264127711259,step143000,number,366.86192111307497,alternation,1.362724213310096e-24
0.938287475800578,2,alternation:number,3,0.5312852824294354,0.003445859061279393,0.11075582542875836,EleutherAI/pythia-70m-deduped,4,2,1.9136987359728614,0.5655806123841134,step143000,number,272.294211433072,alternation,0.001961772540004962
0.1481962723370251,2,alternation:number,5,12.665354579475329,0.0005416852236303575,0.004538362103606299,EleutherAI/pythia-70m-deduped,4,2,1.6946022528195495,13.471485957369687,step143000,number,273.5837454524203,alternation,2.505744553343358e-08
0.9999211866298999,2,alternation:number,0,0.7165261837943526,0.0025347475643424863,1.2078751778441753e-11,EleutherAI/pythia-70m-deduped,4,4,1.5505314805513861,0.04398545567661255,step143000,number,394.4855103901755,alternation,2.3727605961194545e-23
0.9618335959848561,2,alternation:number,3,0.7582989717040175,0.0012197477950996465,0.06852556442997253,EleutherAI/pythia-70m-deduped,4,4,1.7763844756962106,0.37403940553873904,step143000,number,788.5512069372339,alternation,0.00028501232552970477
0.14895374421587398,2,alternation:number,5,12.5545315592016,0.000375789942016058,0.004245814759101371,EleutherAI/pythia-70m-deduped,4,4,1.6118753969111252,8.346679267570355,step143000,number,396.3750158313417,alternation,3.482002130572834e-08
0.9999901669751893,4,alternation:number,0,0.30225185298037527,0.0,3.127862438723988e-14,EleutherAI/pythia-70m-deduped,4,0,0.0,0.0,step143000,number,999990166975.1893,alternation,0.0
0.8266967425243633,4,alternation:number,3,5.313613436439253,0.0,0.0014237094597763583,EleutherAI/pythia-70m-deduped,4,0,0.0,0.0,step143000,number,826696742524.3633,alternation,0.0
0.1508147947724448,4,alternation:number,5,12.967372063429481,0.0,0.00032991134189222114,EleutherAI/pythia-70m-deduped,4,0,0.0,0.0,step143000,number,150814794772.4448,alternation,0.0
0.9999949950389393,4,alternation:number,0,0.06597359434646377,1.2009934711494524e-05,3.2822414379121465e-14,EleutherAI/pythia-70m-deduped,4,2,1.8271100938833367,0.0051594179091989,step143000,number,83263.9826161469,alternation,3.6567341373171246e-29
0.8038786303731039,4,alternation:number,3,1.2666891709260268,0.002791653215415491,0.44157800002325065,EleutherAI/pythia-70m-deduped,4,2,1.767472274051853,0.29665625916312444,step143000,number,287.95791179724307,alternation,0.004593081126569805
0.16803695885699763,4,alternation:number,5,12.658802792302346,0.00033442300320894643,0.007941633120487752,EleutherAI/pythia-70m-deduped,4,2,1.518302539990642,8.110100957278949,step143000,number,502.4683028517888,alternation,2.1824260000162232e-07
0.999991718774245,4,alternation:number,0,0.04300161341229614,8.169782964788111e-06,9.403735578438328e-14,EleutherAI/pythia-70m-deduped,4,4,1.7365665047776884,0.0046299323549241,step143000,number,122401.25877079286,alternation,2.928099617823777e-28
0.8771273691661442,4,alternation:number,3,1.770874484041261,0.001172084672396181,0.42385387773589633,EleutherAI/pythia-70m-deduped,4,4,1.899736127592288,0.1764722413316523,step143000,number,748.3481269087554,alternation,0.00021785762513945153
0.17583038603000856,4,alternation:number,5,12.475259502233818,0.00020039870268122702,0.009658709587653013,EleutherAI/pythia-70m-deduped,4,4,1.596459558082333,4.7636771047034046,step143000,number,877.4028158740173,alternation,2.229100678376128e-07
0.6761780661504786,1,mapping:color,0,1.2136688777769993,0.0,3.303575273423661e-13,EleutherAI/pythia-70m-deduped,4,0,0.0,0.0,step143000,color,676178066150.4786,mapping,0.0
0.9985331172492625,1,mapping:color,3,1.2543879311571706,0.0,0.1294862278443373,EleutherAI/pythia-70m-deduped,4,0,0.0,0.0,step143000,color,998533117249.2626,mapping,0.0
0.12862923553488959,1,mapping:color,5,11.931346847588818,0.0,0.005828506591699183,EleutherAI/pythia-70m-deduped,4,0,0.0,0.0,step143000,color,128629235534.88959,mapping,0.0
0.6900766716203055,1,mapping:color,0,2.4576268758440074,0.0005635777832211253,8.191645750913042e-13,EleutherAI/pythia-70m-deduped,4,2,2.6481197752525616,0.002825751267939768,step143000,color,1224.4568401475597,mapping,2.3681309617505118e-27
0.9955459613675602,1,mapping:color,3,0.19664530158639207,0.0001925135867489456,0.9797981962003341,EleutherAI/pythia-70m-deduped,4,2,1.888610984992743,0.2439444173807026,step143000,color,5171.30233860241,mapping,1.4826542578906817e-05
0.12909731915049077,1,mapping:color,5,11.943381735297375,0.00026659555744094763,0.0047983667865752625,EleutherAI/pythia-70m-deduped,4,2,1.4895689779011079,6.470952883975192,step143000,color,484.24407514399985,mapping,2.5648027370935617e-08
0.6963356024765487,1,mapping:color,0,2.280625911472851,0.0005530456625717739,3.600677868777339e-13,EleutherAI/pythia-70m-deduped,4,4,2.638850687936263,0.0030994895284963044,step143000,color,1259.0924214800775,mapping,7.50444459054683e-28
0.9985749101480246,1,mapping:color,3,0.821807896429909,0.001653480646246442,0.7897998534773716,EleutherAI/pythia-70m-deduped,4,4,1.6675994362973783,0.1927218257747062,step143000,color,603.9229503017676,mapping,0.002062240888840941
0.12733732452737073,1,mapping:color,5,11.841364294452458,0.00014111114460829284,0.006382688310680497,EleutherAI/pythia-70m-deduped,4,4,1.4134070560631595,4.087932432357139,step143000,color,902.3902745657932,mapping,3.3829321298536495e-08
0.6782884596697915,2,mapping:color,0,1.2427960490296572,0.0,4.433432796765625e-13,EleutherAI/pythia-70m-deduped,4,0,0.0,0.0,step143000,color,678288459669.7915,mapping,0.0
0.9988794007368206,2,mapping:color,3,1.5679905090459374,0.0,0.5486233413935409,EleutherAI/pythia-70m-deduped,4,0,0.0,0.0,step143000,color,998879400736.8206,mapping,0.0
0.15460690032122185,2,mapping:color,5,11.918379284766969,0.0,0.009147574117446855,EleutherAI/pythia-70m-deduped,4,0,0.0,0.0,step143000,color,154606900321.22186,mapping,0.0
0.6878878667024119,2,mapping:color,0,2.3002702556425563,0.00016118424996646239,1.0652225831177694e-12,EleutherAI/pythia-70m-deduped,4,2,2.422330926596651,0.0012312589855244852,step143000,color,4267.711434867493,mapping,1.3189158389798104e-27
0.9839374356751999,2,mapping:color,3,0.2582321006207845,0.00013089177685875411,0.9710980631034998,EleutherAI/pythia-70m-deduped,4,2,1.4354178984044705,0.14232227194687963,step143000,color,7517.182968162859,mapping,1.2030554151514454e-05
0.1397121559234882,2,mapping:color,5,11.890403630808876,0.0002114402982441854,0.005848465605145176,EleutherAI/pythia-70m-deduped,4,2,1.4329403936055685,5.210862475410245,step143000,color,660.7640884148739,mapping,1.7132401359507019e-07
0.6868603950909331,2,mapping:color,0,1.980103757382665,0.00015538828766369835,4.981651911954914e-13,EleutherAI/pythia-70m-deduped,4,4,2.3781964683744827,0.001378554797304443,step143000,color,4420.284214583032,mapping,4.253395189646714e-28
0.996740825936279,2,mapping:color,3,0.3971115532562703,0.0001704328783733497,0.9435882541339692,EleutherAI/pythia-70m-deduped,4,4,1.520979251788523,0.10545635776810719,step143000,color,5848.289575634707,mapping,3.558975979527114e-05
0.14468769982017896,2,mapping:color,5,11.816518394195857,5.795877146777348e-05,0.006027468789686741,EleutherAI/pythia-70m-deduped,4,4,1.4838968930395613,1.716995215699543,step143000,color,2496.3900399550207,mapping,3.283917526995996e-08
0.6916147200987911,4,mapping:color,0,1.7304714915529826,0.0,9.072047984751124e-13,EleutherAI/pythia-70m-deduped,4,0,0.0,0.0,step143000,color,691614720098.7911,mapping,0.0
0.9928888513812772,4,mapping:color,3,1.1702357289333698,0.0,0.7118976514871515,EleutherAI/pythia-70m-deduped,4,0,0.0,0.0,step143000,color,992888851381.2772,mapping,0.0
0.18654923384825114,4,mapping:color,5,11.750239407811522,0.0,0.02412707597263554,EleutherAI/pythia-70m-deduped,4,0,0.0,0.0,step143000,color,186549233848.25116,mapping,0.0
0.6978375610751303,4,mapping:color,0,2.253353276562174,4.202499833066677e-05,1.1341521191165737e-12,EleutherAI/pythia-70m-deduped,4,2,2.4702313794346282,0.00032166075156571345,step143000,color,16605.296580485512,mapping,9.840697050400241e-28
0.7652265743574516,4,mapping:color,3,0.5164075543492357,0.00048324285966730256,0.930650126220795,EleutherAI/pythia-70m-deduped,4,2,2.0361248642750276,0.06873515494914476,step143000,color,1583.5238101278637,mapping,0.00019654406878788044
0.15920946269764932,4,mapping:color,5,11.850783636392084,6.338250061693469e-05,0.016809986721646037,EleutherAI/pythia-70m-deduped,4,2,1.9180496175250579,1.165224788261913,step143000,color,2511.883582187216,mapping,2.4880160868410056e-07
0.6981462433593101,4,mapping:color,0,2.2100100592421437,4.138076733044041e-05,8.667066881127836e-13,EleutherAI/pythia-70m-deduped,4,4,2.465796616582798,0.00032653702050617343,step143000,color,16871.273502116564,mapping,5.90751087742329e-28
0.8221717292446963,4,mapping:color,3,0.4830076647359048,0.00021395844798675548,0.9133041370978294,EleutherAI/pythia-70m-deduped,4,4,2.5397911998037284,0.034974214251492344,step143000,color,3842.6700930995285,mapping,0.00012437027061402864
0.1686152671538709,4,mapping:color,5,11.776899137272034,3.0039999175781123e-05,0.014750580374350578,EleutherAI/pythia-70m-deduped,4,4,2.0355237455978985,0.6590804536326225,step143000,color,5613.025025973106,mapping,6.503667241309581e-08
0.6761768680429966,1,mapping:number,0,1.1248170003747018,0.0,1.8559194926547074e-06,EleutherAI/pythia-70m-deduped,4,0,0.0,0.0,step143000,number,676176868042.9966,mapping,0.0
0.9954454265522065,1,mapping:number,3,0.7776599749264113,0.0,0.03913272972902167,EleutherAI/pythia-70m-deduped,4,0,0.0,0.0,step143000,number,995445426552.2065,mapping,0.0
0.13985134996645657,1,mapping:number,5,12.566282789822383,0.0,0.0010910814468279456,EleutherAI/pythia-70m-deduped,4,0,0.0,0.0,step143000,number,139851349966.45657,mapping,0.0
0.690076123119235,1,mapping:number,0,2.5754629190391207,0.0005196869743394241,2.280464287977618e-05,EleutherAI/pythia-70m-deduped,4,2,2.6480768826033887,0.002037076683209727,step143000,number,1327.8688079423064,mapping,3.009572546384668e-12
0.997033460549448,1,mapping:number,3,0.609972239535338,0.003232742206628822,0.03485245382547742,EleutherAI/pythia-70m-deduped,4,2,1.687282944035083,0.5810980954644632,step143000,number,308.41724975935443,mapping,9.288364491851717e-05
0.13244298323897688,1,mapping:number,5,12.571054100800326,0.0003321796597299928,0.001158556696978681,EleutherAI/pythia-70m-deduped,4,2,1.7039007350227577,6.095407393190247,step143000,number,398.70888948056347,mapping,4.426477993095665e-10
0.6963326294852908,1,mapping:number,0,2.425015098328733,0.00048506022710246183,9.832034630319578e-06,EleutherAI/pythia-70m-deduped,4,4,2.657160264444479,0.002133718345562599,step143000,number,1435.5591132360576,mapping,6.442377962140675e-13
0.9903309032595234,1,mapping:number,3,0.6394363829510021,0.00584744922759261,0.012474674766184695,EleutherAI/pythia-70m-deduped,4,4,1.8452537895057464,0.5122883460196844,step143000,number,169.36118035645464,mapping,3.185560995687302e-05
0.12418168447063509,1,mapping:number,5,12.68245700118324,0.0002158620766747293,0.0013234625425631882,EleutherAI/pythia-70m-deduped,4,4,1.7209148172481468,5.364249863797382,step143000,number,575.2825432961884,mapping,2.294611002837843e-09
0.6782863645024992,2,mapping:number,0,1.2045006638296132,0.0,1.919992715943683e-06,EleutherAI/pythia-70m-deduped,4,0,0.0,0.0,step143000,number,678286364502.4993,mapping,0.0
0.9801162751697694,2,mapping:number,3,0.9235042013874744,0.0,0.8387690974393118,EleutherAI/pythia-70m-deduped,4,0,0.0,0.0,step143000,number,980116275169.7694,mapping,0.0
0.16463410075043225,2,mapping:number,5,12.711870610141036,0.0,0.00289081457728354,EleutherAI/pythia-70m-deduped,4,0,0.0,0.0,step143000,number,164634100750.43225,mapping,0.0
0.6878869933595323,2,mapping:number,0,2.3280415772338428,0.0001561165040011009,1.033331167766266e-05,EleutherAI/pythia-70m-deduped,4,2,2.4312648305277613,0.0008118410657434883,step143000,number,4406.241337268745,mapping,3.4481823449683767e-13
0.938238357459733,2,mapping:number,3,1.540368405413504,0.003957496592963776,0.3514062197978489,EleutherAI/pythia-70m-deduped,4,2,2.0724574787961814,0.35996019346624325,step143000,number,237.0787530500651,mapping,0.003749186596425882
0.1322037056038887,2,mapping:number,5,12.724707326747328,0.00020690052676003315,0.0019651586663339917,EleutherAI/pythia-70m-deduped,4,2,1.9530900978968273,5.257543531734598,step143000,number,638.9723007192769,mapping,1.4442988442241687e-09
0.6868590126592791,2,mapping:number,0,2.1296573216340042,0.00014818720792781698,5.35006011845175e-06,EleutherAI/pythia-70m-deduped,4,4,2.4238993855692748,0.0008463966196685284,step143000,number,4635.076281306635,mapping,9.91528269708244e-14
0.9618396857084436,2,mapping:number,3,1.067380194603496,0.006331360912236495,0.042032996864461304,EleutherAI/pythia-70m-deduped,4,4,2.0265382254110746,0.4603726128381535,step143000,number,151.91673623430867,mapping,0.00023681908677541952
0.13580785732385403,2,mapping:number,5,12.679021509978561,0.000213524071083533,0.0031242527433621597,EleutherAI/pythia-70m-deduped,4,4,1.6131770683842963,4.896885837748054,step143000,number,636.0306668690505,mapping,1.1044289016767972e-07
0.6916133747573668,4,mapping:number,0,1.6326509468603507,0.0,2.40294186515552e-06,EleutherAI/pythia-70m-deduped,4,0,0.0,0.0,step143000,number,691613374757.3668,mapping,0.0
0.982029972799861,4,mapping:number,3,0.8916405147440583,0.0,0.8503108908303475,EleutherAI/pythia-70m-deduped,4,0,0.0,0.0,step143000,number,982029972799.8611,mapping,0.0
0.20103322729882867,4,mapping:number,5,12.740205950361549,0.0,0.010397374515191616,EleutherAI/pythia-70m-deduped,4,0,0.0,0.0,step143000,number,201033227298.82867,mapping,0.0
0.6978373244713948,4,mapping:number,0,2.2994953453867817,4.638760613743645e-05,5.195996349705244e-06,EleutherAI/pythia-70m-deduped,4,2,2.506185279018339,0.0002132234221723225,step143000,number,15043.615796940538,mapping,1.984528983971908e-14
0.7993516114470091,4,mapping:number,3,1.2385580599297947,0.0011608742980259272,0.7925468175649264,EleutherAI/pythia-70m-deduped,4,2,1.6983235540569381,0.2227049187666575,step143000,number,688.5772325275102,mapping,0.0005166199694244906
0.16152341855139685,4,mapping:number,5,12.790332353161213,8.880089735681223e-05,0.008259673083490442,EleutherAI/pythia-70m-deduped,4,2,2.2049904766985398,1.877022837908929,step143000,number,1818.9390350682736,mapping,1.5937725423781335e-07
0.698145886276282,4,mapping:number,0,2.2915051387303746,4.516642952103894e-05,3.81947690724864e-06,EleutherAI/pythia-70m-deduped,4,4,2.512143730337931,0.0002133504092543684,step143000,number,15457.185650485815,mapping,1.1274726988972938e-14
0.8768076485590739,4,mapping:number,3,1.8207150053694587,0.0010446789380294775,0.28179371962923233,EleutherAI/pythia-70m-deduped,4,4,2.002219063094014,0.17065185880023515,step143000,number,839.3082473864647,mapping,2.892172280316156e-05
0.1654412129048805,4,mapping:number,5,12.65285845449166,5.543567847173468e-05,0.012792868880271865,EleutherAI/pythia-70m-deduped,4,4,2.0808619914402455,1.3398211217556335,step143000,number,2984.38149339572,mapping,6.283044209712022e-08
0.9848419508877889,1,alternation:color,0,5.0748470971783695,0.0,0.015010582855736905,Qwen/Qwen3-0.6B,4,0,0.0,0.0,c1899de289a04d12100db370d81485cdf75e47ca,color,984841950887.789,alternation,0.0
0.7043907755419291,1,alternation:color,14,4.940860107366785,0.0,2.933086517926495e-07,Qwen/Qwen3-0.6B,4,0,0.0,0.0,c1899de289a04d12100db370d81485cdf75e47ca,color,704390775541.9291,alternation,0.0
0.6788415095791193,1,alternation:color,27,1.7727694778696208,0.0,0.6112299536854362,Qwen/Qwen3-0.6B,4,0,0.0,0.0,c1899de289a04d12100db370d81485cdf75e47ca,color,678841509579.1193,alternation,0.0
0.9822828114361085,1,alternation:color,0,5.068144119656431,0.00011478102097110286,0.00810548653563201,Qwen/Qwen3-0.6B,4,2,2.5542087670819904,0.005012343935767442,c1899de289a04d12100db370d81485cdf75e47ca,color,8557.88529432411,alternation,6.944696631807098e-08
0.6572197452873022,1,alternation:color,14,2.8097814177678866,0.015092832197598563,6.55587595179565e-07,Qwen/Qwen3-0.6B,4,2,2.162783616128346,24.440104794906528,c1899de289a04d12100db370d81485cdf75e47ca,color,43.545156845503996,alternation,7.902826466723634e-14
0.69806390915268,1,alternation:color,27,1.5275590444461922,0.000402879067192484,0.6427328694564709,Qwen/Qwen3-0.6B,4,2,2.3178706226233303,37.79759680786148,c1899de289a04d12100db370d81485cdf75e47ca,color,1732.6884566558165,alternation,0.00043324375638864105
0.9810276107647725,1,alternation:color,0,5.0478752634235144,6.981645908854384e-05,0.004198201880291468,Qwen/Qwen3-0.6B,4,4,2.697933653265721,0.0025716002798961534,c1899de289a04d12100db370d81485cdf75e47ca,color,14051.52343118113,alternation,1.2712139385284197e-08
0.5582950651222528,1,alternation:color,14,3.539309391418286,0.009007876507689815,2.467377288887336e-07,Qwen/Qwen3-0.6B,4,4,2.350829618984235,28.563109886202426,c1899de289a04d12100db370d81485cdf75e47ca,color,61.978543405390745,alternation,1.0094287043779825e-14
0.723023855351958,1,alternation:color,27,1.3691210032559087,0.002464735303014135,0.6979099534864878,Qwen/Qwen3-0.6B,4,4,2.2816930898853003,67.96288178248841,c1899de289a04d12100db370d81485cdf75e47ca,color,293.34746593996084,alternation,0.003062087806690606
0.9853545372859749,2,alternation:color,0,4.775806260206617,0.0,0.013604211117265704,Qwen/Qwen3-0.6B,4,0,0.0,0.0,c1899de289a04d12100db370d81485cdf75e47ca,color,985354537285.9749,alternation,0.0
0.6291352281648335,2,alternation:color,14,4.757348341878941,0.0,1.437249327244092e-08,Qwen/Qwen3-0.6B,4,0,0.0,0.0,c1899de289a04d12100db370d81485cdf75e47ca,color,629135228164.8335,alternation,0.0
0.6749876873562863,2,alternation:color,27,0.1385012248005487,0.0,0.9867585096815913,Qwen/Qwen3-0.6B,4,0,0.0,0.0,c1899de289a04d12100db370d81485cdf75e47ca,color,674987687356.2864,alternation,0.0
0.9806923328495678,2,alternation:color,0,5.0950898480948945,8.618312938990637e-05,0.009986914661833959,Qwen/Qwen3-0.6B,4,2,2.3814341816098477,0.00403914649214837,c1899de289a04d12100db370d81485cdf75e47ca,color,11379.16828724979,alternation,7.635317459239733e-08
0.5402942133489042,2,alternation:color,14,3.8888321787535824,0.0037753437917633454,4.163869767743523e-08,Qwen/Qwen3-0.6B,4,2,2.1261701444114998,16.66329770455394,c1899de289a04d12100db370d81485cdf75e47ca,color,143.1112616889784,alternation,4.3593394435784996e-16
0.6704099987719226,2,alternation:color,27,0.4666916574285121,0.00027823324610647365,0.9301124558348951,Qwen/Qwen3-0.6B,4,2,2.411306861436447,23.785571235238365,c1899de289a04d12100db370d81485cdf75e47ca,color,2409.5251309952073,alternation,5.821545416597997e-05
0.9799597236995109,2,alternation:color,0,5.017062791029225,5.351198110734826e-05,0.0057448936213998275,Qwen/Qwen3-0.6B,4,4,2.5880231182290094,0.0021291045421325955,c1899de289a04d12100db370d81485cdf75e47ca,color,18312.903081155837,alternation,2.0206034210660935e-08
0.6424152274503371,2,alternation:color,14,3.8214103045324617,0.005417589092172143,2.2774998042896223e-08,Qwen/Qwen3-0.6B,4,4,2.2640824596989595,18.085869106872057,c1899de289a04d12100db370d81485cdf75e47ca,color,118.57954092135942,alternation,3.3124038703374964e-17
0.6739305947201221,2,alternation:color,27,0.2100314227274565,0.0001972722794745209,0.9723605346569817,Qwen/Qwen3-0.6B,4,4,2.4213481940265162,37.42749483734133,c1899de289a04d12100db370d81485cdf75e47ca,color,3416.245792441228,alternation,1.0117893456165756e-05
0.985137015992081,4,alternation:color,0,4.649313175443558,0.0,0.013585101277773778,Qwen/Qwen3-0.6B,4,0,0.0,0.0,c1899de289a04d12100db370d81485cdf75e47ca,color,985137015992.081,alternation,0.0
0.6356124737310843,4,alternation:color,14,5.5737542811734375,0.0,2.047118167298337e-08,Qwen/Qwen3-0.6B,4,0,0.0,0.0,c1899de289a04d12100db370d81485cdf75e47ca,color,635612473731.0844,alternation,0.0
0.6679156923683841,4,alternation:color,27,0.08959394099047603,0.0,0.9890259828248374,Qwen/Qwen3-0.6B,4,0,0.0,0.0,c1899de289a04d12100db370d81485cdf75e47ca,color,667915692368.3842,alternation,0.0
0.9792085693995348,4,alternation:color,0,5.154047069112685,2.5574217057576976e-05,0.011472174470251308,Qwen/Qwen3-0.6B,4,2,2.9599051917833608,0.0010540184402676766,c1899de289a04d12100db370d81485cdf75e47ca,color,38288.89725910185,alternation,2.0139950977098864e-08
0.5056450009579571,4,alternation:color,14,6.224406256480732,0.006060110781358912,1.404703863554688e-07,Qwen/Qwen3-0.6B,4,2,2.0239295402958186,17.095288504172235,c1899de289a04d12100db370d81485cdf75e47ca,color,83.43824382110913,alternation,1.8535020392840175e-15
0.6720677748383065,4,alternation:color,27,0.23085345505829472,0.001929158918157507,0.9619015679988971,Qwen/Qwen3-0.6B,4,2,2.168473717582221,22.365879520217124,c1899de289a04d12100db370d81485cdf75e47ca,color,348.37346395504943,alternation,0.0005824730104586353
0.9791775454108745,4,alternation:color,0,5.0943700938704914,1.5892319725209385e-05,0.007118776030783274,Qwen/Qwen3-0.6B,4,4,2.9316695465265306,0.0006221414330264877,c1899de289a04d12100db370d81485cdf75e47ca,color,61613.25485150178,alternation,7.473041961256857e-09
0.5187765923060946,4,alternation:color,14,7.319027690916098,0.01296722363995011,1.7917417518552434e-07,Qwen/Qwen3-0.6B,4,4,1.7355124736648377,21.091243911167993,c1899de289a04d12100db370d81485cdf75e47ca,color,40.00675909589623,alternation,4.404016805740358e-16
0.6709708306606913,4,alternation:color,27,0.19923182409003085,0.00016919663282813244,0.9701955585710734,Qwen/Qwen3-0.6B,4,4,2.4407184596971416,25.028157696124453,c1899de289a04d12100db370d81485cdf75e47ca,color,3965.6275627083787,alternation,3.356046550675602e-05
0.9638303202828511,1,alternation:number,0,6.653360214128616,0.0,0.00029078830696134875,Qwen/Qwen3-0.6B,4,0,0.0,0.0,c1899de289a04d12100db370d81485cdf75e47ca,number,963830320282.8511,alternation,0.0
0.7025404798984364,1,alternation:number,14,7.785183491328595,0.0,6.777847804296085e-05,Qwen/Qwen3-0.6B,4,0,0.0,0.0,c1899de289a04d12100db370d81485cdf75e47ca,number,702540479898.4364,alternation,0.0
0.8817619777261241,1,alternation:number,27,1.0733779494757807,0.0,0.6827058757558326,Qwen/Qwen3-0.6B,4,0,0.0,0.0,c1899de289a04d12100db370d81485cdf75e47ca,number,881761977726.1241,alternation,0.0
0.9575961075226488,1,alternation:number,0,6.749846168459994,7.234245456085819e-05,0.00014444183967143943,Qwen/Qwen3-0.6B,4,2,2.4252187906933913,0.0027164550215906125,c1899de289a04d12100db370d81485cdf75e47ca,number,13236.98668141084,alternation,4.083122016206951e-11
0.6076249980577954,1,alternation:number,14,4.2860217979840245,0.027314375620676186,0.00014266441081944164,Qwen/Qwen3-0.6B,4,2,2.6287997520527635,62.88273684456131,c1899de289a04d12100db370d81485cdf75e47ca,number,22.24561185275057,alternation,2.8011940352815824e-09
0.7355220151486513,1,alternation:number,27,0.6090612727085072,0.009138559111674051,0.867699611370286,Qwen/Qwen3-0.6B,4,2,2.3546080974463726,76.04489176567486,c1899de289a04d12100db370d81485cdf75e47ca,number,80.48555643843883,alternation,0.006678485926577448
0.9614293003914125,1,alternation:number,0,6.627397316228459,4.9749721748509314e-05,0.00011021073121255065,Qwen/Qwen3-0.6B,4,4,2.41117319779171,0.0018846589571827796,c1899de289a04d12100db370d81485cdf75e47ca,number,19325.32015458399,alternation,1.714177749770055e-11
0.6237612820514331,1,alternation:number,14,5.339502576860693,0.0449956061473624,5.1614877998894296e-05,Qwen/Qwen3-0.6B,4,4,2.5352883543408433,58.68939266744243,c1899de289a04d12100db370d81485cdf75e47ca,number,13.862715395111916,alternation,2.989217007692681e-10
0.6736010966006162,1,alternation:number,27,0.9590671438992857,0.007270624098182044,0.6731993408906538,Qwen/Qwen3-0.6B,4,4,2.356499625923681,83.77997017307426,c1899de289a04d12100db370d81485cdf75e47ca,number,92.64694302777175,alternation,0.011495499417358957
0.9648825217648384,2,alternation:number,0,6.0620220344079305,0.0,0.0003394987079179363,Qwen/Qwen3-0.6B,4,0,0.0,0.0,c1899de289a04d12100db370d81485cdf75e47ca,number,964882521764.8384,alternation,0.0
0.7585494136919778,2,alternation:number,14,9.323955155422423,0.0,2.8228100201304812e-05,Qwen/Qwen3-0.6B,4,0,0.0,0.0,c1899de289a04d12100db370d81485cdf75e47ca,number,758549413691.9778,alternation,0.0
0.6856082604784598,2,alternation:number,27,0.7776109099429738,0.0,0.8352523084265386,Qwen/Qwen3-0.6B,4,0,0.0,0.0,c1899de289a04d12100db370d81485cdf75e47ca,number,685608260478.4598,alternation,0.0
0.954531972844053,2,alternation:number,0,7.1655413555554,4.2374199102852706e-05,0.0003832400176705421,Qwen/Qwen3-0.6B,4,2,2.3133432350110406,0.0015924056538336295,c1899de289a04d12100db370d81485cdf75e47ca,number,22526.25401903566,alternation,1.934800264721152e-10
0.6239533112330587,2,alternation:number,14,8.355797066206929,0.02120945698046066,4.053971276387428e-06,Qwen/Qwen3-0.6B,4,2,2.4245762420811676,36.774649845085584,c1899de289a04d12100db370d81485cdf75e47ca,number,29.418636781124547,alternation,1.4287780747055544e-12
0.6695707350886777,2,alternation:number,27,0.06936166825887854,0.0010870966548721262,0.9918940011661355,Qwen/Qwen3-0.6B,4,2,2.430121482596193,61.14317789950198,c1899de289a04d12100db370d81485cdf75e47ca,number,615.9256696153099,alternation,6.476436401298853e-05
0.9571719965428,2,alternation:number,0,7.308829673266266,3.304555314825387e-05,0.0003218631279059783,Qwen/Qwen3-0.6B,4,4,2.3026267919311714,0.0011404897141077258,c1899de289a04d12100db370d81485cdf75e47ca,number,28965.228460500955,alternation,1.0377637268473627e-10
0.6769155221628305,2,alternation:number,14,7.78716777742247,0.01689043764349624,1.3017464345800116e-06,Qwen/Qwen3-0.6B,4,4,2.438438278732791,27.007088155193735,c1899de289a04d12100db370d81485cdf75e47ca,number,40.076849188302745,alternation,1.5493040756128093e-13
0.6871406368712578,2,alternation:number,27,0.08374734032304834,0.0010022425855933715,0.9895087075114615,Qwen/Qwen3-0.6B,4,4,2.7594853189469055,57.70666305711345,c1899de289a04d12100db370d81485cdf75e47ca,number,685.6031132068096,alternation,7.59692321865756e-05
0.9639915204158426,4,alternation:number,0,6.003404619534633,0.0,0.00040443660960059986,Qwen/Qwen3-0.6B,4,0,0.0,0.0,c1899de289a04d12100db370d81485cdf75e47ca,number,963991520415.8427,alternation,0.0
0.6088063634901415,4,alternation:number,14,7.765187097677837,0.0,1.2601561149566806e-06,Qwen/Qwen3-0.6B,4,0,0.0,0.0,c1899de289a04d12100db370d81485cdf75e47ca,number,608806363490.1415,alternation,0.0
0.6717570323950569,4,alternation:number,27,0.2278075822592948,0.0,0.9655194033336693,Qwen/Qwen3-0.6B,4,0,0.0,0.0,c1899de289a04d12100db370d81485cdf75e47ca,number,671757032395.0569,alternation,0.0
0.9545737882750317,4,alternation:number,0,6.96916204029052,1.4331331393688145e-05,0.000563110270993695,Qwen/Qwen3-0.6B,4,2,2.493426719823589,0.0005492951700076761,c1899de289a04d12100db370d81485cdf75e47ca,number,66607.47435478664,alternation,1.135012582253713e-10
0.6506920391840508,4,alternation:number,14,7.582519767957956,0.01569774719622609,1.0308289892270546e-06,Qwen/Qwen3-0.6B,4,2,2.0053691262593083,19.535862616794134,c1899de289a04d12100db370d81485cdf75e47ca,number,41.45130068985213,alternation,9.904832478964525e-14
0.6666656291408027,4,alternation:number,27,0.025958214496951897,8.685822094689262e-05,0.9976148217952826,Qwen/Qwen3-0.6B,4,2,2.4015649953720954,45.55321938083003,c1899de289a04d12100db370d81485cdf75e47ca,number,7675.331383409516,alternation,9.792851830613642e-07
0.955797623794323,4,alternation:number,0,7.285410283002651,1.2316928284579339e-05,0.0005151847389450291,Qwen/Qwen3-0.6B,4,4,2.504493719198039,0.0004099273097358628,c1899de289a04d12100db370d81485cdf75e47ca,number,77600.323855987,alternation,7.32701394286296e-11
0.6332270945191799,4,alternation:number,14,7.837677229530815,0.017991487864318204,1.980711078654738e-06,Qwen/Qwen3-0.6B,4,4,1.8664877383288798,22.9123720270076,c1899de289a04d12100db370d81485cdf75e47ca,number,35.19592705698531,alternation,6.248878033490597e-14
0.6670111881483924,4,alternation:number,27,0.01793913134246234,8.281947511184378e-05,0.9984372687564821,Qwen/Qwen3-0.6B,4,4,2.3158233536693222,53.316762999553944,c1899de289a04d12100db370d81485cdf75e47ca,number,8053.796371537315,alternation,7.916988557334988e-07
0.6548857524341479,1,mapping:color,0,5.043634129291714,0.0,2.4294894840235323e-07,Qwen/Qwen3-0.6B,4,0,0.0,0.0,c1899de289a04d12100db370d81485cdf75e47ca,color,654885752434.148,mapping,0.0
0.5575004775411049,1,mapping:color,14,5.193828314926149,0.0,0.0001395448488968099,Qwen/Qwen3-0.6B,4,0,0.0,0.0,c1899de289a04d12100db370d81485cdf75e47ca,color,557500477541.1049,mapping,0.0
0.6785733211091411,1,mapping:color,27,1.7343075532101913,0.0,0.5557046877980804,Qwen/Qwen3-0.6B,4,0,0.0,0.0,c1899de289a04d12100db370d81485cdf75e47ca,color,678573321109.1411,mapping,0.0
0.6504016802368132,1,mapping:color,0,5.696043070620039,2.144992724277498e-05,4.2341046351795624e-07,Qwen/Qwen3-0.6B,4,2,2.7776506524225786,0.0004955850634049984,c1899de289a04d12100db370d81485cdf75e47ca,color,30321.859504483364,mapping,2.2324522782056915e-17
0.7463968433341197,1,mapping:color,14,5.168022518857378,0.04332721958625777,2.9815189381229435e-06,Qwen/Qwen3-0.6B,4,2,1.4942164746546818,113.32639088524547,c1899de289a04d12100db370d81485cdf75e47ca,color,17.226973031310244,mapping,4.19047557551476e-12
0.69777567102587,1,mapping:color,27,1.2070366803376442,0.020516384287968863,0.7113586314015694,Qwen/Qwen3-0.6B,4,2,1.3829948299309724,91.15610651344606,c1899de289a04d12100db370d81485cdf75e47ca,color,34.01065515403983,mapping,0.022558895265263664
0.6501754584126139,1,mapping:color,0,5.970401212261338,1.703649518372133e-05,4.4918170232492304e-07,Qwen/Qwen3-0.6B,4,4,2.831443758133956,0.0003758910163042847,c1899de289a04d12100db370d81485cdf75e47ca,color,38163.68633343482,mapping,1.7649110190749967e-17
0.7329541634123737,1,mapping:color,14,3.857472401529832,0.015051959389143095,4.5532983317522915e-06,Qwen/Qwen3-0.6B,4,4,2.01873829086711,41.27436932166877,c1899de289a04d12100db370d81485cdf75e47ca,color,48.69493362711635,mapping,2.937461299079462e-12
0.7225340826447556,1,mapping:color,27,1.901637760258338,0.0021957880760955285,0.36832849886914754,Qwen/Qwen3-0.6B,4,4,2.123928328399012,35.409237979887855,c1899de289a04d12100db370d81485cdf75e47ca,color,329.0545615538362,mapping,0.0013858741847774909
0.6570462025109204,2,mapping:color,0,5.551850715508815,0.0,3.240158668964499e-07,Qwen/Qwen3-0.6B,4,0,0.0,0.0,c1899de289a04d12100db370d81485cdf75e47ca,color,657046202510.9204,mapping,0.0
0.5137299080715297,2,mapping:color,14,4.58618757448452,0.0,1.6153701551589336e-05,Qwen/Qwen3-0.6B,4,0,0.0,0.0,c1899de289a04d12100db370d81485cdf75e47ca,color,513729908071.5297,mapping,0.0
0.6749513437623386,2,mapping:color,27,0.4961772286851901,0.0,0.921564918317225,Qwen/Qwen3-0.6B,4,0,0.0,0.0,c1899de289a04d12100db370d81485cdf75e47ca,color,674951343762.3386,mapping,0.0
0.6504816930172189,2,mapping:color,0,5.892787744502638,7.098446042420432e-06,4.5231012467458014e-07,Qwen/Qwen3-0.6B,4,2,2.6772204473820382,0.00016666689735789962,c1899de289a04d12100db370d81485cdf75e47ca,color,91637.1962440694,mapping,1.4098148045616263e-17
0.44270445587389,2,mapping:color,14,8.195559542119067,0.018408569788488642,8.6471764065064e-06,Qwen/Qwen3-0.6B,4,2,1.8969442416292503,34.36092513239614,c1899de289a04d12100db370d81485cdf75e47ca,color,24.048824050998498,mapping,2.29653041714345e-12
0.6704258405104458,2,mapping:color,27,0.17873960850068704,8.729252426253889e-05,0.9790409458421014,Qwen/Qwen3-0.6B,4,2,2.109827043575781,27.252013453524814,c1899de289a04d12100db370d81485cdf75e47ca,color,7680.220570711064,mapping,2.790958411253662e-06
0.6495955118190461,2,mapping:color,0,6.135177135329451,5.324434795126178e-06,4.6622441981596896e-07,Qwen/Qwen3-0.6B,4,4,2.800229632292886,0.00012406426133984298,c1899de289a04d12100db370d81485cdf75e47ca,color,122002.71706091051,mapping,9.715247928961939e-18
0.5318040320215824,2,mapping:color,14,6.988225103958911,0.0146596614750026,5.679557341486377e-05,Qwen/Qwen3-0.6B,4,4,1.8096621768899046,25.21122321541519,c1899de289a04d12100db370d81485cdf75e47ca,color,36.27669253675506,mapping,1.058872817573095e-10
0.6738633203970185,2,mapping:color,27,0.6201616204914021,0.003152175778615972,0.8967582932825832,Qwen/Qwen3-0.6B,4,4,1.7293086004256066,30.696897519320288,c1899de289a04d12100db370d81485cdf75e47ca,color,213.77720270818529,mapping,0.0016600600917680596
0.6586301373355962,4,mapping:color,0,5.943968528009362,0.0,4.2199192720029146e-07,Qwen/Qwen3-0.6B,4,0,0.0,0.0,c1899de289a04d12100db370d81485cdf75e47ca,color,658630137335.5962,mapping,0.0
0.4971248495450488,4,mapping:color,14,5.185121015043863,0.0,2.1712155804996976e-06,Qwen/Qwen3-0.6B,4,0,0.0,0.0,c1899de289a04d12100db370d81485cdf75e47ca,color,497124849545.0488,mapping,0.0
0.667909705367283,4,mapping:color,27,0.013601269524804937,0.0,0.998925977537593,Qwen/Qwen3-0.6B,4,0,0.0,0.0,c1899de289a04d12100db370d81485cdf75e47ca,color,667909705367.283,mapping,0.0
0.6519108273940698,4,mapping:color,0,6.099000004551978,2.5764942300015084e-06,5.005746029950438e-07,Qwen/Qwen3-0.6B,4,2,2.48736251160246,5.72263931340021e-05,c1899de289a04d12100db370d81485cdf75e47ca,color,253022.42861754366,mapping,6.6242502566909305e-18
0.450644768139339,4,mapping:color,14,6.558547976345201,0.007047802467463646,2.5892688980993108e-06,Qwen/Qwen3-0.6B,4,2,1.905884789614371,16.568767284406356,c1899de289a04d12100db370d81485cdf75e47ca,color,63.94117460297046,mapping,4.841120359608207e-13
0.6720636565573602,4,mapping:color,27,0.02108238697975645,2.067786707162763e-05,0.9982769833038738,Qwen/Qwen3-0.6B,4,2,2.0398916012877626,22.03322617588611,c1899de289a04d12100db370d81485cdf75e47ca,color,32501.594783898552,mapping,2.0450292020985674e-07
0.6506042171406298,4,mapping:color,0,6.250214291251511,2.32668539047316e-06,4.917553646852426e-07,Qwen/Qwen3-0.6B,4,4,2.550287155624303,5.005438462331761e-05,c1899de289a04d12100db370d81485cdf75e47ca,color,279627.0693943376,mapping,4.9946551301685626e-18
0.4960894278651888,4,mapping:color,14,6.07323009648426,0.006591340355100667,2.640068428355172e-06,Qwen/Qwen3-0.6B,4,4,1.5846911075811876,17.535079486384696,c1899de289a04d12100db370d81485cdf75e47ca,color,75.26381602814564,mapping,2.5075068884729835e-13
0.6709578474229417,4,mapping:color,27,0.012341328955716206,3.524185983034319e-06,0.9990680009597399,Qwen/Qwen3-0.6B,4,4,1.8430620937597602,16.083152196233684,c1899de289a04d12100db370d81485cdf75e47ca,color,190386.61712321098,mapping,1.562925824815187e-08
0.6537505847709008,1,mapping:number,0,4.88360877372688,0.0,9.133206615908145e-06,Qwen/Qwen3-0.6B,4,0,0.0,0.0,c1899de289a04d12100db370d81485cdf75e47ca,number,653750584770.9008,mapping,0.0
0.5766894904582832,1,mapping:number,14,4.585187690721733,0.0,0.002906391403360648,Qwen/Qwen3-0.6B,4,0,0.0,0.0,c1899de289a04d12100db370d81485cdf75e47ca,number,576689490458.2832,mapping,0.0
0.8821269435665805,1,mapping:number,27,1.4401112743419786,0.0,0.073741594608506,Qwen/Qwen3-0.6B,4,0,0.0,0.0,c1899de289a04d12100db370d81485cdf75e47ca,number,882126943566.5806,mapping,0.0
0.649547680238428,1,mapping:number,0,5.624455393867147,2.012239594199563e-05,1.0058691289673306e-05,Qwen/Qwen3-0.6B,4,2,2.771806360949436,0.0004541267693897813,c1899de289a04d12100db370d81485cdf75e47ca,number,32279.837953233786,mapping,1.5494976417351263e-14
0.5384231676303958,1,mapping:number,14,6.836614152709495,0.024163132306711365,0.0005692146408391228,Qwen/Qwen3-0.6B,4,2,1.878972715481456,57.109265419920945,c1899de289a04d12100db370d81485cdf75e47ca,number,22.28283820143829,mapping,4.605018938492568e-09
0.7355689576732544,1,mapping:number,27,1.1222593372984258,0.030133489285324434,0.36462736326428347,Qwen/Qwen3-0.6B,4,2,1.911323125210274,64.62525515727003,c1899de289a04d12100db370d81485cdf75e47ca,number,24.410347925803933,mapping,0.04724339449753759
0.6497401842428698,1,mapping:number,0,5.87263937128375,1.6528497183549334e-05,8.041525723018768e-06,Qwen/Qwen3-0.6B,4,4,2.8166593398796715,0.0003486317202187256,c1899de289a04d12100db370d81485cdf75e47ca,number,39310.300085209834,mapping,5.73330619522159e-15
0.4792894591363443,1,mapping:number,14,4.778262707875255,0.017045249153019935,0.001121010476748271,Qwen/Qwen3-0.6B,4,4,2.0698234945818266,30.330710567104546,c1899de289a04d12100db370d81485cdf75e47ca,number,28.118653757045713,mapping,2.089523909281402e-07
0.6736041199488548,1,mapping:number,27,1.131986786053868,0.003485968966573678,0.5022103217754575,Qwen/Qwen3-0.6B,4,4,2.606291219984961,30.752128878053476,c1899de289a04d12100db370d81485cdf75e47ca,number,193.2329651835464,mapping,0.00588821782806605
0.6558956979937874,2,mapping:number,0,5.347789808799707,0.0,1.1344985765226083e-05,Qwen/Qwen3-0.6B,4,0,0.0,0.0,c1899de289a04d12100db370d81485cdf75e47ca,number,655895697993.7875,mapping,0.0
0.5432312302661028,2,mapping:number,14,5.939235511292032,0.0,0.00016258079051498093,Qwen/Qwen3-0.6B,4,0,0.0,0.0,c1899de289a04d12100db370d81485cdf75e47ca,number,543231230266.1028,mapping,0.0
0.6856329370338713,2,mapping:number,27,0.6693783406675271,0.0,0.873049342403621,Qwen/Qwen3-0.6B,4,0,0.0,0.0,c1899de289a04d12100db370d81485cdf75e47ca,number,685632937033.8713,mapping,0.0
0.6495711577013136,2,mapping:number,0,5.754397362316246,7.023001167817942e-06,1.1992447220706018e-05,Qwen/Qwen3-0.6B,4,2,2.6525582343983167,0.0001541646232071387,c1899de289a04d12100db370d81485cdf75e47ca,number,92491.9620799574,mapping,8.997929075060323e-15
0.44901735688090433,2,mapping:number,14,6.888042164212761,0.017935442262528162,7.485913289697577e-05,Qwen/Qwen3-0.6B,4,2,1.867597904259923,39.65343125547426,c1899de289a04d12100db370d81485cdf75e47ca,number,25.035198480665247,mapping,2.542361552094294e-10
0.6695749961550993,2,mapping:number,27,0.25012130817681794,0.0019779943326045336,0.9599528134240758,Qwen/Qwen3-0.6B,4,2,1.9623969953385958,32.01689154930648,c1899de289a04d12100db370d81485cdf75e47ca,number,338.51209031192377,mapping,0.0005527381632973708
0.649050665832468,2,mapping:number,0,5.999506248976516,5.323379577973429e-06,9.398849537625245e-06,Qwen/Qwen3-0.6B,4,4,2.775110571521593,0.00011538095296708873,c1899de289a04d12100db370d81485cdf75e47ca,number,121924.55118512452,mapping,2.92154844446174e-15
0.5024615289379684,2,mapping:number,14,5.1858191145691706,0.012044813908164136,3.323341142318997e-05,Qwen/Qwen3-0.6B,4,4,1.804330251417171,25.36040176041572,c1899de289a04d12100db370d81485cdf75e47ca,number,41.716005973109574,mapping,5.870551855679523e-11
0.6871273951902279,2,mapping:number,27,0.6478306790330839,0.005252207589868569,0.8393375544420222,Qwen/Qwen3-0.6B,4,4,2.4113792048178317,24.59965900623974,c1899de289a04d12100db370d81485cdf75e47ca,number,130.82639698318218,mapping,0.004880089285957818
0.6573851812564468,4,mapping:number,0,5.722772786538375,0.0,1.3301945053550413e-05,Qwen/Qwen3-0.6B,4,0,0.0,0.0,c1899de289a04d12100db370d81485cdf75e47ca,number,657385181256.4469,mapping,0.0
0.502683047368551,4,mapping:number,14,6.915580900466108,0.0,4.765783550772032e-05,Qwen/Qwen3-0.6B,4,0,0.0,0.0,c1899de289a04d12100db370d81485cdf75e47ca,number,502683047368.55096,mapping,0.0
0.6717595047801658,4,mapping:number,27,0.05771813821515989,0.0,0.9940447123899175,Qwen/Qwen3-0.6B,4,0,0.0,0.0,c1899de289a04d12100db370d81485cdf75e47ca,number,671759504780.1658,mapping,0.0
0.6510251246664619,4,mapping:number,0,5.931614018318563,2.623652580720928e-06,1.3476823945326014e-05,Qwen/Qwen3-0.6B,4,2,2.44047526315162,5.36568167783707e-05,c1899de289a04d12100db370d81485cdf75e47ca,number,248136.94063395125,mapping,2.2587946566176328e-15
0.49049486792044633,4,mapping:number,14,6.959320230905826,0.009314865676828626,1.9729460196960546e-05,Qwen/Qwen3-0.6B,4,2,1.8896405977794621,21.59876003493205,c1899de289a04d12100db370d81485cdf75e47ca,number,52.65721320497259,mapping,3.169713869385387e-11
0.6666673152469281,4,mapping:number,27,0.021906785275389074,4.4642418480907354e-05,0.9980100107253695,Qwen/Qwen3-0.6B,4,2,2.0468999336749216,31.274790139206555,c1899de289a04d12100db370d81485cdf75e47ca,number,14933.494598462403,mapping,6.13440858897387e-07
0.6500030272893441,4,mapping:number,0,6.091872738631851,2.332189882937612e-06,1.1316756797944489e-05,Qwen/Qwen3-0.6B,4,4,2.5021048175651366,4.667211272243244e-05,c1899de289a04d12100db370d81485cdf75e47ca,number,278709.3075245676,mapping,1.0633173392004447e-15
0.5605413253868258,4,mapping:number,14,7.267414716656152,0.007462852816298734,0.00010781565692151915,Qwen/Qwen3-0.6B,4,4,2.016497852744196,15.294123735353116,c1899de289a04d12100db370d81485cdf75e47ca,number,75.11086432826517,mapping,2.246413936272549e-09
0.667011296387801,4,mapping:number,27,0.055174366113446435,0.00011979563107289266,0.9939467784836222,Qwen/Qwen3-0.6B,4,4,2.3526630049680732,18.556564366154014,c1899de289a04d12100db370d81485cdf75e47ca,number,5567.910034898862,mapping,4.299222107922101e-06
