cell_id,condition,episodes,example_id,family,heads,layers,mappings,margin,mlp_ratio,pairs,probability,rank,regime,seed,target,top1,vocabulary,width
C2_sa_ff_L2_W64_H2_S11,correct,1024,0,sa_ff,2,2,fresh-random,12.885147094726562,2,3,0.9999940395355225,1,C2,11,3,1,4,64
C2_sa_ff_L2_W64_H2_S11,none,1024,0,sa_ff,2,2,fresh-random,-2.4671707153320312,2,3,0.06601884216070175,3,C2,11,3,0,4,64
C2_sa_ff_L2_W64_H2_S11,shuffled_pairings,1024,0,sa_ff,2,2,fresh-random,-0.9225740432739258,2,3,0.2535574734210968,2,C2,11,3,0,4,64
C2_sa_ff_L2_W64_H2_S11,shuffled_order,1024,0,sa_ff,2,2,fresh-random,12.955717086791992,2,3,0.9999943971633911,1,C2,11,3,1,4,64
C2_sa_ff_L2_W64_H2_S11,wrong_query,1024,0,sa_ff,2,2,fresh-random,-48.254634857177734,2,3,1.1047773572211912e-21,7,C2,11,3,0,4,64
C2_sa_ff_L2_W64_H2_S11,correct,1024,1,sa_ff,2,2,fresh-random,20.252126693725586,2,3,1.0,1,C2,11,4,1,4,64
C2_sa_ff_L2_W64_H2_S11,none,1024,1,sa_ff,2,2,fresh-random,-6.1087541580200195,2,3,0.00221837917342782,2,C2,11,4,0,4,64
C2_sa_ff_L2_W64_H2_S11,shuffled_pairings,1024,1,sa_ff,2,2,fresh-random,-7.732533931732178,2,3,0.0004115610499866307,4,C2,11,4,0,4,64
C2_sa_ff_L2_W64_H2_S11,shuffled_order,1024,1,sa_ff,2,2,fresh-random,18.535606384277344,2,3,1.0,1,C2,11,4,1,4,64
C2_sa_ff_L2_W64_H2_S11,wrong_query,1024,1,sa_ff,2,2,fresh-random,-45.82876968383789,2,3,1.2497375082020023e-20,7,C2,11,4,0,4,64
C2_sa_ff_L2_W64_H2_S11,correct,1024,2,sa_ff,2,2,fresh-random,14.455670356750488,2,3,0.9999995231628418,1,C2,11,4,1,4,64
C2_sa_ff_L2_W64_H2_S11,none,1024,2,sa_ff,2,2,fresh-random,-1.6121749877929688,2,3,0.15523436665534973,2,C2,11,4,0,4,64
C2_sa_ff_L2_W64_H2_S11,shuffled_pairings,1024,2,sa_ff,2,2,fresh-random,-14.107734680175781,2,3,7.465977205356467e-07,3,C2,11,4,0,4,64
C2_sa_ff_L2_W64_H2_S11,shuffled_order,1024,2,sa_ff,2,2,fresh-random,15.563751220703125,2,3,0.9999998807907104,1,C2,11,4,1,4,64
C2_sa_ff_L2_W64_H2_S11,wrong_query,1024,2,sa_ff,2,2,fresh-random,-45.62373352050781,2,3,1.5341332695696004e-20,7,C2,11,4,0,4,64
C2_sa_ff_L2_W64_H2_S11,correct,1024,3,sa_ff,2,2,fresh-random,12.643762588500977,2,3,0.9999957084655762,1,C2,11,3,1,4,64
C2_sa_ff_L2_W64_H2_S11,none,1024,3,sa_ff,2,2,fresh-random,-20.180938720703125,2,3,1.6993085827365917e-09,5,C2,11,3,0,4,64
C2_sa_ff_L2_W64_H2_S11,shuffled_pairings,1024,3,sa_ff,2,2,fresh-random,-15.740747451782227,2,3,1.4584109919724142e-07,2,C2,11,3,0,4,64
C2_sa_ff_L2_W64_H2_S11,shuffled_order,1024,3,sa_ff,2,2,fresh-random,15.888465881347656,2,3,0.9999998807907104,1,C2,11,3,1,4,64
C2_sa_ff_L2_W64_H2_S11,wrong_query,1024,3,sa_ff,2,2,fresh-random,-24.839372634887695,2,3,1.6307764166834104e-11,6,C2,11,3,0,4,64
C2_sa_ff_L2_W64_H2_S11,correct,1024,4,sa_ff,2,2,fresh-random,12.920300483703613,2,3,0.9999974966049194,1,C2,11,3,1,4,64
C2_sa_ff_L2_W64_H2_S11,none,1024,4,sa_ff,2,2,fresh-random,-9.147553443908691,2,3,0.00010638579988153651,3,C2,11,3,0,4,64
C2_sa_ff_L2_W64_H2_S11,shuffled_pairings,1024,4,sa_ff,2,2,fresh-random,8.448108673095703,2,3,0.9997854828834534,1,C2,11,3,1,4,64
C2_sa_ff_L2_W64_H2_S11,shuffled_order,1024,4,sa_ff,2,2,fresh-random,16.682743072509766,2,3,1.0,1,C2,11,3,1,4,64
C2_sa_ff_L2_W64_H2_S11,wrong_query,1024,4,sa_ff,2,2,fresh-random,-16.9254093170166,2,3,4.4605403815012323e-08,3,C2,11,3,0,4,64
C2_sa_ff_L2_W64_H2_S11,correct,1024,5,sa_ff,2,2,fresh-random,10.88368034362793,2,3,0.99997878074646,1,C2,11,5,1,4,64
C2_sa_ff_L2_W64_H2_S11,none,1024,5,sa_ff,2,2,fresh-random,6.1087541580200195,2,3,0.9977783560752869,1,C2,11,5,1,4,64
C2_sa_ff_L2_W64_H2_S11,shuffled_pairings,1024,5,sa_ff,2,2,fresh-random,0.6945915222167969,2,3,0.6659573316574097,1,C2,11,5,1,4,64
C2_sa_ff_L2_W64_H2_S11,shuffled_order,1024,5,sa_ff,2,2,fresh-random,13.055466651916504,2,3,0.9999940395355225,1,C2,11,5,1,4,64
C2_sa_ff_L2_W64_H2_S11,wrong_query,1024,5,sa_ff,2,2,fresh-random,-29.210857391357422,2,3,2.0600821124937968e-13,6,C2,11,5,0,4,64
C2_sa_ff_L2_W64_H2_S11,correct,1024,6,sa_ff,2,2,fresh-random,12.774824142456055,2,3,0.9999966621398926,1,C2,11,5,1,4,64
C2_sa_ff_L2_W64_H2_S11,none,1024,6,sa_ff,2,2,fresh-random,7.159305572509766,2,3,0.9991156458854675,1,C2,11,5,1,4,64
C2_sa_ff_L2_W64_H2_S11,shuffled_pairings,1024,6,sa_ff,2,2,fresh-random,4.578795433044434,2,3,0.9896889925003052,1,C2,11,5,1,4,64
C2_sa_ff_L2_W64_H2_S11,shuffled_order,1024,6,sa_ff,2,2,fresh-random,12.774824142456055,2,3,0.9999966621398926,1,C2,11,5,1,4,64
C2_sa_ff_L2_W64_H2_S11,wrong_query,1024,6,sa_ff,2,2,fresh-random,-16.463552474975586,2,3,7.078968877749503e-08,3,C2,11,5,0,4,64
C2_sa_ff_L2_W64_H2_S11,correct,1024,7,sa_ff,2,2,fresh-random,16.65475082397461,2,3,1.0,1,C2,11,6,1,4,64
C2_sa_ff_L2_W64_H2_S11,none,1024,7,sa_ff,2,2,fresh-random,-24.77817726135254,2,3,1.712842020995531e-11,6,C2,11,6,0,4,64
C2_sa_ff_L2_W64_H2_S11,shuffled_pairings,1024,7,sa_ff,2,2,fresh-random,-15.78672981262207,2,3,1.3928686826147896e-07,3,C2,11,6,0,4,64
C2_sa_ff_L2_W64_H2_S11,shuffled_order,1024,7,sa_ff,2,2,fresh-random,14.748847961425781,2,3,0.9999996423721313,1,C2,11,6,1,4,64
C2_sa_ff_L2_W64_H2_S11,wrong_query,1024,7,sa_ff,2,2,fresh-random,-12.984891891479492,2,3,2.2947260731598362e-06,2,C2,11,6,0,4,64
C2_sa_ff_L2_W64_H2_S11,correct,1024,8,sa_ff,2,2,fresh-random,16.35890007019043,2,3,0.9999998807907104,1,C2,11,5,1,4,64
C2_sa_ff_L2_W64_H2_S11,none,1024,8,sa_ff,2,2,fresh-random,-4.40876579284668,2,3,0.012023755349218845,2,C2,11,5,0,4,64
C2_sa_ff_L2_W64_H2_S11,shuffled_pairings,1024,8,sa_ff,2,2,fresh-random,-18.404098510742188,2,3,1.016719686219858e-08,4,C2,11,5,0,4,64
C2_sa_ff_L2_W64_H2_S11,shuffled_order,1024,8,sa_ff,2,2,fresh-random,14.328736305236816,2,3,0.9999992847442627,1,C2,11,5,1,4,64
C2_sa_ff_L2_W64_H2_S11,wrong_query,1024,8,sa_ff,2,2,fresh-random,-29.68964385986328,2,3,1.2762905424353044e-13,6,C2,11,5,0,4,64
C2_sa_ff_L2_W64_H2_S11,correct,1024,9,sa_ff,2,2,fresh-random,15.37553596496582,2,3,0.9999997615814209,1,C2,11,4,1,4,64
C2_sa_ff_L2_W64_H2_S11,none,1024,9,sa_ff,2,2,fresh-random,-7.159305572509766,2,3,0.0007769067888148129,2,C2,11,4,0,4,64
C2_sa_ff_L2_W64_H2_S11,shuffled_pairings,1024,9,sa_ff,2,2,fresh-random,-22.71059226989746,2,3,1.3706127899304477e-10,6,C2,11,4,0,4,64
C2_sa_ff_L2_W64_H2_S11,shuffled_order,1024,9,sa_ff,2,2,fresh-random,13.198036193847656,2,3,0.9999980926513672,1,C2,11,4,1,4,64
C2_sa_ff_L2_W64_H2_S11,wrong_query,1024,9,sa_ff,2,2,fresh-random,-12.925613403320312,2,3,2.4348648821614916e-06,2,C2,11,4,0,4,64
C2_sa_ff_L2_W64_H2_S11,correct,1024,10,sa_ff,2,2,fresh-random,13.699798583984375,2,3,0.999998927116394,1,C2,11,6,1,4,64
C2_sa_ff_L2_W64_H2_S11,none,1024,10,sa_ff,2,2,fresh-random,-7.988583564758301,2,3,0.0002640881575644016,4,C2,11,6,0,4,64
C2_sa_ff_L2_W64_H2_S11,shuffled_pairings,1024,10,sa_ff,2,2,fresh-random,-13.386161804199219,2,3,1.5362543308583554e-06,2,C2,11,6,0,4,64
C2_sa_ff_L2_W64_H2_S11,shuffled_order,1024,10,sa_ff,2,2,fresh-random,13.198007583618164,2,3,0.9999973773956299,1,C2,11,6,1,4,64
C2_sa_ff_L2_W64_H2_S11,wrong_query,1024,10,sa_ff,2,2,fresh-random,-32.570640563964844,2,3,7.157309819686222e-15,6,C2,11,6,0,4,64
C2_sa_ff_L2_W64_H2_S11,correct,1024,11,sa_ff,2,2,fresh-random,14.398270606994629,2,3,0.9999994039535522,1,C2,11,6,1,4,64
C2_sa_ff_L2_W64_H2_S11,none,1024,11,sa_ff,2,2,fresh-random,-14.625438690185547,2,3,4.4390151288098423e-07,4,C2,11,6,0,4,64
C2_sa_ff_L2_W64_H2_S11,shuffled_pairings,1024,11,sa_ff,2,2,fresh-random,-14.988139152526855,2,3,3.0955149554756645e-07,4,C2,11,6,0,4,64
C2_sa_ff_L2_W64_H2_S11,shuffled_order,1024,11,sa_ff,2,2,fresh-random,15.520212173461914,2,3,0.9999995231628418,1,C2,11,6,1,4,64
C2_sa_ff_L2_W64_H2_S11,wrong_query,1024,11,sa_ff,2,2,fresh-random,-18.23267364501953,2,3,1.2068417376553953e-08,4,C2,11,6,0,4,64
C2_sa_ff_L2_W64_H2_S11,correct,1024,12,sa_ff,2,2,fresh-random,11.848306655883789,2,3,0.999992847442627,1,C2,11,3,1,4,64
C2_sa_ff_L2_W64_H2_S11,none,1024,12,sa_ff,2,2,fresh-random,-2.4671707153320312,2,3,0.06601884216070175,3,C2,11,3,0,4,64
C2_sa_ff_L2_W64_H2_S11,shuffled_pairings,1024,12,sa_ff,2,2,fresh-random,-25.15775489807129,2,3,1.186111105166976e-11,3,C2,11,3,0,4,64
C2_sa_ff_L2_W64_H2_S11,shuffled_order,1024,12,sa_ff,2,2,fresh-random,12.955717086791992,2,3,0.9999943971633911,1,C2,11,3,1,4,64
C2_sa_ff_L2_W64_H2_S11,wrong_query,1024,12,sa_ff,2,2,fresh-random,-14.480810165405273,2,3,5.141183692103368e-07,3,C2,11,3,0,4,64
C2_sa_ff_L2_W64_H2_S11,correct,1024,13,sa_ff,2,2,fresh-random,12.796613693237305,2,3,0.9999972581863403,1,C2,11,4,1,4,64
C2_sa_ff_L2_W64_H2_S11,none,1024,13,sa_ff,2,2,fresh-random,-6.1087541580200195,2,3,0.00221837917342782,2,C2,11,4,0,4,64
C2_sa_ff_L2_W64_H2_S11,shuffled_pairings,1024,13,sa_ff,2,2,fresh-random,-14.71202278137207,2,3,4.079881819052389e-07,4,C2,11,4,0,4,64
C2_sa_ff_L2_W64_H2_S11,shuffled_order,1024,13,sa_ff,2,2,fresh-random,12.796613693237305,2,3,0.9999972581863403,1,C2,11,4,1,4,64
C2_sa_ff_L2_W64_H2_S11,wrong_query,1024,13,sa_ff,2,2,fresh-random,-11.68051528930664,2,3,8.45685826789122e-06,2,C2,11,4,0,4,64
C2_sa_ff_L2_W64_H2_S11,correct,1024,14,sa_ff,2,2,fresh-random,13.272621154785156,2,3,0.9999982118606567,1,C2,11,4,1,4,64
C2_sa_ff_L2_W64_H2_S11,none,1024,14,sa_ff,2,2,fresh-random,-1.6121749877929688,2,3,0.15523436665534973,2,C2,11,4,0,4,64
C2_sa_ff_L2_W64_H2_S11,shuffled_pairings,1024,14,sa_ff,2,2,fresh-random,-13.084656715393066,2,3,2.076842520182254e-06,3,C2,11,4,0,4,64
C2_sa_ff_L2_W64_H2_S11,shuffled_order,1024,14,sa_ff,2,2,fresh-random,14.462814331054688,2,3,0.9999995231628418,1,C2,11,4,1,4,64
C2_sa_ff_L2_W64_H2_S11,wrong_query,1024,14,sa_ff,2,2,fresh-random,-40.344085693359375,2,3,3.0115100454720606e-18,7,C2,11,4,0,4,64
C2_sa_ff_L2_W64_H2_S11,correct,1024,15,sa_ff,2,2,fresh-random,15.260757446289062,2,3,0.9999997615814209,1,C2,11,3,1,4,64
C2_sa_ff_L2_W64_H2_S11,none,1024,15,sa_ff,2,2,fresh-random,-20.180938720703125,2,3,1.6993085827365917e-09,5,C2,11,3,0,4,64
C2_sa_ff_L2_W64_H2_S11,shuffled_pairings,1024,15,sa_ff,2,2,fresh-random,-47.723793029785156,2,3,1.878536258785554e-21,7,C2,11,3,0,4,64
C2_sa_ff_L2_W64_H2_S11,shuffled_order,1024,15,sa_ff,2,2,fresh-random,17.416309356689453,2,3,1.0,1,C2,11,3,1,4,64
C2_sa_ff_L2_W64_H2_S11,wrong_query,1024,15,sa_ff,2,2,fresh-random,-13.02346420288086,2,3,2.2079016162024345e-06,2,C2,11,3,0,4,64
C2_sa_ff_L2_W64_H2_S11,correct,1024,16,sa_ff,2,2,fresh-random,14.105246543884277,2,3,0.9999992847442627,1,C2,11,3,1,4,64
C2_sa_ff_L2_W64_H2_S11,none,1024,16,sa_ff,2,2,fresh-random,-9.147553443908691,2,3,0.00010638579988153651,3,C2,11,3,0,4,64
C2_sa_ff_L2_W64_H2_S11,shuffled_pairings,1024,16,sa_ff,2,2,fresh-random,-12.662497520446777,2,3,3.167712520735222e-06,2,C2,11,3,0,4,64
C2_sa_ff_L2_W64_H2_S11,shuffled_order,1024,16,sa_ff,2,2,fresh-random,14.105246543884277,2,3,0.9999992847442627,1,C2,11,3,1,4,64
C2_sa_ff_L2_W64_H2_S11,wrong_query,1024,16,sa_ff,2,2,fresh-random,-17.490859985351562,2,3,2.534054210912018e-08,4,C2,11,3,0,4,64
C2_sa_ff_L2_W64_H2_S11,correct,1024,17,sa_ff,2,2,fresh-random,12.357170104980469,2,3,0.9999934434890747,1,C2,11,5,1,4,64
C2_sa_ff_L2_W64_H2_S11,none,1024,17,sa_ff,2,2,fresh-random,6.1087541580200195,2,3,0.9977783560752869,1,C2,11,5,1,4,64
C2_sa_ff_L2_W64_H2_S11,shuffled_pairings,1024,17,sa_ff,2,2,fresh-random,-11.932418823242188,2,3,6.573752216354478e-06,2,C2,11,5,0,4,64
C2_sa_ff_L2_W64_H2_S11,shuffled_order,1024,17,sa_ff,2,2,fresh-random,15.15226936340332,2,3,0.9999995231628418,1,C2,11,5,1,4,64
C2_sa_ff_L2_W64_H2_S11,wrong_query,1024,17,sa_ff,2,2,fresh-random,-22.3040714263916,2,3,2.0580839810158125e-10,5,C2,11,5,0,4,64
C2_sa_ff_L2_W64_H2_S11,correct,1024,18,sa_ff,2,2,fresh-random,12.193382263183594,2,3,0.9999945163726807,1,C2,11,5,1,4,64
C2_sa_ff_L2_W64_H2_S11,none,1024,18,sa_ff,2,2,fresh-random,7.159305572509766,2,3,0.9991156458854675,1,C2,11,5,1,4,64
C2_sa_ff_L2_W64_H2_S11,shuffled_pairings,1024,18,sa_ff,2,2,fresh-random,6.432415962219238,2,3,0.9975563287734985,1,C2,11,5,1,4,64
C2_sa_ff_L2_W64_H2_S11,shuffled_order,1024,18,sa_ff,2,2,fresh-random,11.55337142944336,2,3,0.9999842643737793,1,C2,11,5,1,4,64
C2_sa_ff_L2_W64_H2_S11,wrong_query,1024,18,sa_ff,2,2,fresh-random,-28.107656478881836,2,3,6.208683198637155e-13,6,C2,11,5,0,4,64
C2_sa_ff_L2_W64_H2_S11,correct,1024,19,sa_ff,2,2,fresh-random,19.313100814819336,2,3,1.0,1,C2,11,6,1,4,64
C2_sa_ff_L2_W64_H2_S11,none,1024,19,sa_ff,2,2,fresh-random,-24.77817726135254,2,3,1.712842020995531e-11,6,C2,11,6,0,4,64
C2_sa_ff_L2_W64_H2_S11,shuffled_pairings,1024,19,sa_ff,2,2,fresh-random,-12.700272560119629,2,3,3.050283567063161e-06,2,C2,11,6,0,4,64
C2_sa_ff_L2_W64_H2_S11,shuffled_order,1024,19,sa_ff,2,2,fresh-random,19.313100814819336,2,3,1.0,1,C2,11,6,1,4,64
C2_sa_ff_L2_W64_H2_S11,wrong_query,1024,19,sa_ff,2,2,fresh-random,-25.141223907470703,2,3,1.2058797536906862e-11,6,C2,11,6,0,4,64
C2_sa_ff_L2_W64_H2_S11,correct,1024,20,sa_ff,2,2,fresh-random,16.644115447998047,2,3,0.9999998807907104,1,C2,11,5,1,4,64
C2_sa_ff_L2_W64_H2_S11,none,1024,20,sa_ff,2,2,fresh-random,-4.40876579284668,2,3,0.012023755349218845,2,C2,11,5,0,4,64
C2_sa_ff_L2_W64_H2_S11,shuffled_pairings,1024,20,sa_ff,2,2,fresh-random,-18.009328842163086,2,3,1.5088552629549667e-08,3,C2,11,5,0,4,64
C2_sa_ff_L2_W64_H2_S11,shuffled_order,1024,20,sa_ff,2,2,fresh-random,16.398365020751953,2,3,0.9999998807907104,1,C2,11,5,1,4,64
C2_sa_ff_L2_W64_H2_S11,wrong_query,1024,20,sa_ff,2,2,fresh-random,-18.663347244262695,2,3,7.845318172883253e-09,4,C2,11,5,0,4,64
C2_sa_ff_L2_W64_H2_S11,correct,1024,21,sa_ff,2,2,fresh-random,13.63780403137207,2,3,0.9999988079071045,1,C2,11,4,1,4,64
C2_sa_ff_L2_W64_H2_S11,none,1024,21,sa_ff,2,2,fresh-random,-7.159305572509766,2,3,0.0007769067888148129,2,C2,11,4,0,4,64
C2_sa_ff_L2_W64_H2_S11,shuffled_pairings,1024,21,sa_ff,2,2,fresh-random,-9.383760452270508,2,3,7.101275696186349e-05,3,C2,11,4,0,4,64
C2_sa_ff_L2_W64_H2_S11,shuffled_order,1024,21,sa_ff,2,2,fresh-random,15.779191017150879,2,3,0.9999998807907104,1,C2,11,4,1,4,64
C2_sa_ff_L2_W64_H2_S11,wrong_query,1024,21,sa_ff,2,2,fresh-random,-13.198007583618164,2,3,1.8542882571637165e-06,2,C2,11,4,0,4,64
C2_sa_ff_L2_W64_H2_S11,correct,1024,22,sa_ff,2,2,fresh-random,11.61777114868164,2,3,0.9999865293502808,1,C2,11,6,1,4,64
C2_sa_ff_L2_W64_H2_S11,none,1024,22,sa_ff,2,2,fresh-random,-7.988583564758301,2,3,0.0002640881575644016,4,C2,11,6,0,4,64
C2_sa_ff_L2_W64_H2_S11,shuffled_pairings,1024,22,sa_ff,2,2,fresh-random,-13.452234268188477,2,3,1.4380317452378222e-06,2,C2,11,6,0,4,64
C2_sa_ff_L2_W64_H2_S11,shuffled_order,1024,22,sa_ff,2,2,fresh-random,12.255826950073242,2,3,0.999994158744812,1,C2,11,6,1,4,64
C2_sa_ff_L2_W64_H2_S11,wrong_query,1024,22,sa_ff,2,2,fresh-random,-18.874645233154297,2,3,6.35105390500712e-09,4,C2,11,6,0,4,64
C2_sa_ff_L2_W64_H2_S11,correct,1024,23,sa_ff,2,2,fresh-random,17.3419189453125,2,3,1.0,1,C2,11,6,1,4,64
C2_sa_ff_L2_W64_H2_S11,none,1024,23,sa_ff,2,2,fresh-random,-14.625438690185547,2,3,4.4390151288098423e-07,4,C2,11,6,0,4,64
C2_sa_ff_L2_W64_H2_S11,shuffled_pairings,1024,23,sa_ff,2,2,fresh-random,-2.5675439834594727,2,3,0.07066308706998825,2,C2,11,6,0,4,64
C2_sa_ff_L2_W64_H2_S11,shuffled_order,1024,23,sa_ff,2,2,fresh-random,17.3419189453125,2,3,1.0,1,C2,11,6,1,4,64
C2_sa_ff_L2_W64_H2_S11,wrong_query,1024,23,sa_ff,2,2,fresh-random,-14.38869571685791,2,3,5.637268714053789e-07,2,C2,11,6,0,4,64
C2_sa_ff_L2_W64_H2_S11,correct,1024,24,sa_ff,2,2,fresh-random,11.704712867736816,2,3,0.999991774559021,1,C2,11,3,1,4,64
C2_sa_ff_L2_W64_H2_S11,none,1024,24,sa_ff,2,2,fresh-random,-2.4671707153320312,2,3,0.06601884216070175,3,C2,11,3,0,4,64
C2_sa_ff_L2_W64_H2_S11,shuffled_pairings,1024,24,sa_ff,2,2,fresh-random,-18.66317367553711,2,3,7.846682414935913e-09,3,C2,11,3,0,4,64
C2_sa_ff_L2_W64_H2_S11,shuffled_order,1024,24,sa_ff,2,2,fresh-random,11.704712867736816,2,3,0.999991774559021,1,C2,11,3,1,4,64
C2_sa_ff_L2_W64_H2_S11,wrong_query,1024,24,sa_ff,2,2,fresh-random,-48.14070129394531,2,3,1.2381086331812782e-21,7,C2,11,3,0,4,64
C2_sa_ff_L2_W64_H2_S11,correct,1024,25,sa_ff,2,2,fresh-random,12.926608085632324,2,3,0.9999973773956299,1,C2,11,4,1,4,64
C2_sa_ff_L2_W64_H2_S11,none,1024,25,sa_ff,2,2,fresh-random,-6.1087541580200195,2,3,0.00221837917342782,2,C2,11,4,0,4,64
C2_sa_ff_L2_W64_H2_S11,shuffled_pairings,1024,25,sa_ff,2,2,fresh-random,-17.051982879638672,2,3,3.930228942294889e-08,2,C2,11,4,0,4,64
C2_sa_ff_L2_W64_H2_S11,shuffled_order,1024,25,sa_ff,2,2,fresh-random,14.437689781188965,2,3,0.9999994039535522,1,C2,11,4,1,4,64
C2_sa_ff_L2_W64_H2_S11,wrong_query,1024,25,sa_ff,2,2,fresh-random,-12.977790832519531,2,3,2.3110787878977135e-06,2,C2,11,4,0,4,64
C2_sa_ff_L2_W64_H2_S11,correct,1024,26,sa_ff,2,2,fresh-random,13.025941848754883,2,3,0.9999977350234985,1,C2,11,4,1,4,64
C2_sa_ff_L2_W64_H2_S11,none,1024,26,sa_ff,2,2,fresh-random,-1.6121749877929688,2,3,0.15523436665534973,2,C2,11,4,0,4,64
C2_sa_ff_L2_W64_H2_S11,shuffled_pairings,1024,26,sa_ff,2,2,fresh-random,-12.716547966003418,2,3,3.0010398859303677e-06,2,C2,11,4,0,4,64
C2_sa_ff_L2_W64_H2_S11,shuffled_order,1024,26,sa_ff,2,2,fresh-random,14.549864768981934,2,3,0.9999995231628418,1,C2,11,4,1,4,64
C2_sa_ff_L2_W64_H2_S11,wrong_query,1024,26,sa_ff,2,2,fresh-random,-20.11062240600586,2,3,1.8452986916273062e-09,3,C2,11,4,0,4,64
C2_sa_ff_L2_W64_H2_S11,correct,1024,27,sa_ff,2,2,fresh-random,11.55858039855957,2,3,0.9999902248382568,1,C2,11,3,1,4,64
C2_sa_ff_L2_W64_H2_S11,none,1024,27,sa_ff,2,2,fresh-random,-20.180938720703125,2,3,1.6993085827365917e-09,5,C2,11,3,0,4,64
C2_sa_ff_L2_W64_H2_S11,shuffled_pairings,1024,27,sa_ff,2,2,fresh-random,-0.1446704864501953,2,3,0.4357989430427551,2,C2,11,3,0,4,64
C2_sa_ff_L2_W64_H2_S11,shuffled_order,1024,27,sa_ff,2,2,fresh-random,11.55858039855957,2,3,0.9999902248382568,1,C2,11,3,1,4,64
C2_sa_ff_L2_W64_H2_S11,wrong_query,1024,27,sa_ff,2,2,fresh-random,-52.639225006103516,2,3,1.3774505369899445e-23,7,C2,11,3,0,4,64
C2_sa_ff_L2_W64_H2_S11,correct,1024,28,sa_ff,2,2,fresh-random,17.7896728515625,2,3,1.0,1,C2,11,3,1,4,64
C2_sa_ff_L2_W64_H2_S11,none,1024,28,sa_ff,2,2,fresh-random,-9.147553443908691,2,3,0.00010638579988153651,3,C2,11,3,0,4,64
C2_sa_ff_L2_W64_H2_S11,shuffled_pairings,1024,28,sa_ff,2,2,fresh-random,1.6933889389038086,2,3,0.8446014523506165,1,C2,11,3,1,4,64
C2_sa_ff_L2_W64_H2_S11,shuffled_order,1024,28,sa_ff,2,2,fresh-random,16.682743072509766,2,3,1.0,1,C2,11,3,1,4,64
C2_sa_ff_L2_W64_H2_S11,wrong_query,1024,28,sa_ff,2,2,fresh-random,-16.76385498046875,2,3,5.24263050749596e-08,3,C2,11,3,0,4,64
C2_sa_ff_L2_W64_H2_S11,correct,1024,29,sa_ff,2,2,fresh-random,12.600091934204102,2,3,0.9999942779541016,1,C2,11,5,1,4,64
C2_sa_ff_L2_W64_H2_S11,none,1024,29,sa_ff,2,2,fresh-random,6.1087541580200195,2,3,0.9977783560752869,1,C2,11,5,1,4,64
C2_sa_ff_L2_W64_H2_S11,shuffled_pairings,1024,29,sa_ff,2,2,fresh-random,-17.941415786743164,2,3,1.6148868908771874e-08,2,C2,11,5,0,4,64
C2_sa_ff_L2_W64_H2_S11,shuffled_order,1024,29,sa_ff,2,2,fresh-random,15.516018867492676,2,3,0.9999997615814209,1,C2,11,5,1,4,64
C2_sa_ff_L2_W64_H2_S11,wrong_query,1024,29,sa_ff,2,2,fresh-random,-22.46060562133789,2,3,1.7598743295987873e-10,5,C2,11,5,0,4,64
C2_sa_ff_L2_W64_H2_S11,correct,1024,30,sa_ff,2,2,fresh-random,12.193382263183594,2,3,0.9999945163726807,1,C2,11,5,1,4,64
C2_sa_ff_L2_W64_H2_S11,none,1024,30,sa_ff,2,2,fresh-random,7.159305572509766,2,3,0.9991156458854675,1,C2,11,5,1,4,64
C2_sa_ff_L2_W64_H2_S11,shuffled_pairings,1024,30,sa_ff,2,2,fresh-random,-13.92989730834961,2,3,8.91911952294322e-07,2,C2,11,5,0,4,64
C2_sa_ff_L2_W64_H2_S11,shuffled_order,1024,30,sa_ff,2,2,fresh-random,13.079867362976074,2,3,0.9999970197677612,1,C2,11,5,1,4,64
C2_sa_ff_L2_W64_H2_S11,wrong_query,1024,30,sa_ff,2,2,fresh-random,-28.107656478881836,2,3,6.208683198637155e-13,6,C2,11,5,0,4,64
C2_sa_ff_L2_W64_H2_S11,correct,1024,31,sa_ff,2,2,fresh-random,18.386253356933594,2,3,1.0,1,C2,11,6,1,4,64
C2_sa_ff_L2_W64_H2_S11,none,1024,31,sa_ff,2,2,fresh-random,-24.77817726135254,2,3,1.712842020995531e-11,6,C2,11,6,0,4,64
C2_sa_ff_L2_W64_H2_S11,shuffled_pairings,1024,31,sa_ff,2,2,fresh-random,-18.049531936645508,2,3,1.4493980238228232e-08,4,C2,11,6,0,4,64
C2_sa_ff_L2_W64_H2_S11,shuffled_order,1024,31,sa_ff,2,2,fresh-random,13.206318855285645,2,3,0.9999973773956299,1,C2,11,6,1,4,64
C2_sa_ff_L2_W64_H2_S11,wrong_query,1024,31,sa_ff,2,2,fresh-random,-15.624439239501953,2,3,1.638295685779667e-07,4,C2,11,6,0,4,64
C2_sa_ff_L2_W64_H2_S11,correct,1024,32,sa_ff,2,2,fresh-random,17.615724563598633,2,3,1.0,1,C2,11,5,1,4,64
C2_sa_ff_L2_W64_H2_S11,none,1024,32,sa_ff,2,2,fresh-random,-4.40876579284668,2,3,0.012023755349218845,2,C2,11,5,0,4,64
C2_sa_ff_L2_W64_H2_S11,shuffled_pairings,1024,32,sa_ff,2,2,fresh-random,-24.09860610961914,2,3,3.420651262242558e-11,5,C2,11,5,0,4,64
C2_sa_ff_L2_W64_H2_S11,shuffled_order,1024,32,sa_ff,2,2,fresh-random,13.632121086120605,2,3,0.9999985694885254,1,C2,11,5,1,4,64
C2_sa_ff_L2_W64_H2_S11,wrong_query,1024,32,sa_ff,2,2,fresh-random,-29.642719268798828,2,3,1.3376080028760368e-13,6,C2,11,5,0,4,64
C2_sa_ff_L2_W64_H2_S11,correct,1024,33,sa_ff,2,2,fresh-random,14.892354011535645,2,3,0.9999996423721313,1,C2,11,4,1,4,64
C2_sa_ff_L2_W64_H2_S11,none,1024,33,sa_ff,2,2,fresh-random,-7.159305572509766,2,3,0.0007769067888148129,2,C2,11,4,0,4,64
C2_sa_ff_L2_W64_H2_S11,shuffled_pairings,1024,33,sa_ff,2,2,fresh-random,-20.32391357421875,2,3,1.4908515533207378e-09,4,C2,11,4,0,4,64
C2_sa_ff_L2_W64_H2_S11,shuffled_order,1024,33,sa_ff,2,2,fresh-random,14.085342407226562,2,3,0.9999992847442627,1,C2,11,4,1,4,64
C2_sa_ff_L2_W64_H2_S11,wrong_query,1024,33,sa_ff,2,2,fresh-random,-12.916481018066406,2,3,2.4572038910264382e-06,2,C2,11,4,0,4,64
C2_sa_ff_L2_W64_H2_S11,correct,1024,34,sa_ff,2,2,fresh-random,12.723287582397461,2,3,0.9999958276748657,1,C2,11,6,1,4,64
C2_sa_ff_L2_W64_H2_S11,none,1024,34,sa_ff,2,2,fresh-random,-7.988583564758301,2,3,0.0002640881575644016,4,C2,11,6,0,4,64
C2_sa_ff_L2_W64_H2_S11,shuffled_pairings,1024,34,sa_ff,2,2,fresh-random,-4.361851692199707,2,3,0.007491764612495899,4,C2,11,6,0,4,64
C2_sa_ff_L2_W64_H2_S11,shuffled_order,1024,34,sa_ff,2,2,fresh-random,12.774999618530273,2,3,0.9999958276748657,1,C2,11,6,1,4,64
C2_sa_ff_L2_W64_H2_S11,wrong_query,1024,34,sa_ff,2,2,fresh-random,-13.305889129638672,2,3,1.6646503127049073e-06,4,C2,11,6,0,4,64
C2_sa_ff_L2_W64_H2_S11,correct,1024,35,sa_ff,2,2,fresh-random,19.419879913330078,2,3,1.0,1,C2,11,6,1,4,64
C2_sa_ff_L2_W64_H2_S11,none,1024,35,sa_ff,2,2,fresh-random,-14.625438690185547,2,3,4.4390151288098423e-07,4,C2,11,6,0,4,64
C2_sa_ff_L2_W64_H2_S11,shuffled_pairings,1024,35,sa_ff,2,2,fresh-random,-2.766718864440918,2,3,0.05902831628918648,2,C2,11,6,0,4,64
C2_sa_ff_L2_W64_H2_S11,shuffled_order,1024,35,sa_ff,2,2,fresh-random,19.240692138671875,2,3,1.0,1,C2,11,6,1,4,64
C2_sa_ff_L2_W64_H2_S11,wrong_query,1024,35,sa_ff,2,2,fresh-random,-11.287675857543945,2,3,1.2526195860118605e-05,2,C2,11,6,0,4,64
C2_sa_ff_L2_W64_H2_S11,correct,1024,36,sa_ff,2,2,fresh-random,13.009143829345703,2,3,0.9999946355819702,1,C2,11,3,1,4,64
C2_sa_ff_L2_W64_H2_S11,none,1024,36,sa_ff,2,2,fresh-random,-2.4671707153320312,2,3,0.06601884216070175,3,C2,11,3,0,4,64
C2_sa_ff_L2_W64_H2_S11,shuffled_pairings,1024,36,sa_ff,2,2,fresh-random,-17.21320915222168,2,3,3.34501422116773e-08,3,C2,11,3,0,4,64
C2_sa_ff_L2_W64_H2_S11,shuffled_order,1024,36,sa_ff,2,2,fresh-random,13.135554313659668,2,3,0.9999979734420776,1,C2,11,3,1,4,64
C2_sa_ff_L2_W64_H2_S11,wrong_query,1024,36,sa_ff,2,2,fresh-random,-17.966419219970703,2,3,1.575010344367911e-08,3,C2,11,3,0,4,64
C2_sa_ff_L2_W64_H2_S11,correct,1024,37,sa_ff,2,2,fresh-random,12.745979309082031,2,3,0.9999970197677612,1,C2,11,4,1,4,64
C2_sa_ff_L2_W64_H2_S11,none,1024,37,sa_ff,2,2,fresh-random,-6.1087541580200195,2,3,0.00221837917342782,2,C2,11,4,0,4,64
C2_sa_ff_L2_W64_H2_S11,shuffled_pairings,1024,37,sa_ff,2,2,fresh-random,-14.473947525024414,2,3,5.176589183975011e-07,3,C2,11,4,0,4,64
C2_sa_ff_L2_W64_H2_S11,shuffled_order,1024,37,sa_ff,2,2,fresh-random,12.745979309082031,2,3,0.9999970197677612,1,C2,11,4,1,4,64
C2_sa_ff_L2_W64_H2_S11,wrong_query,1024,37,sa_ff,2,2,fresh-random,-15.530434608459473,2,3,1.7997642487443954e-07,4,C2,11,4,0,4,64
C2_sa_ff_L2_W64_H2_S11,correct,1024,38,sa_ff,2,2,fresh-random,15.563751220703125,2,3,0.9999998807907104,1,C2,11,4,1,4,64
C2_sa_ff_L2_W64_H2_S11,none,1024,38,sa_ff,2,2,fresh-random,-1.6121749877929688,2,3,0.15523436665534973,2,C2,11,4,0,4,64
C2_sa_ff_L2_W64_H2_S11,shuffled_pairings,1024,38,sa_ff,2,2,fresh-random,-13.45425033569336,2,3,1.4351354593600263e-06,2,C2,11,4,0,4,64
C2_sa_ff_L2_W64_H2_S11,shuffled_order,1024,38,sa_ff,2,2,fresh-random,13.239277839660645,2,3,0.9999982118606567,1,C2,11,4,1,4,64
C2_sa_ff_L2_W64_H2_S11,wrong_query,1024,38,sa_ff,2,2,fresh-random,-44.397239685058594,2,3,5.230266244347062e-20,7,C2,11,4,0,4,64
C2_sa_ff_L2_W64_H2_S11,correct,1024,39,sa_ff,2,2,fresh-random,11.26495361328125,2,3,0.9999852180480957,1,C2,11,3,1,4,64
C2_sa_ff_L2_W64_H2_S11,none,1024,39,sa_ff,2,2,fresh-random,-20.180938720703125,2,3,1.6993085827365917e-09,5,C2,11,3,0,4,64
C2_sa_ff_L2_W64_H2_S11,shuffled_pairings,1024,39,sa_ff,2,2,fresh-random,-13.77345085144043,2,3,1.0429548638057895e-06,2,C2,11,3,0,4,64
C2_sa_ff_L2_W64_H2_S11,shuffled_order,1024,39,sa_ff,2,2,fresh-random,12.686574935913086,2,3,0.9999955892562866,1,C2,11,3,1,4,64
C2_sa_ff_L2_W64_H2_S11,wrong_query,1024,39,sa_ff,2,2,fresh-random,-12.556880950927734,2,3,3.5205791846237844e-06,2,C2,11,3,0,4,64
C2_sa_ff_L2_W64_H2_S11,correct,1024,40,sa_ff,2,2,fresh-random,12.170416831970215,2,3,0.9999948740005493,1,C2,11,3,1,4,64
C2_sa_ff_L2_W64_H2_S11,none,1024,40,sa_ff,2,2,fresh-random,-9.147553443908691,2,3,0.00010638579988153651,3,C2,11,3,0,4,64
C2_sa_ff_L2_W64_H2_S11,shuffled_pairings,1024,40,sa_ff,2,2,fresh-random,-11.48425006866455,2,3,1.029072609526338e-05,2,C2,11,3,0,4,64
C2_sa_ff_L2_W64_H2_S11,shuffled_order,1024,40,sa_ff,2,2,fresh-random,15.634943008422852,2,3,0.9999998807907104,1,C2,11,3,1,4,64
C2_sa_ff_L2_W64_H2_S11,wrong_query,1024,40,sa_ff,2,2,fresh-random,-16.932090759277344,2,3,4.4308354318900456e-08,3,C2,11,3,0,4,64
C2_sa_ff_L2_W64_H2_S11,correct,1024,41,sa_ff,2,2,fresh-random,13.646913528442383,2,3,0.9999983310699463,1,C2,11,5,1,4,64
C2_sa_ff_L2_W64_H2_S11,none,1024,41,sa_ff,2,2,fresh-random,6.1087541580200195,2,3,0.9977783560752869,1,C2,11,5,1,4,64
C2_sa_ff_L2_W64_H2_S11,shuffled_pairings,1024,41,sa_ff,2,2,fresh-random,-0.5057640075683594,2,3,0.37595951557159424,2,C2,11,5,0,4,64
C2_sa_ff_L2_W64_H2_S11,shuffled_order,1024,41,sa_ff,2,2,fresh-random,10.475154876708984,2,3,0.9999709129333496,1,C2,11,5,1,4,64
C2_sa_ff_L2_W64_H2_S11,wrong_query,1024,41,sa_ff,2,2,fresh-random,-10.875127792358398,2,3,1.892272302939091e-05,2,C2,11,5,0,4,64
C2_sa_ff_L2_W64_H2_S11,correct,1024,42,sa_ff,2,2,fresh-random,13.499042510986328,2,3,0.9999982118606567,1,C2,11,5,1,4,64
C2_sa_ff_L2_W64_H2_S11,none,1024,42,sa_ff,2,2,fresh-random,7.159305572509766,2,3,0.9991156458854675,1,C2,11,5,1,4,64
C2_sa_ff_L2_W64_H2_S11,shuffled_pairings,1024,42,sa_ff,2,2,fresh-random,-16.78072166442871,2,3,5.154960547315568e-08,2,C2,11,5,0,4,64
C2_sa_ff_L2_W64_H2_S11,shuffled_order,1024,42,sa_ff,2,2,fresh-random,13.24419116973877,2,3,0.9999978542327881,1,C2,11,5,1,4,64
C2_sa_ff_L2_W64_H2_S11,wrong_query,1024,42,sa_ff,2,2,fresh-random,-11.273138999938965,2,3,1.2709580914815888e-05,2,C2,11,5,0,4,64
C2_sa_ff_L2_W64_H2_S11,correct,1024,43,sa_ff,2,2,fresh-random,16.644737243652344,2,3,1.0,1,C2,11,6,1,4,64
C2_sa_ff_L2_W64_H2_S11,none,1024,43,sa_ff,2,2,fresh-random,-24.77817726135254,2,3,1.712842020995531e-11,6,C2,11,6,0,4,64
C2_sa_ff_L2_W64_H2_S11,shuffled_pairings,1024,43,sa_ff,2,2,fresh-random,-7.26986026763916,2,3,0.0006951869581826031,3,C2,11,6,0,4,64
C2_sa_ff_L2_W64_H2_S11,shuffled_order,1024,43,sa_ff,2,2,fresh-random,16.805908203125,2,3,1.0,1,C2,11,6,1,4,64
C2_sa_ff_L2_W64_H2_S11,wrong_query,1024,43,sa_ff,2,2,fresh-random,-18.036561965942383,2,3,1.4683203986010085e-08,3,C2,11,6,0,4,64
C2_sa_ff_L2_W64_H2_S11,correct,1024,44,sa_ff,2,2,fresh-random,12.076349258422852,2,3,0.999994158744812,1,C2,11,5,1,4,64
C2_sa_ff_L2_W64_H2_S11,none,1024,44,sa_ff,2,2,fresh-random,-4.40876579284668,2,3,0.012023755349218845,2,C2,11,5,0,4,64
C2_sa_ff_L2_W64_H2_S11,shuffled_pairings,1024,44,sa_ff,2,2,fresh-random,-25.11110496520996,2,3,1.2427562451344798e-11,4,C2,11,5,0,4,64
C2_sa_ff_L2_W64_H2_S11,shuffled_order,1024,44,sa_ff,2,2,fresh-random,16.30178451538086,2,3,0.9999998807907104,1,C2,11,5,1,4,64
C2_sa_ff_L2_W64_H2_S11,wrong_query,1024,44,sa_ff,2,2,fresh-random,-14.062461853027344,2,3,7.81178073339106e-07,2,C2,11,5,0,4,64
C2_sa_ff_L2_W64_H2_S11,correct,1024,45,sa_ff,2,2,fresh-random,16.28277587890625,2,3,0.9999998807907104,1,C2,11,4,1,4,64
C2_sa_ff_L2_W64_H2_S11,none,1024,45,sa_ff,2,2,fresh-random,-7.159305572509766,2,3,0.0007769067888148129,2,C2,11,4,0,4,64
C2_sa_ff_L2_W64_H2_S11,shuffled_pairings,1024,45,sa_ff,2,2,fresh-random,-21.196369171142578,2,3,6.230623794678536e-10,4,C2,11,4,0,4,64
C2_sa_ff_L2_W64_H2_S11,shuffled_order,1024,45,sa_ff,2,2,fresh-random,12.786493301391602,2,3,0.9999972581863403,1,C2,11,4,1,4,64
C2_sa_ff_L2_W64_H2_S11,wrong_query,1024,45,sa_ff,2,2,fresh-random,-11.14613151550293,2,3,1.443078235752182e-05,2,C2,11,4,0,4,64
C2_sa_ff_L2_W64_H2_S11,correct,1024,46,sa_ff,2,2,fresh-random,12.255826950073242,2,3,0.999994158744812,1,C2,11,6,1,4,64
C2_sa_ff_L2_W64_H2_S11,none,1024,46,sa_ff,2,2,fresh-random,-7.988583564758301,2,3,0.0002640881575644016,4,C2,11,6,0,4,64
C2_sa_ff_L2_W64_H2_S11,shuffled_pairings,1024,46,sa_ff,2,2,fresh-random,-14.592212677001953,2,3,4.599200451593788e-07,2,C2,11,6,0,4,64
C2_sa_ff_L2_W64_H2_S11,shuffled_order,1024,46,sa_ff,2,2,fresh-random,12.51829719543457,2,3,0.9999954700469971,1,C2,11,6,1,4,64
C2_sa_ff_L2_W64_H2_S11,wrong_query,1024,46,sa_ff,2,2,fresh-random,-16.804039001464844,2,3,5.036147143755443e-08,4,C2,11,6,0,4,64
C2_sa_ff_L2_W64_H2_S11,correct,1024,47,sa_ff,2,2,fresh-random,14.657504081726074,2,3,0.9999995231628418,1,C2,11,6,1,4,64
C2_sa_ff_L2_W64_H2_S11,none,1024,47,sa_ff,2,2,fresh-random,-14.625438690185547,2,3,4.4390151288098423e-07,4,C2,11,6,0,4,64
C2_sa_ff_L2_W64_H2_S11,shuffled_pairings,1024,47,sa_ff,2,2,fresh-random,-15.624439239501953,2,3,1.638295685779667e-07,4,C2,11,6,0,4,64
C2_sa_ff_L2_W64_H2_S11,shuffled_order,1024,47,sa_ff,2,2,fresh-random,17.938865661621094,2,3,1.0,1,C2,11,6,1,4,64
C2_sa_ff_L2_W64_H2_S11,wrong_query,1024,47,sa_ff,2,2,fresh-random,-16.95880126953125,2,3,4.3140627070670234e-08,2,C2,11,6,0,4,64
C2_sa_ff_L2_W64_H2_S23,correct,1024,0,sa_ff,2,2,fresh-random,13.224459648132324,2,3,0.9999980926513672,1,C2,23,6,1,4,64
C2_sa_ff_L2_W64_H2_S23,none,1024,0,sa_ff,2,2,fresh-random,-30.757888793945312,2,3,4.3854971601897316e-14,5,C2,23,6,0,4,64
C2_sa_ff_L2_W64_H2_S23,shuffled_pairings,1024,0,sa_ff,2,2,fresh-random,-13.334894180297852,2,3,1.617067482584389e-06,2,C2,23,6,0,4,64
C2_sa_ff_L2_W64_H2_S23,shuffled_order,1024,0,sa_ff,2,2,fresh-random,14.449165344238281,2,3,0.9999995231628418,1,C2,23,6,1,4,64
C2_sa_ff_L2_W64_H2_S23,wrong_query,1024,0,sa_ff,2,2,fresh-random,-23.48248291015625,2,3,6.334142238495488e-11,4,C2,23,6,0,4,64
C2_sa_ff_L2_W64_H2_S23,correct,1024,1,sa_ff,2,2,fresh-random,12.987822532653809,2,3,0.9999967813491821,1,C2,23,3,1,4,64
C2_sa_ff_L2_W64_H2_S23,none,1024,1,sa_ff,2,2,fresh-random,-20.610401153564453,2,3,1.1194448701346005e-09,4,C2,23,3,0,4,64
C2_sa_ff_L2_W64_H2_S23,shuffled_pairings,1024,1,sa_ff,2,2,fresh-random,-15.748636245727539,2,3,1.4469392795035674e-07,3,C2,23,3,0,4,64
C2_sa_ff_L2_W64_H2_S23,shuffled_order,1024,1,sa_ff,2,2,fresh-random,12.987822532653809,2,3,0.9999967813491821,1,C2,23,3,1,4,64
C2_sa_ff_L2_W64_H2_S23,wrong_query,1024,1,sa_ff,2,2,fresh-random,-13.348247528076172,2,3,1.5956186416588025e-06,2,C2,23,3,0,4,64
C2_sa_ff_L2_W64_H2_S23,correct,1024,2,sa_ff,2,2,fresh-random,10.490708351135254,2,3,0.9999722242355347,1,C2,23,5,1,4,64
C2_sa_ff_L2_W64_H2_S23,none,1024,2,sa_ff,2,2,fresh-random,-18.125930786132812,2,3,1.3427482237204913e-08,3,C2,23,5,0,4,64
C2_sa_ff_L2_W64_H2_S23,shuffled_pairings,1024,2,sa_ff,2,2,fresh-random,-17.993968963623047,2,3,1.5322100921366655e-08,2,C2,23,5,0,4,64
C2_sa_ff_L2_W64_H2_S23,shuffled_order,1024,2,sa_ff,2,2,fresh-random,14.773443222045898,2,3,0.9999996423721313,1,C2,23,5,1,4,64
C2_sa_ff_L2_W64_H2_S23,wrong_query,1024,2,sa_ff,2,2,fresh-random,-13.545722961425781,2,3,1.3096841939841397e-06,2,C2,23,5,0,4,64
C2_sa_ff_L2_W64_H2_S23,correct,1024,3,sa_ff,2,2,fresh-random,12.05555534362793,2,3,0.9999936819076538,1,C2,23,4,1,4,64
C2_sa_ff_L2_W64_H2_S23,none,1024,3,sa_ff,2,2,fresh-random,-2.3057641983032227,2,3,0.09064660221338272,2,C2,23,4,0,4,64
C2_sa_ff_L2_W64_H2_S23,shuffled_pairings,1024,3,sa_ff,2,2,fresh-random,-13.326234817504883,2,3,1.6311188346662675e-06,3,C2,23,4,0,4,64
C2_sa_ff_L2_W64_H2_S23,shuffled_order,1024,3,sa_ff,2,2,fresh-random,12.209651947021484,2,3,0.9999911785125732,1,C2,23,4,1,4,64
C2_sa_ff_L2_W64_H2_S23,wrong_query,1024,3,sa_ff,2,2,fresh-random,-22.969470977783203,2,3,1.0579964682122522e-10,3,C2,23,4,0,4,64
C2_sa_ff_L2_W64_H2_S23,correct,1024,4,sa_ff,2,2,fresh-random,11.038466453552246,2,3,0.999983549118042,1,C2,23,5,1,4,64
C2_sa_ff_L2_W64_H2_S23,none,1024,4,sa_ff,2,2,fresh-random,2.3057641983032227,2,3,0.9093523621559143,1,C2,23,5,1,4,64
C2_sa_ff_L2_W64_H2_S23,shuffled_pairings,1024,4,sa_ff,2,2,fresh-random,3.461066246032715,2,3,0.9695585370063782,1,C2,23,5,1,4,64
C2_sa_ff_L2_W64_H2_S23,shuffled_order,1024,4,sa_ff,2,2,fresh-random,11.038466453552246,2,3,0.999983549118042,1,C2,23,5,1,4,64
C2_sa_ff_L2_W64_H2_S23,wrong_query,1024,4,sa_ff,2,2,fresh-random,-24.875354766845703,2,3,1.5731521987860653e-11,4,C2,23,5,0,4,64
C2_sa_ff_L2_W64_H2_S23,correct,1024,5,sa_ff,2,2,fresh-random,14.546360969543457,2,3,0.9999995231628418,1,C2,23,3,1,4,64
C2_sa_ff_L2_W64_H2_S23,none,1024,5,sa_ff,2,2,fresh-random,-18.783491134643555,2,3,6.957187270728582e-09,2,C2,23,3,0,4,64
C2_sa_ff_L2_W64_H2_S23,shuffled_pairings,1024,5,sa_ff,2,2,fresh-random,-15.86489486694336,2,3,1.2881352517979394e-07,4,C2,23,3,0,4,64
C2_sa_ff_L2_W64_H2_S23,shuffled_order,1024,5,sa_ff,2,2,fresh-random,13.323419570922852,2,3,0.9999978542327881,1,C2,23,3,1,4,64
C2_sa_ff_L2_W64_H2_S23,wrong_query,1024,5,sa_ff,2,2,fresh-random,-20.564022064208984,2,3,1.1726045689997022e-09,5,C2,23,3,0,4,64
C2_sa_ff_L2_W64_H2_S23,correct,1024,6,sa_ff,2,2,fresh-random,14.455375671386719,2,3,0.9999994039535522,1,C2,23,3,1,4,64
C2_sa_ff_L2_W64_H2_S23,none,1024,6,sa_ff,2,2,fresh-random,-2.9737625122070312,2,3,0.04824279993772507,2,C2,23,3,0,4,64
C2_sa_ff_L2_W64_H2_S23,shuffled_pairings,1024,6,sa_ff,2,2,fresh-random,-5.674612045288086,2,3,0.0034180639777332544,2,C2,23,3,0,4,64
C2_sa_ff_L2_W64_H2_S23,shuffled_order,1024,6,sa_ff,2,2,fresh-random,9.969289779663086,2,3,0.9999527931213379,1,C2,23,3,1,4,64
C2_sa_ff_L2_W64_H2_S23,wrong_query,1024,6,sa_ff,2,2,fresh-random,-22.45807456970215,2,3,1.7643361771568777e-10,6,C2,23,3,0,4,64
C2_sa_ff_L2_W64_H2_S23,correct,1024,7,sa_ff,2,2,fresh-random,9.592602729797363,2,3,0.999931812286377,1,C2,23,4,1,4,64
C2_sa_ff_L2_W64_H2_S23,none,1024,7,sa_ff,2,2,fresh-random,-11.921760559082031,2,3,6.2714252635487355e-06,5,C2,23,4,0,4,64
C2_sa_ff_L2_W64_H2_S23,shuffled_pairings,1024,7,sa_ff,2,2,fresh-random,-6.02348518371582,2,3,0.0024119385052472353,2,C2,23,4,0,4,64
C2_sa_ff_L2_W64_H2_S23,shuffled_order,1024,7,sa_ff,2,2,fresh-random,9.592602729797363,2,3,0.999931812286377,1,C2,23,4,1,4,64
C2_sa_ff_L2_W64_H2_S23,wrong_query,1024,7,sa_ff,2,2,fresh-random,-25.14244842529297,2,3,1.2044072336681033e-11,3,C2,23,4,0,4,64
C2_sa_ff_L2_W64_H2_S23,correct,1024,8,sa_ff,2,2,fresh-random,14.449067115783691,2,3,0.9999994039535522,1,C2,23,5,1,4,64
C2_sa_ff_L2_W64_H2_S23,none,1024,8,sa_ff,2,2,fresh-random,-25.721946716308594,2,3,6.746839198434884e-12,3,C2,23,5,0,4,64
C2_sa_ff_L2_W64_H2_S23,shuffled_pairings,1024,8,sa_ff,2,2,fresh-random,3.45040225982666,2,3,0.9682031273841858,1,C2,23,5,1,4,64
C2_sa_ff_L2_W64_H2_S23,shuffled_order,1024,8,sa_ff,2,2,fresh-random,12.533374786376953,2,3,0.9999959468841553,1,C2,23,5,1,4,64
C2_sa_ff_L2_W64_H2_S23,wrong_query,1024,8,sa_ff,2,2,fresh-random,-11.110589981079102,2,3,1.4952771380194463e-05,2,C2,23,5,0,4,64
C2_sa_ff_L2_W64_H2_S23,correct,1024,9,sa_ff,2,2,fresh-random,18.065349578857422,2,3,1.0,1,C2,23,6,1,4,64
C2_sa_ff_L2_W64_H2_S23,none,1024,9,sa_ff,2,2,fresh-random,2.9737625122070312,2,3,0.9438894391059875,1,C2,23,6,1,4,64
C2_sa_ff_L2_W64_H2_S23,shuffled_pairings,1024,9,sa_ff,2,2,fresh-random,-12.253604888916016,2,3,4.767869540955871e-06,2,C2,23,6,0,4,64
C2_sa_ff_L2_W64_H2_S23,shuffled_order,1024,9,sa_ff,2,2,fresh-random,13.122960090637207,2,3,0.9999979734420776,1,C2,23,6,1,4,64
C2_sa_ff_L2_W64_H2_S23,wrong_query,1024,9,sa_ff,2,2,fresh-random,-60.30556869506836,2,3,6.450973222947e-27,7,C2,23,6,0,4,64
C2_sa_ff_L2_W64_H2_S23,correct,1024,10,sa_ff,2,2,fresh-random,13.61125373840332,2,3,0.9999985694885254,1,C2,23,6,1,4,64
C2_sa_ff_L2_W64_H2_S23,none,1024,10,sa_ff,2,2,fresh-random,-18.711524963378906,2,3,6.798611451586112e-09,5,C2,23,6,0,4,64
C2_sa_ff_L2_W64_H2_S23,shuffled_pairings,1024,10,sa_ff,2,2,fresh-random,-21.205440521240234,2,3,6.174379896251025e-10,4,C2,23,6,0,4,64
C2_sa_ff_L2_W64_H2_S23,shuffled_order,1024,10,sa_ff,2,2,fresh-random,12.909095764160156,2,3,0.9999973773956299,1,C2,23,6,1,4,64
C2_sa_ff_L2_W64_H2_S23,wrong_query,1024,10,sa_ff,2,2,fresh-random,-14.533970832824707,2,3,4.875017225458578e-07,2,C2,23,6,0,4,64
C2_sa_ff_L2_W64_H2_S23,correct,1024,11,sa_ff,2,2,fresh-random,13.073663711547852,2,3,0.9999978542327881,1,C2,23,4,1,4,64
C2_sa_ff_L2_W64_H2_S23,none,1024,11,sa_ff,2,2,fresh-random,10.368995666503906,2,3,0.9999686479568481,1,C2,23,4,1,4,64
C2_sa_ff_L2_W64_H2_S23,shuffled_pairings,1024,11,sa_ff,2,2,fresh-random,-29.44379234313965,2,3,1.6320122607927506e-13,6,C2,23,4,0,4,64
C2_sa_ff_L2_W64_H2_S23,shuffled_order,1024,11,sa_ff,2,2,fresh-random,13.073663711547852,2,3,0.9999978542327881,1,C2,23,4,1,4,64
C2_sa_ff_L2_W64_H2_S23,wrong_query,1024,11,sa_ff,2,2,fresh-random,-18.707578659057617,2,3,7.505883026226456e-09,3,C2,23,4,0,4,64
C2_sa_ff_L2_W64_H2_S23,correct,1024,12,sa_ff,2,2,fresh-random,9.558808326721191,2,3,0.9999294281005859,1,C2,23,6,1,4,64
C2_sa_ff_L2_W64_H2_S23,none,1024,12,sa_ff,2,2,fresh-random,-30.757888793945312,2,3,4.3854971601897316e-14,5,C2,23,6,0,4,64
C2_sa_ff_L2_W64_H2_S23,shuffled_pairings,1024,12,sa_ff,2,2,fresh-random,-9.181787490844727,2,3,0.00010288583143847063,2,C2,23,6,0,4,64
C2_sa_ff_L2_W64_H2_S23,shuffled_order,1024,12,sa_ff,2,2,fresh-random,9.558808326721191,2,3,0.9999294281005859,1,C2,23,6,1,4,64
C2_sa_ff_L2_W64_H2_S23,wrong_query,1024,12,sa_ff,2,2,fresh-random,-29.147510528564453,2,3,2.1948107665082511e-13,6,C2,23,6,0,4,64
C2_sa_ff_L2_W64_H2_S23,correct,1024,13,sa_ff,2,2,fresh-random,11.23832893371582,2,3,0.9999862909317017,1,C2,23,3,1,4,64
C2_sa_ff_L2_W64_H2_S23,none,1024,13,sa_ff,2,2,fresh-random,-20.610401153564453,2,3,1.1194448701346005e-09,4,C2,23,3,0,4,64
C2_sa_ff_L2_W64_H2_S23,shuffled_pairings,1024,13,sa_ff,2,2,fresh-random,-8.271805763244629,2,3,0.0002553714148234576,3,C2,23,3,0,4,64
C2_sa_ff_L2_W64_H2_S23,shuffled_order,1024,13,sa_ff,2,2,fresh-random,15.256507873535156,2,3,0.9999997615814209,1,C2,23,3,1,4,64
C2_sa_ff_L2_W64_H2_S23,wrong_query,1024,13,sa_ff,2,2,fresh-random,-20.564035415649414,2,3,1.1725890258773575e-09,5,C2,23,3,0,4,64
C2_sa_ff_L2_W64_H2_S23,correct,1024,14,sa_ff,2,2,fresh-random,15.939994812011719,2,3,0.9999998807907104,1,C2,23,5,1,4,64
C2_sa_ff_L2_W64_H2_S23,none,1024,14,sa_ff,2,2,fresh-random,-18.125930786132812,2,3,1.3427482237204913e-08,3,C2,23,5,0,4,64
C2_sa_ff_L2_W64_H2_S23,shuffled_pairings,1024,14,sa_ff,2,2,fresh-random,-0.5094413757324219,2,3,0.375324010848999,2,C2,23,5,0,4,64
C2_sa_ff_L2_W64_H2_S23,shuffled_order,1024,14,sa_ff,2,2,fresh-random,12.004984855651855,2,3,0.9999938011169434,1,C2,23,5,1,4,64
C2_sa_ff_L2_W64_H2_S23,wrong_query,1024,14,sa_ff,2,2,fresh-random,-12.909098625183105,2,3,2.4754187961661955e-06,2,C2,23,5,0,4,64
C2_sa_ff_L2_W64_H2_S23,correct,1024,15,sa_ff,2,2,fresh-random,11.110142707824707,2,3,0.9999754428863525,1,C2,23,4,1,4,64
C2_sa_ff_L2_W64_H2_S23,none,1024,15,sa_ff,2,2,fresh-random,-2.3057641983032227,2,3,0.09064660221338272,2,C2,23,4,0,4,64
C2_sa_ff_L2_W64_H2_S23,shuffled_pairings,1024,15,sa_ff,2,2,fresh-random,2.787933349609375,2,3,0.9279330968856812,1,C2,23,4,1,4,64
C2_sa_ff_L2_W64_H2_S23,shuffled_order,1024,15,sa_ff,2,2,fresh-random,11.110142707824707,2,3,0.9999754428863525,1,C2,23,4,1,4,64
C2_sa_ff_L2_W64_H2_S23,wrong_query,1024,15,sa_ff,2,2,fresh-random,-17.596223831176758,2,3,2.2806410981957015e-08,3,C2,23,4,0,4,64
C2_sa_ff_L2_W64_H2_S23,correct,1024,16,sa_ff,2,2,fresh-random,13.09439468383789,2,3,0.9999979734420776,1,C2,23,5,1,4,64
C2_sa_ff_L2_W64_H2_S23,none,1024,16,sa_ff,2,2,fresh-random,2.3057641983032227,2,3,0.9093523621559143,1,C2,23,5,1,4,64
C2_sa_ff_L2_W64_H2_S23,shuffled_pairings,1024,16,sa_ff,2,2,fresh-random,-11.111944198608398,2,3,1.493252239015419e-05,2,C2,23,5,0,4,64
C2_sa_ff_L2_W64_H2_S23,shuffled_order,1024,16,sa_ff,2,2,fresh-random,12.689064025878906,2,3,0.9999969005584717,1,C2,23,5,1,4,64
C2_sa_ff_L2_W64_H2_S23,wrong_query,1024,16,sa_ff,2,2,fresh-random,-17.041799545288086,2,3,3.97043571354061e-08,3,C2,23,5,0,4,64
C2_sa_ff_L2_W64_H2_S23,correct,1024,17,sa_ff,2,2,fresh-random,12.33926773071289,2,3,0.9999954700469971,1,C2,23,3,1,4,64
C2_sa_ff_L2_W64_H2_S23,none,1024,17,sa_ff,2,2,fresh-random,-18.783491134643555,2,3,6.957187270728582e-09,2,C2,23,3,0,4,64
C2_sa_ff_L2_W64_H2_S23,shuffled_pairings,1024,17,sa_ff,2,2,fresh-random,-25.390453338623047,2,3,9.39864592403028e-12,6,C2,23,3,0,4,64
C2_sa_ff_L2_W64_H2_S23,shuffled_order,1024,17,sa_ff,2,2,fresh-random,15.491802215576172,2,3,0.9999997615814209,1,C2,23,3,1,4,64
C2_sa_ff_L2_W64_H2_S23,wrong_query,1024,17,sa_ff,2,2,fresh-random,-29.637582778930664,2,3,1.3444993274096262e-13,5,C2,23,3,0,4,64
C2_sa_ff_L2_W64_H2_S23,correct,1024,18,sa_ff,2,2,fresh-random,13.996062278747559,2,3,0.9999990463256836,1,C2,23,3,1,4,64
C2_sa_ff_L2_W64_H2_S23,none,1024,18,sa_ff,2,2,fresh-random,-2.9737625122070312,2,3,0.04824279993772507,2,C2,23,3,0,4,64
C2_sa_ff_L2_W64_H2_S23,shuffled_pairings,1024,18,sa_ff,2,2,fresh-random,-11.057153701782227,2,3,1.5773654013173655e-05,2,C2,23,3,0,4,64
C2_sa_ff_L2_W64_H2_S23,shuffled_order,1024,18,sa_ff,2,2,fresh-random,11.000321388244629,2,3,0.9999827146530151,1,C2,23,3,1,4,64
C2_sa_ff_L2_W64_H2_S23,wrong_query,1024,18,sa_ff,2,2,fresh-random,-25.069578170776367,2,3,1.2954481237725801e-11,6,C2,23,3,0,4,64
C2_sa_ff_L2_W64_H2_S23,correct,1024,19,sa_ff,2,2,fresh-random,11.057260513305664,2,3,0.9999760389328003,1,C2,23,4,1,4,64
C2_sa_ff_L2_W64_H2_S23,none,1024,19,sa_ff,2,2,fresh-random,-11.921760559082031,2,3,6.2714252635487355e-06,5,C2,23,4,0,4,64
C2_sa_ff_L2_W64_H2_S23,shuffled_pairings,1024,19,sa_ff,2,2,fresh-random,-0.0009298324584960938,2,3,0.49232813715934753,2,C2,23,4,0,4,64
C2_sa_ff_L2_W64_H2_S23,shuffled_order,1024,19,sa_ff,2,2,fresh-random,8.915653228759766,2,3,0.9998610019683838,1,C2,23,4,1,4,64
C2_sa_ff_L2_W64_H2_S23,wrong_query,1024,19,sa_ff,2,2,fresh-random,-13.101520538330078,2,3,2.0421175577212125e-06,2,C2,23,4,0,4,64
C2_sa_ff_L2_W64_H2_S23,correct,1024,20,sa_ff,2,2,fresh-random,12.751440048217773,2,3,0.9999961853027344,1,C2,23,5,1,4,64
C2_sa_ff_L2_W64_H2_S23,none,1024,20,sa_ff,2,2,fresh-random,-25.721946716308594,2,3,6.746839198434884e-12,3,C2,23,5,0,4,64
C2_sa_ff_L2_W64_H2_S23,shuffled_pairings,1024,20,sa_ff,2,2,fresh-random,1.2108688354492188,2,3,0.7700206637382507,1,C2,23,5,1,4,64
C2_sa_ff_L2_W64_H2_S23,shuffled_order,1024,20,sa_ff,2,2,fresh-random,14.499098777770996,2,3,0.9999994039535522,1,C2,23,5,1,4,64
C2_sa_ff_L2_W64_H2_S23,wrong_query,1024,20,sa_ff,2,2,fresh-random,-12.76408576965332,2,3,2.8617187126656063e-06,2,C2,23,5,0,4,64
C2_sa_ff_L2_W64_H2_S23,correct,1024,21,sa_ff,2,2,fresh-random,10.974705696105957,2,3,0.9999828338623047,1,C2,23,6,1,4,64
C2_sa_ff_L2_W64_H2_S23,none,1024,21,sa_ff,2,2,fresh-random,2.9737625122070312,2,3,0.9438894391059875,1,C2,23,6,1,4,64
C2_sa_ff_L2_W64_H2_S23,shuffled_pairings,1024,21,sa_ff,2,2,fresh-random,-13.40111255645752,2,3,1.5134535260585835e-06,2,C2,23,6,0,4,64
C2_sa_ff_L2_W64_H2_S23,shuffled_order,1024,21,sa_ff,2,2,fresh-random,19.905941009521484,2,3,1.0,1,C2,23,6,1,4,64
C2_sa_ff_L2_W64_H2_S23,wrong_query,1024,21,sa_ff,2,2,fresh-random,-11.222164154052734,2,3,1.3374258742260281e-05,2,C2,23,6,0,4,64
C2_sa_ff_L2_W64_H2_S23,correct,1024,22,sa_ff,2,2,fresh-random,13.545186996459961,2,3,0.9999983310699463,1,C2,23,6,1,4,64
C2_sa_ff_L2_W64_H2_S23,none,1024,22,sa_ff,2,2,fresh-random,-18.711524963378906,2,3,6.798611451586112e-09,5,C2,23,6,0,4,64
C2_sa_ff_L2_W64_H2_S23,shuffled_pairings,1024,22,sa_ff,2,2,fresh-random,-11.549243927001953,2,3,9.643093108024914e-06,3,C2,23,6,0,4,64
C2_sa_ff_L2_W64_H2_S23,shuffled_order,1024,22,sa_ff,2,2,fresh-random,11.768478393554688,2,3,0.9999905824661255,1,C2,23,6,1,4,64
C2_sa_ff_L2_W64_H2_S23,wrong_query,1024,22,sa_ff,2,2,fresh-random,-57.56916046142578,2,3,9.954770732154451e-26,7,C2,23,6,0,4,64
C2_sa_ff_L2_W64_H2_S23,correct,1024,23,sa_ff,2,2,fresh-random,18.004459381103516,2,3,1.0,1,C2,23,4,1,4,64
C2_sa_ff_L2_W64_H2_S23,none,1024,23,sa_ff,2,2,fresh-random,10.368995666503906,2,3,0.9999686479568481,1,C2,23,4,1,4,64
C2_sa_ff_L2_W64_H2_S23,shuffled_pairings,1024,23,sa_ff,2,2,fresh-random,-18.14757537841797,2,3,1.3140379451215267e-08,2,C2,23,4,0,4,64
C2_sa_ff_L2_W64_H2_S23,shuffled_order,1024,23,sa_ff,2,2,fresh-random,11.203901290893555,2,3,0.9999864101409912,1,C2,23,4,1,4,64
C2_sa_ff_L2_W64_H2_S23,wrong_query,1024,23,sa_ff,2,2,fresh-random,-13.091392517089844,2,3,2.0629070149880135e-06,2,C2,23,4,0,4,64
C2_sa_ff_L2_W64_H2_S23,correct,1024,24,sa_ff,2,2,fresh-random,13.620552062988281,2,3,0.9999980926513672,1,C2,23,6,1,4,64
C2_sa_ff_L2_W64_H2_S23,none,1024,24,sa_ff,2,2,fresh-random,-30.757888793945312,2,3,4.3854971601897316e-14,5,C2,23,6,0,4,64
C2_sa_ff_L2_W64_H2_S23,shuffled_pairings,1024,24,sa_ff,2,2,fresh-random,-1.1153459548950195,2,3,0.24560362100601196,2,C2,23,6,0,4,64
C2_sa_ff_L2_W64_H2_S23,shuffled_order,1024,24,sa_ff,2,2,fresh-random,10.607675552368164,2,3,0.9999743700027466,1,C2,23,6,1,4,64
C2_sa_ff_L2_W64_H2_S23,wrong_query,1024,24,sa_ff,2,2,fresh-random,-23.482397079467773,2,3,6.33467792110487e-11,4,C2,23,6,0,4,64
C2_sa_ff_L2_W64_H2_S23,correct,1024,25,sa_ff,2,2,fresh-random,16.15444564819336,2,3,0.9999998807907104,1,C2,23,3,1,4,64
C2_sa_ff_L2_W64_H2_S23,none,1024,25,sa_ff,2,2,fresh-random,-20.610401153564453,2,3,1.1194448701346005e-09,4,C2,23,3,0,4,64
C2_sa_ff_L2_W64_H2_S23,shuffled_pairings,1024,25,sa_ff,2,2,fresh-random,-11.735862731933594,2,3,8.001585229067132e-06,2,C2,23,3,0,4,64
C2_sa_ff_L2_W64_H2_S23,shuffled_order,1024,25,sa_ff,2,2,fresh-random,16.15444564819336,2,3,0.9999998807907104,1,C2,23,3,1,4,64
C2_sa_ff_L2_W64_H2_S23,wrong_query,1024,25,sa_ff,2,2,fresh-random,-24.42827606201172,2,3,2.459991585435084e-11,5,C2,23,3,0,4,64
C2_sa_ff_L2_W64_H2_S23,correct,1024,26,sa_ff,2,2,fresh-random,10.484182357788086,2,3,0.9999719858169556,1,C2,23,5,1,4,64
C2_sa_ff_L2_W64_H2_S23,none,1024,26,sa_ff,2,2,fresh-random,-18.125930786132812,2,3,1.3427482237204913e-08,3,C2,23,5,0,4,64
C2_sa_ff_L2_W64_H2_S23,shuffled_pairings,1024,26,sa_ff,2,2,fresh-random,-13.476102828979492,2,3,1.4041141866982798e-06,2,C2,23,5,0,4,64
C2_sa_ff_L2_W64_H2_S23,shuffled_order,1024,26,sa_ff,2,2,fresh-random,10.83096694946289,2,3,0.9999799728393555,1,C2,23,5,1,4,64
C2_sa_ff_L2_W64_H2_S23,wrong_query,1024,26,sa_ff,2,2,fresh-random,-37.290428161621094,2,3,6.382241718072933e-17,7,C2,23,5,0,4,64
C2_sa_ff_L2_W64_H2_S23,correct,1024,27,sa_ff,2,2,fresh-random,12.76441764831543,2,3,0.9999971389770508,1,C2,23,4,1,4,64
C2_sa_ff_L2_W64_H2_S23,none,1024,27,sa_ff,2,2,fresh-random,-2.3057641983032227,2,3,0.09064660221338272,2,C2,23,4,0,4,64
C2_sa_ff_L2_W64_H2_S23,shuffled_pairings,1024,27,sa_ff,2,2,fresh-random,-5.212680816650391,2,3,0.005417212378233671,2,C2,23,4,0,4,64
C2_sa_ff_L2_W64_H2_S23,shuffled_order,1024,27,sa_ff,2,2,fresh-random,12.764188766479492,2,3,0.9999971389770508,1,C2,23,4,1,4,64
C2_sa_ff_L2_W64_H2_S23,wrong_query,1024,27,sa_ff,2,2,fresh-random,-13.167814254760742,2,3,1.911127355924691e-06,2,C2,23,4,0,4,64
C2_sa_ff_L2_W64_H2_S23,correct,1024,28,sa_ff,2,2,fresh-random,12.683805465698242,2,3,0.9999969005584717,1,C2,23,5,1,4,64
C2_sa_ff_L2_W64_H2_S23,none,1024,28,sa_ff,2,2,fresh-random,2.3057641983032227,2,3,0.9093523621559143,1,C2,23,5,1,4,64
C2_sa_ff_L2_W64_H2_S23,shuffled_pairings,1024,28,sa_ff,2,2,fresh-random,-11.110540390014648,2,3,1.4953502613934688e-05,2,C2,23,5,0,4,64
C2_sa_ff_L2_W64_H2_S23,shuffled_order,1024,28,sa_ff,2,2,fresh-random,11.038457870483398,2,3,0.999983549118042,1,C2,23,5,1,4,64
C2_sa_ff_L2_W64_H2_S23,wrong_query,1024,28,sa_ff,2,2,fresh-random,-23.75273323059082,2,3,4.833930825065558e-11,6,C2,23,5,0,4,64
C2_sa_ff_L2_W64_H2_S23,correct,1024,29,sa_ff,2,2,fresh-random,15.118492126464844,2,3,0.9999997615814209,1,C2,23,3,1,4,64
C2_sa_ff_L2_W64_H2_S23,none,1024,29,sa_ff,2,2,fresh-random,-18.783491134643555,2,3,6.957187270728582e-09,2,C2,23,3,0,4,64
C2_sa_ff_L2_W64_H2_S23,shuffled_pairings,1024,29,sa_ff,2,2,fresh-random,-22.482643127441406,2,3,1.7215202874343305e-10,6,C2,23,3,0,4,64
C2_sa_ff_L2_W64_H2_S23,shuffled_order,1024,29,sa_ff,2,2,fresh-random,13.329192161560059,2,3,0.9999978542327881,1,C2,23,3,1,4,64
C2_sa_ff_L2_W64_H2_S23,wrong_query,1024,29,sa_ff,2,2,fresh-random,-30.32443618774414,2,3,6.764943829727296e-14,5,C2,23,3,0,4,64
C2_sa_ff_L2_W64_H2_S23,correct,1024,30,sa_ff,2,2,fresh-random,10.986479759216309,2,3,0.999982476234436,1,C2,23,3,1,4,64
C2_sa_ff_L2_W64_H2_S23,none,1024,30,sa_ff,2,2,fresh-random,-2.9737625122070312,2,3,0.04824279993772507,2,C2,23,3,0,4,64
C2_sa_ff_L2_W64_H2_S23,shuffled_pairings,1024,30,sa_ff,2,2,fresh-random,-18.410890579223633,2,3,1.0098358593779722e-08,3,C2,23,3,0,4,64
C2_sa_ff_L2_W64_H2_S23,shuffled_order,1024,30,sa_ff,2,2,fresh-random,9.963223457336426,2,3,0.9999524354934692,1,C2,23,3,1,4,64
C2_sa_ff_L2_W64_H2_S23,wrong_query,1024,30,sa_ff,2,2,fresh-random,-24.968109130859375,2,3,1.4337937087605113e-11,6,C2,23,3,0,4,64
C2_sa_ff_L2_W64_H2_S23,correct,1024,31,sa_ff,2,2,fresh-random,15.157169342041016,2,3,0.9999997615814209,1,C2,23,4,1,4,64
C2_sa_ff_L2_W64_H2_S23,none,1024,31,sa_ff,2,2,fresh-random,-11.921760559082031,2,3,6.2714252635487355e-06,5,C2,23,4,0,4,64
C2_sa_ff_L2_W64_H2_S23,shuffled_pairings,1024,31,sa_ff,2,2,fresh-random,-24.147565841674805,2,3,3.257205269391328e-11,2,C2,23,4,0,4,64
C2_sa_ff_L2_W64_H2_S23,shuffled_order,1024,31,sa_ff,2,2,fresh-random,20.63260269165039,2,3,1.0,1,C2,23,4,1,4,64
C2_sa_ff_L2_W64_H2_S23,wrong_query,1024,31,sa_ff,2,2,fresh-random,-15.710115432739258,2,3,1.5037731770917162e-07,3,C2,23,4,0,4,64
C2_sa_ff_L2_W64_H2_S23,correct,1024,32,sa_ff,2,2,fresh-random,14.492467880249023,2,3,0.9999994039535522,1,C2,23,5,1,4,64
C2_sa_ff_L2_W64_H2_S23,none,1024,32,sa_ff,2,2,fresh-random,-25.721946716308594,2,3,6.746839198434884e-12,3,C2,23,5,0,4,64
C2_sa_ff_L2_W64_H2_S23,shuffled_pairings,1024,32,sa_ff,2,2,fresh-random,3.4800329208374023,2,3,0.9685696959495544,1,C2,23,5,1,4,64
C2_sa_ff_L2_W64_H2_S23,shuffled_order,1024,32,sa_ff,2,2,fresh-random,11.24720573425293,2,3,0.9999867677688599,1,C2,23,5,1,4,64
C2_sa_ff_L2_W64_H2_S23,wrong_query,1024,32,sa_ff,2,2,fresh-random,-11.110410690307617,2,3,1.4955439837649465e-05,2,C2,23,5,0,4,64
C2_sa_ff_L2_W64_H2_S23,correct,1024,33,sa_ff,2,2,fresh-random,10.255111694335938,2,3,0.9999641180038452,1,C2,23,6,1,4,64
C2_sa_ff_L2_W64_H2_S23,none,1024,33,sa_ff,2,2,fresh-random,2.9737625122070312,2,3,0.9438894391059875,1,C2,23,6,1,4,64
C2_sa_ff_L2_W64_H2_S23,shuffled_pairings,1024,33,sa_ff,2,2,fresh-random,0.04740619659423828,2,3,0.5038779973983765,1,C2,23,6,1,4,64
C2_sa_ff_L2_W64_H2_S23,shuffled_order,1024,33,sa_ff,2,2,fresh-random,17.468416213989258,2,3,1.0,1,C2,23,6,1,4,64
C2_sa_ff_L2_W64_H2_S23,wrong_query,1024,33,sa_ff,2,2,fresh-random,-29.64771842956543,2,3,1.3309047874193736e-13,7,C2,23,6,0,4,64
C2_sa_ff_L2_W64_H2_S23,correct,1024,34,sa_ff,2,2,fresh-random,13.545169830322266,2,3,0.9999983310699463,1,C2,23,6,1,4,64
C2_sa_ff_L2_W64_H2_S23,none,1024,34,sa_ff,2,2,fresh-random,-18.711524963378906,2,3,6.798611451586112e-09,5,C2,23,6,0,4,64
C2_sa_ff_L2_W64_H2_S23,shuffled_pairings,1024,34,sa_ff,2,2,fresh-random,-11.552114486694336,2,3,9.615454473532736e-06,3,C2,23,6,0,4,64
C2_sa_ff_L2_W64_H2_S23,shuffled_order,1024,34,sa_ff,2,2,fresh-random,13.611255645751953,2,3,0.9999985694885254,1,C2,23,6,1,4,64
C2_sa_ff_L2_W64_H2_S23,wrong_query,1024,34,sa_ff,2,2,fresh-random,-25.684303283691406,2,3,7.005658640008017e-12,4,C2,23,6,0,4,64
C2_sa_ff_L2_W64_H2_S23,correct,1024,35,sa_ff,2,2,fresh-random,21.870534896850586,2,3,1.0,1,C2,23,4,1,4,64
C2_sa_ff_L2_W64_H2_S23,none,1024,35,sa_ff,2,2,fresh-random,10.368995666503906,2,3,0.9999686479568481,1,C2,23,4,1,4,64
C2_sa_ff_L2_W64_H2_S23,shuffled_pairings,1024,35,sa_ff,2,2,fresh-random,-13.13232707977295,2,3,1.980165961867897e-06,2,C2,23,4,0,4,64
C2_sa_ff_L2_W64_H2_S23,shuffled_order,1024,35,sa_ff,2,2,fresh-random,17.993968963623047,2,3,1.0,1,C2,23,4,1,4,64
C2_sa_ff_L2_W64_H2_S23,wrong_query,1024,35,sa_ff,2,2,fresh-random,-11.038507461547852,2,3,1.6070525816758163e-05,2,C2,23,4,0,4,64
C2_sa_ff_L2_W64_H2_S23,correct,1024,36,sa_ff,2,2,fresh-random,12.787055969238281,2,3,0.9999971389770508,1,C2,23,6,1,4,64
C2_sa_ff_L2_W64_H2_S23,none,1024,36,sa_ff,2,2,fresh-random,-30.757888793945312,2,3,4.3854971601897316e-14,5,C2,23,6,0,4,64
C2_sa_ff_L2_W64_H2_S23,shuffled_pairings,1024,36,sa_ff,2,2,fresh-random,-11.298637390136719,2,3,1.2389631592668593e-05,2,C2,23,6,0,4,64
C2_sa_ff_L2_W64_H2_S23,shuffled_order,1024,36,sa_ff,2,2,fresh-random,12.744889259338379,2,3,0.999996542930603,1,C2,23,6,1,4,64
C2_sa_ff_L2_W64_H2_S23,wrong_query,1024,36,sa_ff,2,2,fresh-random,-15.65497875213623,2,3,1.589019404946157e-07,2,C2,23,6,0,4,64
C2_sa_ff_L2_W64_H2_S23,correct,1024,37,sa_ff,2,2,fresh-random,16.181209564208984,2,3,0.9999998807907104,1,C2,23,3,1,4,64
C2_sa_ff_L2_W64_H2_S23,none,1024,37,sa_ff,2,2,fresh-random,-20.610401153564453,2,3,1.1194448701346005e-09,4,C2,23,3,0,4,64
C2_sa_ff_L2_W64_H2_S23,shuffled_pairings,1024,37,sa_ff,2,2,fresh-random,-21.73651885986328,2,3,3.6301922579085044e-10,5,C2,23,3,0,4,64
C2_sa_ff_L2_W64_H2_S23,shuffled_order,1024,37,sa_ff,2,2,fresh-random,15.256623268127441,2,3,0.9999997615814209,1,C2,23,3,1,4,64
C2_sa_ff_L2_W64_H2_S23,wrong_query,1024,37,sa_ff,2,2,fresh-random,-19.905941009521484,2,3,2.264432863441357e-09,2,C2,23,3,0,4,64
C2_sa_ff_L2_W64_H2_S23,correct,1024,38,sa_ff,2,2,fresh-random,11.395317077636719,2,3,0.9999887943267822,1,C2,23,5,1,4,64
C2_sa_ff_L2_W64_H2_S23,none,1024,38,sa_ff,2,2,fresh-random,-18.125930786132812,2,3,1.3427482237204913e-08,3,C2,23,5,0,4,64
C2_sa_ff_L2_W64_H2_S23,shuffled_pairings,1024,38,sa_ff,2,2,fresh-random,11.071514129638672,2,3,0.9999845027923584,1,C2,23,5,1,4,64
C2_sa_ff_L2_W64_H2_S23,shuffled_order,1024,38,sa_ff,2,2,fresh-random,13.13232707977295,2,3,0.9999979734420776,1,C2,23,5,1,4,64
C2_sa_ff_L2_W64_H2_S23,wrong_query,1024,38,sa_ff,2,2,fresh-random,-37.29030990600586,2,3,6.382984195390761e-17,7,C2,23,5,0,4,64
C2_sa_ff_L2_W64_H2_S23,correct,1024,39,sa_ff,2,2,fresh-random,12.764408111572266,2,3,0.9999971389770508,1,C2,23,4,1,4,64
C2_sa_ff_L2_W64_H2_S23,none,1024,39,sa_ff,2,2,fresh-random,-2.3057641983032227,2,3,0.09064660221338272,2,C2,23,4,0,4,64
C2_sa_ff_L2_W64_H2_S23,shuffled_pairings,1024,39,sa_ff,2,2,fresh-random,-15.34872817993164,2,3,2.1583944942449307e-07,3,C2,23,4,0,4,64
C2_sa_ff_L2_W64_H2_S23,shuffled_order,1024,39,sa_ff,2,2,fresh-random,11.1105375289917,2,3,0.9999754428863525,1,C2,23,4,1,4,64
C2_sa_ff_L2_W64_H2_S23,wrong_query,1024,39,sa_ff,2,2,fresh-random,-23.479053497314453,2,3,6.355801995816535e-11,4,C2,23,4,0,4,64
C2_sa_ff_L2_W64_H2_S23,correct,1024,40,sa_ff,2,2,fresh-random,10.674276351928711,2,3,0.9999765157699585,1,C2,23,5,1,4,64
C2_sa_ff_L2_W64_H2_S23,none,1024,40,sa_ff,2,2,fresh-random,2.3057641983032227,2,3,0.9093523621559143,1,C2,23,5,1,4,64
C2_sa_ff_L2_W64_H2_S23,shuffled_pairings,1024,40,sa_ff,2,2,fresh-random,-12.764205932617188,2,3,2.86137424154731e-06,2,C2,23,5,0,4,64
C2_sa_ff_L2_W64_H2_S23,shuffled_order,1024,40,sa_ff,2,2,fresh-random,11.038675308227539,2,3,0.999983549118042,1,C2,23,5,1,4,64
C2_sa_ff_L2_W64_H2_S23,wrong_query,1024,40,sa_ff,2,2,fresh-random,-14.436700820922852,2,3,5.373032649913512e-07,3,C2,23,5,0,4,64
C2_sa_ff_L2_W64_H2_S23,correct,1024,41,sa_ff,2,2,fresh-random,14.73374080657959,2,3,0.9999996423721313,1,C2,23,3,1,4,64
C2_sa_ff_L2_W64_H2_S23,none,1024,41,sa_ff,2,2,fresh-random,-18.783491134643555,2,3,6.957187270728582e-09,2,C2,23,3,0,4,64
C2_sa_ff_L2_W64_H2_S23,shuffled_pairings,1024,41,sa_ff,2,2,fresh-random,-20.312101364135742,2,3,1.5085503957124047e-09,5,C2,23,3,0,4,64
C2_sa_ff_L2_W64_H2_S23,shuffled_order,1024,41,sa_ff,2,2,fresh-random,14.617613792419434,2,3,0.9999995231628418,1,C2,23,3,1,4,64
C2_sa_ff_L2_W64_H2_S23,wrong_query,1024,41,sa_ff,2,2,fresh-random,-20.667072296142578,2,3,1.0577994036253813e-09,4,C2,23,3,0,4,64
C2_sa_ff_L2_W64_H2_S23,correct,1024,42,sa_ff,2,2,fresh-random,11.548728942871094,2,3,0.9999902248382568,1,C2,23,3,1,4,64
C2_sa_ff_L2_W64_H2_S23,none,1024,42,sa_ff,2,2,fresh-random,-2.9737625122070312,2,3,0.04824279993772507,2,C2,23,3,0,4,64
C2_sa_ff_L2_W64_H2_S23,shuffled_pairings,1024,42,sa_ff,2,2,fresh-random,-19.90593719482422,2,3,2.2644419672701588e-09,2,C2,23,3,0,4,64
C2_sa_ff_L2_W64_H2_S23,shuffled_order,1024,42,sa_ff,2,2,fresh-random,14.493709564208984,2,3,0.9999994039535522,1,C2,23,3,1,4,64
C2_sa_ff_L2_W64_H2_S23,wrong_query,1024,42,sa_ff,2,2,fresh-random,-21.76000213623047,2,3,3.545944371463605e-10,5,C2,23,3,0,4,64
C2_sa_ff_L2_W64_H2_S23,correct,1024,43,sa_ff,2,2,fresh-random,21.965673446655273,2,3,1.0,1,C2,23,4,1,4,64
C2_sa_ff_L2_W64_H2_S23,none,1024,43,sa_ff,2,2,fresh-random,-11.921760559082031,2,3,6.2714252635487355e-06,5,C2,23,4,0,4,64
C2_sa_ff_L2_W64_H2_S23,shuffled_pairings,1024,43,sa_ff,2,2,fresh-random,-5.242954254150391,2,3,0.0052568004466593266,2,C2,23,4,0,4,64
C2_sa_ff_L2_W64_H2_S23,shuffled_order,1024,43,sa_ff,2,2,fresh-random,22.56281089782715,2,3,1.0,1,C2,23,4,1,4,64
C2_sa_ff_L2_W64_H2_S23,wrong_query,1024,43,sa_ff,2,2,fresh-random,-10.484182357788086,2,3,2.7974689146503806e-05,2,C2,23,4,0,4,64
C2_sa_ff_L2_W64_H2_S23,correct,1024,44,sa_ff,2,2,fresh-random,10.906200408935547,2,3,0.9999806880950928,1,C2,23,5,1,4,64
C2_sa_ff_L2_W64_H2_S23,none,1024,44,sa_ff,2,2,fresh-random,-25.721946716308594,2,3,6.746839198434884e-12,3,C2,23,5,0,4,64
C2_sa_ff_L2_W64_H2_S23,shuffled_pairings,1024,44,sa_ff,2,2,fresh-random,0.9945125579833984,2,3,0.7269647121429443,1,C2,23,5,1,4,64
C2_sa_ff_L2_W64_H2_S23,shuffled_order,1024,44,sa_ff,2,2,fresh-random,14.038043975830078,2,3,0.9999991655349731,1,C2,23,5,1,4,64
C2_sa_ff_L2_W64_H2_S23,wrong_query,1024,44,sa_ff,2,2,fresh-random,-39.80615234375,2,3,5.15712204904963e-18,7,C2,23,5,0,4,64
C2_sa_ff_L2_W64_H2_S23,correct,1024,45,sa_ff,2,2,fresh-random,10.173128128051758,2,3,0.9999611377716064,1,C2,23,6,1,4,64
C2_sa_ff_L2_W64_H2_S23,none,1024,45,sa_ff,2,2,fresh-random,2.9737625122070312,2,3,0.9438894391059875,1,C2,23,6,1,4,64
C2_sa_ff_L2_W64_H2_S23,shuffled_pairings,1024,45,sa_ff,2,2,fresh-random,0.0009298324584960938,2,3,0.49278613924980164,1,C2,23,6,1,4,64
C2_sa_ff_L2_W64_H2_S23,shuffled_order,1024,45,sa_ff,2,2,fresh-random,10.173128128051758,2,3,0.9999611377716064,1,C2,23,6,1,4,64
C2_sa_ff_L2_W64_H2_S23,wrong_query,1024,45,sa_ff,2,2,fresh-random,-14.492467880249023,2,3,5.081606673229544e-07,2,C2,23,6,0,4,64
C2_sa_ff_L2_W64_H2_S23,correct,1024,46,sa_ff,2,2,fresh-random,12.908909797668457,2,3,0.9999973773956299,1,C2,23,6,1,4,64
C2_sa_ff_L2_W64_H2_S23,none,1024,46,sa_ff,2,2,fresh-random,-18.711524963378906,2,3,6.798611451586112e-09,5,C2,23,6,0,4,64
C2_sa_ff_L2_W64_H2_S23,shuffled_pairings,1024,46,sa_ff,2,2,fresh-random,-17.115432739257812,2,3,3.688591121431273e-08,3,C2,23,6,0,4,64
C2_sa_ff_L2_W64_H2_S23,shuffled_order,1024,46,sa_ff,2,2,fresh-random,13.608779907226562,2,3,0.9999985694885254,1,C2,23,6,1,4,64
C2_sa_ff_L2_W64_H2_S23,wrong_query,1024,46,sa_ff,2,2,fresh-random,-23.482088088989258,2,3,6.336638158632724e-11,4,C2,23,6,0,4,64
C2_sa_ff_L2_W64_H2_S23,correct,1024,47,sa_ff,2,2,fresh-random,18.08905029296875,2,3,1.0,1,C2,23,4,1,4,64
C2_sa_ff_L2_W64_H2_S23,none,1024,47,sa_ff,2,2,fresh-random,10.368995666503906,2,3,0.9999686479568481,1,C2,23,4,1,4,64
C2_sa_ff_L2_W64_H2_S23,shuffled_pairings,1024,47,sa_ff,2,2,fresh-random,-19.12917709350586,2,3,4.923840002390989e-09,2,C2,23,4,0,4,64
C2_sa_ff_L2_W64_H2_S23,shuffled_order,1024,47,sa_ff,2,2,fresh-random,7.818360328674316,2,3,0.9995946288108826,1,C2,23,4,1,4,64
C2_sa_ff_L2_W64_H2_S23,wrong_query,1024,47,sa_ff,2,2,fresh-random,-21.77626609802246,2,3,3.488755950797895e-10,6,C2,23,4,0,4,64
C2_sa_ff_L2_W64_H2_S37,correct,1024,0,sa_ff,2,2,fresh-random,7.012860298156738,2,3,0.9990898370742798,1,C2,37,4,1,4,64
C2_sa_ff_L2_W64_H2_S37,none,1024,0,sa_ff,2,2,fresh-random,-12.995455741882324,2,3,2.1437501800392056e-06,6,C2,37,4,0,4,64
C2_sa_ff_L2_W64_H2_S37,shuffled_pairings,1024,0,sa_ff,2,2,fresh-random,-11.752667427062988,2,3,7.816925972292665e-06,4,C2,37,4,0,4,64
C2_sa_ff_L2_W64_H2_S37,shuffled_order,1024,0,sa_ff,2,2,fresh-random,7.777647018432617,2,3,0.9995672106742859,1,C2,37,4,1,4,64
C2_sa_ff_L2_W64_H2_S37,wrong_query,1024,0,sa_ff,2,2,fresh-random,-8.761357307434082,2,3,0.00012629061529878527,4,C2,37,4,0,4,64
C2_sa_ff_L2_W64_H2_S37,correct,1024,1,sa_ff,2,2,fresh-random,8.726198196411133,2,3,0.9998230338096619,1,C2,37,4,1,4,64
C2_sa_ff_L2_W64_H2_S37,none,1024,1,sa_ff,2,2,fresh-random,-0.4076213836669922,2,3,0.2730780839920044,3,C2,37,4,0,4,64
C2_sa_ff_L2_W64_H2_S37,shuffled_pairings,1024,1,sa_ff,2,2,fresh-random,-4.629483699798584,2,3,0.009574255906045437,2,C2,37,4,0,4,64
C2_sa_ff_L2_W64_H2_S37,shuffled_order,1024,1,sa_ff,2,2,fresh-random,8.726198196411133,2,3,0.9998230338096619,1,C2,37,4,1,4,64
C2_sa_ff_L2_W64_H2_S37,wrong_query,1024,1,sa_ff,2,2,fresh-random,-12.016156196594238,2,3,4.86279759570607e-06,5,C2,37,4,0,4,64
C2_sa_ff_L2_W64_H2_S37,correct,1024,2,sa_ff,2,2,fresh-random,1.439737319946289,2,3,0.7949726581573486,1,C2,37,6,1,4,64
C2_sa_ff_L2_W64_H2_S37,none,1024,2,sa_ff,2,2,fresh-random,-2.925184726715088,2,3,0.03215762972831726,3,C2,37,6,0,4,64
C2_sa_ff_L2_W64_H2_S37,shuffled_pairings,1024,2,sa_ff,2,2,fresh-random,1.4187908172607422,2,3,0.6961369514465332,1,C2,37,6,1,4,64
C2_sa_ff_L2_W64_H2_S37,shuffled_order,1024,2,sa_ff,2,2,fresh-random,1.295267105102539,2,3,0.7688584923744202,1,C2,37,6,1,4,64
C2_sa_ff_L2_W64_H2_S37,wrong_query,1024,2,sa_ff,2,2,fresh-random,-8.726198196411133,2,3,0.0001622494892217219,2,C2,37,6,0,4,64
C2_sa_ff_L2_W64_H2_S37,correct,1024,3,sa_ff,2,2,fresh-random,4.152693748474121,2,3,0.9839819073677063,1,C2,37,3,1,4,64
C2_sa_ff_L2_W64_H2_S37,none,1024,3,sa_ff,2,2,fresh-random,0.49226951599121094,2,3,0.5993432998657227,1,C2,37,3,1,4,64
C2_sa_ff_L2_W64_H2_S37,shuffled_pairings,1024,3,sa_ff,2,2,fresh-random,-2.7759780883789062,2,3,0.047209832817316055,3,C2,37,3,0,4,64
C2_sa_ff_L2_W64_H2_S37,shuffled_order,1024,3,sa_ff,2,2,fresh-random,1.9060897827148438,2,3,0.8319164514541626,1,C2,37,3,1,4,64
C2_sa_ff_L2_W64_H2_S37,wrong_query,1024,3,sa_ff,2,2,fresh-random,-10.26015853881836,2,3,3.49988040397875e-05,2,C2,37,3,0,4,64
C2_sa_ff_L2_W64_H2_S37,correct,1024,4,sa_ff,2,2,fresh-random,-1.0985784530639648,2,3,0.22041872143745422,2,C2,37,5,0,4,64
C2_sa_ff_L2_W64_H2_S37,none,1024,4,sa_ff,2,2,fresh-random,-0.32868146896362305,2,3,0.2955085337162018,2,C2,37,5,0,4,64
C2_sa_ff_L2_W64_H2_S37,shuffled_pairings,1024,4,sa_ff,2,2,fresh-random,-0.4573850631713867,2,3,0.3662472069263458,2,C2,37,5,0,4,64
C2_sa_ff_L2_W64_H2_S37,shuffled_order,1024,4,sa_ff,2,2,fresh-random,1.0233564376831055,2,3,0.7117796540260315,1,C2,37,5,1,4,64
C2_sa_ff_L2_W64_H2_S37,wrong_query,1024,4,sa_ff,2,2,fresh-random,-12.879459381103516,2,3,2.547573103584e-06,4,C2,37,5,0,4,64
C2_sa_ff_L2_W64_H2_S37,correct,1024,5,sa_ff,2,2,fresh-random,4.6549577713012695,2,3,0.9900026321411133,1,C2,37,6,1,4,64
C2_sa_ff_L2_W64_H2_S37,none,1024,5,sa_ff,2,2,fresh-random,-2.165983200073242,2,3,0.08854234963655472,3,C2,37,6,0,4,64
C2_sa_ff_L2_W64_H2_S37,shuffled_pairings,1024,5,sa_ff,2,2,fresh-random,-6.002589225769043,2,3,0.0023780418559908867,3,C2,37,6,0,4,64
C2_sa_ff_L2_W64_H2_S37,shuffled_order,1024,5,sa_ff,2,2,fresh-random,3.4046268463134766,2,3,0.9676844477653503,1,C2,37,6,1,4,64
C2_sa_ff_L2_W64_H2_S37,wrong_query,1024,5,sa_ff,2,2,fresh-random,-0.8157157897949219,2,3,0.3054831027984619,2,C2,37,6,0,4,64
C2_sa_ff_L2_W64_H2_S37,correct,1024,6,sa_ff,2,2,fresh-random,10.500062942504883,2,3,0.9999700784683228,1,C2,37,4,1,4,64
C2_sa_ff_L2_W64_H2_S37,none,1024,6,sa_ff,2,2,fresh-random,1.7578630447387695,2,3,0.7723702788352966,1,C2,37,4,1,4,64
C2_sa_ff_L2_W64_H2_S37,shuffled_pairings,1024,6,sa_ff,2,2,fresh-random,-12.255195617675781,2,3,4.673185685533099e-06,5,C2,37,4,0,4,64
C2_sa_ff_L2_W64_H2_S37,shuffled_order,1024,6,sa_ff,2,2,fresh-random,10.260177612304688,2,3,0.9999617338180542,1,C2,37,4,1,4,64
C2_sa_ff_L2_W64_H2_S37,wrong_query,1024,6,sa_ff,2,2,fresh-random,-3.769773006439209,2,3,0.019759617745876312,4,C2,37,4,0,4,64
C2_sa_ff_L2_W64_H2_S37,correct,1024,7,sa_ff,2,2,fresh-random,4.276081085205078,2,3,0.9856758117675781,1,C2,37,3,1,4,64
C2_sa_ff_L2_W64_H2_S37,none,1024,7,sa_ff,2,2,fresh-random,-10.161184310913086,2,3,3.648236452136189e-05,3,C2,37,3,0,4,64
C2_sa_ff_L2_W64_H2_S37,shuffled_pairings,1024,7,sa_ff,2,2,fresh-random,-9.263533592224121,2,3,9.477619460085407e-05,3,C2,37,3,0,4,64
C2_sa_ff_L2_W64_H2_S37,shuffled_order,1024,7,sa_ff,2,2,fresh-random,5.748254776000977,2,3,0.9960975050926208,1,C2,37,3,1,4,64
C2_sa_ff_L2_W64_H2_S37,wrong_query,1024,7,sa_ff,2,2,fresh-random,-6.159666538238525,2,3,0.0021014874801039696,3,C2,37,3,0,4,64
C2_sa_ff_L2_W64_H2_S37,correct,1024,8,sa_ff,2,2,fresh-random,-1.4194097518920898,2,3,0.16847211122512817,2,C2,37,5,0,4,64
C2_sa_ff_L2_W64_H2_S37,none,1024,8,sa_ff,2,2,fresh-random,-0.49226951599121094,2,3,0.36634117364883423,2,C2,37,5,0,4,64
C2_sa_ff_L2_W64_H2_S37,shuffled_pairings,1024,8,sa_ff,2,2,fresh-random,-1.441701889038086,2,3,0.18809781968593597,2,C2,37,5,0,4,64
C2_sa_ff_L2_W64_H2_S37,shuffled_order,1024,8,sa_ff,2,2,fresh-random,-0.8859643936157227,2,3,0.2516842484474182,2,C2,37,5,0,4,64
C2_sa_ff_L2_W64_H2_S37,wrong_query,1024,8,sa_ff,2,2,fresh-random,-0.4950075149536133,2,3,0.36274251341819763,2,C2,37,5,0,4,64
C2_sa_ff_L2_W64_H2_S37,correct,1024,9,sa_ff,2,2,fresh-random,18.49131965637207,2,3,1.0,1,C2,37,3,1,4,64
C2_sa_ff_L2_W64_H2_S37,none,1024,9,sa_ff,2,2,fresh-random,-1.7578630447387695,2,3,0.1331666111946106,2,C2,37,3,0,4,64
C2_sa_ff_L2_W64_H2_S37,shuffled_pairings,1024,9,sa_ff,2,2,fresh-random,13.162773132324219,2,3,0.9999980926513672,1,C2,37,3,1,4,64
C2_sa_ff_L2_W64_H2_S37,shuffled_order,1024,9,sa_ff,2,2,fresh-random,2.4834837913513184,2,3,0.9226394891738892,1,C2,37,3,1,4,64
C2_sa_ff_L2_W64_H2_S37,wrong_query,1024,9,sa_ff,2,2,fresh-random,-9.34533977508545,2,3,8.733730646781623e-05,3,C2,37,3,0,4,64
C2_sa_ff_L2_W64_H2_S37,correct,1024,10,sa_ff,2,2,fresh-random,7.439769744873047,2,3,0.9993240833282471,1,C2,37,5,1,4,64
C2_sa_ff_L2_W64_H2_S37,none,1024,10,sa_ff,2,2,fresh-random,2.8283538818359375,2,3,0.9441241025924683,1,C2,37,5,1,4,64
C2_sa_ff_L2_W64_H2_S37,shuffled_pairings,1024,10,sa_ff,2,2,fresh-random,-11.583495140075684,2,3,9.314596354670357e-06,3,C2,37,5,0,4,64
C2_sa_ff_L2_W64_H2_S37,shuffled_order,1024,10,sa_ff,2,2,fresh-random,7.642146587371826,2,3,0.9994831085205078,1,C2,37,5,1,4,64
C2_sa_ff_L2_W64_H2_S37,wrong_query,1024,10,sa_ff,2,2,fresh-random,-9.677297592163086,2,3,6.179518095450476e-05,4,C2,37,5,0,4,64
C2_sa_ff_L2_W64_H2_S37,correct,1024,11,sa_ff,2,2,fresh-random,0.460205078125,2,3,0.5408294200897217,1,C2,37,6,1,4,64
C2_sa_ff_L2_W64_H2_S37,none,1024,11,sa_ff,2,2,fresh-random,-2.993074417114258,2,3,0.020579688251018524,4,C2,37,6,0,4,64
C2_sa_ff_L2_W64_H2_S37,shuffled_pairings,1024,11,sa_ff,2,2,fresh-random,-3.874950408935547,2,3,0.020185327157378197,2,C2,37,6,0,4,64
C2_sa_ff_L2_W64_H2_S37,shuffled_order,1024,11,sa_ff,2,2,fresh-random,0.460205078125,2,3,0.5408294200897217,1,C2,37,6,1,4,64
C2_sa_ff_L2_W64_H2_S37,wrong_query,1024,11,sa_ff,2,2,fresh-random,1.3308095932006836,2,3,0.7865694761276245,1,C2,37,6,1,4,64
C2_sa_ff_L2_W64_H2_S37,correct,1024,12,sa_ff,2,2,fresh-random,4.80135440826416,2,3,0.9870055913925171,1,C2,37,4,1,4,64
C2_sa_ff_L2_W64_H2_S37,none,1024,12,sa_ff,2,2,fresh-random,-12.995455741882324,2,3,2.1437501800392056e-06,6,C2,37,4,0,4,64
C2_sa_ff_L2_W64_H2_S37,shuffled_pairings,1024,12,sa_ff,2,2,fresh-random,-27.521743774414062,2,3,1.114859723636008e-12,7,C2,37,4,0,4,64
C2_sa_ff_L2_W64_H2_S37,shuffled_order,1024,12,sa_ff,2,2,fresh-random,7.74517822265625,2,3,0.9995647072792053,1,C2,37,4,1,4,64
C2_sa_ff_L2_W64_H2_S37,wrong_query,1024,12,sa_ff,2,2,fresh-random,-2.2905921936035156,2,3,0.0773332342505455,3,C2,37,4,0,4,64
C2_sa_ff_L2_W64_H2_S37,correct,1024,13,sa_ff,2,2,fresh-random,2.123157501220703,2,3,0.8750093579292297,1,C2,37,4,1,4,64
C2_sa_ff_L2_W64_H2_S37,none,1024,13,sa_ff,2,2,fresh-random,-0.4076213836669922,2,3,0.2730780839920044,3,C2,37,4,0,4,64
C2_sa_ff_L2_W64_H2_S37,shuffled_pairings,1024,13,sa_ff,2,2,fresh-random,-1.750356674194336,2,3,0.14680036902427673,2,C2,37,4,0,4,64
C2_sa_ff_L2_W64_H2_S37,shuffled_order,1024,13,sa_ff,2,2,fresh-random,2.112860679626465,2,3,0.8706811666488647,1,C2,37,4,1,4,64
C2_sa_ff_L2_W64_H2_S37,wrong_query,1024,13,sa_ff,2,2,fresh-random,-6.786664009094238,2,3,0.0011271974071860313,2,C2,37,4,0,4,64
C2_sa_ff_L2_W64_H2_S37,correct,1024,14,sa_ff,2,2,fresh-random,-0.32819175720214844,2,3,0.38592013716697693,2,C2,37,6,0,4,64
C2_sa_ff_L2_W64_H2_S37,none,1024,14,sa_ff,2,2,fresh-random,-2.925184726715088,2,3,0.03215762972831726,3,C2,37,6,0,4,64
C2_sa_ff_L2_W64_H2_S37,shuffled_pairings,1024,14,sa_ff,2,2,fresh-random,-1.9089584350585938,2,3,0.12620040774345398,2,C2,37,6,0,4,64
C2_sa_ff_L2_W64_H2_S37,shuffled_order,1024,14,sa_ff,2,2,fresh-random,1.5593280792236328,2,3,0.7595803141593933,1,C2,37,6,1,4,64
C2_sa_ff_L2_W64_H2_S37,wrong_query,1024,14,sa_ff,2,2,fresh-random,-10.034735679626465,2,3,4.322189124650322e-05,4,C2,37,6,0,4,64
C2_sa_ff_L2_W64_H2_S37,correct,1024,15,sa_ff,2,2,fresh-random,2.705817222595215,2,3,0.8847118020057678,1,C2,37,3,1,4,64
C2_sa_ff_L2_W64_H2_S37,none,1024,15,sa_ff,2,2,fresh-random,0.49226951599121094,2,3,0.5993432998657227,1,C2,37,3,1,4,64
C2_sa_ff_L2_W64_H2_S37,shuffled_pairings,1024,15,sa_ff,2,2,fresh-random,-0.24737930297851562,2,3,0.3640231192111969,2,C2,37,3,0,4,64
C2_sa_ff_L2_W64_H2_S37,shuffled_order,1024,15,sa_ff,2,2,fresh-random,1.1199150085449219,2,3,0.6890662312507629,1,C2,37,3,1,4,64
C2_sa_ff_L2_W64_H2_S37,wrong_query,1024,15,sa_ff,2,2,fresh-random,-6.744938850402832,2,3,0.0010770077351480722,4,C2,37,3,0,4,64
C2_sa_ff_L2_W64_H2_S37,correct,1024,16,sa_ff,2,2,fresh-random,-1.0985784530639648,2,3,0.22041872143745422,2,C2,37,5,0,4,64
C2_sa_ff_L2_W64_H2_S37,none,1024,16,sa_ff,2,2,fresh-random,-0.32868146896362305,2,3,0.2955085337162018,2,C2,37,5,0,4,64
C2_sa_ff_L2_W64_H2_S37,shuffled_pairings,1024,16,sa_ff,2,2,fresh-random,-1.8720207214355469,2,3,0.12511244416236877,2,C2,37,5,0,4,64
C2_sa_ff_L2_W64_H2_S37,shuffled_order,1024,16,sa_ff,2,2,fresh-random,2.5193686485290527,2,3,0.8990756869316101,1,C2,37,5,1,4,64
C2_sa_ff_L2_W64_H2_S37,wrong_query,1024,16,sa_ff,2,2,fresh-random,-12.879459381103516,2,3,2.547573103584e-06,4,C2,37,5,0,4,64
C2_sa_ff_L2_W64_H2_S37,correct,1024,17,sa_ff,2,2,fresh-random,5.368179798126221,2,3,0.9932261109352112,1,C2,37,6,1,4,64
C2_sa_ff_L2_W64_H2_S37,none,1024,17,sa_ff,2,2,fresh-random,-2.165983200073242,2,3,0.08854234963655472,3,C2,37,6,0,4,64
C2_sa_ff_L2_W64_H2_S37,shuffled_pairings,1024,17,sa_ff,2,2,fresh-random,-8.636930465698242,2,3,0.0001772766117937863,3,C2,37,6,0,4,64
C2_sa_ff_L2_W64_H2_S37,shuffled_order,1024,17,sa_ff,2,2,fresh-random,4.258225440979004,2,3,0.9857150912284851,1,C2,37,6,1,4,64
C2_sa_ff_L2_W64_H2_S37,wrong_query,1024,17,sa_ff,2,2,fresh-random,-1.6055221557617188,2,3,0.16115500032901764,2,C2,37,6,0,4,64
C2_sa_ff_L2_W64_H2_S37,correct,1024,18,sa_ff,2,2,fresh-random,10.260177612304688,2,3,0.9999617338180542,1,C2,37,4,1,4,64
C2_sa_ff_L2_W64_H2_S37,none,1024,18,sa_ff,2,2,fresh-random,1.7578630447387695,2,3,0.7723702788352966,1,C2,37,4,1,4,64
C2_sa_ff_L2_W64_H2_S37,shuffled_pairings,1024,18,sa_ff,2,2,fresh-random,-29.13695526123047,2,3,2.2180914331822177e-13,7,C2,37,4,0,4,64
C2_sa_ff_L2_W64_H2_S37,shuffled_order,1024,18,sa_ff,2,2,fresh-random,11.688039779663086,2,3,0.9999908208847046,1,C2,37,4,1,4,64
C2_sa_ff_L2_W64_H2_S37,wrong_query,1024,18,sa_ff,2,2,fresh-random,-13.420318603515625,2,3,1.4608871197197004e-06,4,C2,37,4,0,4,64
C2_sa_ff_L2_W64_H2_S37,correct,1024,19,sa_ff,2,2,fresh-random,4.881068229675293,2,3,0.9912545680999756,1,C2,37,3,1,4,64
C2_sa_ff_L2_W64_H2_S37,none,1024,19,sa_ff,2,2,fresh-random,-10.161184310913086,2,3,3.648236452136189e-05,3,C2,37,3,0,4,64
C2_sa_ff_L2_W64_H2_S37,shuffled_pairings,1024,19,sa_ff,2,2,fresh-random,1.9578886032104492,2,3,0.8631113171577454,1,C2,37,3,1,4,64
C2_sa_ff_L2_W64_H2_S37,shuffled_order,1024,19,sa_ff,2,2,fresh-random,1.2729029655456543,2,3,0.7227674126625061,1,C2,37,3,1,4,64
C2_sa_ff_L2_W64_H2_S37,wrong_query,1024,19,sa_ff,2,2,fresh-random,-8.626136779785156,2,3,0.00017929011664818972,3,C2,37,3,0,4,64
C2_sa_ff_L2_W64_H2_S37,correct,1024,20,sa_ff,2,2,fresh-random,-1.4187908172607422,2,3,0.1684696525335312,2,C2,37,5,0,4,64
C2_sa_ff_L2_W64_H2_S37,none,1024,20,sa_ff,2,2,fresh-random,-0.49226951599121094,2,3,0.36634117364883423,2,C2,37,5,0,4,64
C2_sa_ff_L2_W64_H2_S37,shuffled_pairings,1024,20,sa_ff,2,2,fresh-random,-1.439737319946289,2,3,0.18840056657791138,2,C2,37,5,0,4,64
C2_sa_ff_L2_W64_H2_S37,shuffled_order,1024,20,sa_ff,2,2,fresh-random,-1.4547719955444336,2,3,0.18818321824073792,2,C2,37,5,0,4,64
C2_sa_ff_L2_W64_H2_S37,wrong_query,1024,20,sa_ff,2,2,fresh-random,-0.4947233200073242,2,3,0.36281099915504456,2,C2,37,5,0,4,64
C2_sa_ff_L2_W64_H2_S37,correct,1024,21,sa_ff,2,2,fresh-random,6.548766613006592,2,3,0.9985665678977966,1,C2,37,3,1,4,64
C2_sa_ff_L2_W64_H2_S37,none,1024,21,sa_ff,2,2,fresh-random,-1.7578630447387695,2,3,0.1331666111946106,2,C2,37,3,0,4,64
C2_sa_ff_L2_W64_H2_S37,shuffled_pairings,1024,21,sa_ff,2,2,fresh-random,13.354242324829102,2,3,0.9999980926513672,1,C2,37,3,1,4,64
C2_sa_ff_L2_W64_H2_S37,shuffled_order,1024,21,sa_ff,2,2,fresh-random,9.870862007141113,2,3,0.9999290704727173,1,C2,37,3,1,4,64
C2_sa_ff_L2_W64_H2_S37,wrong_query,1024,21,sa_ff,2,2,fresh-random,-3.8022727966308594,2,3,0.017054997384548187,4,C2,37,3,0,4,64
C2_sa_ff_L2_W64_H2_S37,correct,1024,22,sa_ff,2,2,fresh-random,12.267005920410156,2,3,0.9999953508377075,1,C2,37,5,1,4,64
C2_sa_ff_L2_W64_H2_S37,none,1024,22,sa_ff,2,2,fresh-random,2.8283538818359375,2,3,0.9441241025924683,1,C2,37,5,1,4,64
C2_sa_ff_L2_W64_H2_S37,shuffled_pairings,1024,22,sa_ff,2,2,fresh-random,-5.748229026794434,2,3,0.003175979945808649,2,C2,37,5,0,4,64
C2_sa_ff_L2_W64_H2_S37,shuffled_order,1024,22,sa_ff,2,2,fresh-random,8.111083984375,2,3,0.9996070265769958,1,C2,37,5,1,4,64
C2_sa_ff_L2_W64_H2_S37,wrong_query,1024,22,sa_ff,2,2,fresh-random,-1.4879436492919922,2,3,0.1723841279745102,2,C2,37,5,0,4,64
C2_sa_ff_L2_W64_H2_S37,correct,1024,23,sa_ff,2,2,fresh-random,-0.7110023498535156,2,3,0.32895851135253906,2,C2,37,6,0,4,64
C2_sa_ff_L2_W64_H2_S37,none,1024,23,sa_ff,2,2,fresh-random,-2.993074417114258,2,3,0.020579688251018524,4,C2,37,6,0,4,64
C2_sa_ff_L2_W64_H2_S37,shuffled_pairings,1024,23,sa_ff,2,2,fresh-random,1.2574987411499023,2,3,0.761296808719635,1,C2,37,6,1,4,64
C2_sa_ff_L2_W64_H2_S37,shuffled_order,1024,23,sa_ff,2,2,fresh-random,1.1080684661865234,2,3,0.7395457625389099,1,C2,37,6,1,4,64
C2_sa_ff_L2_W64_H2_S37,wrong_query,1024,23,sa_ff,2,2,fresh-random,-11.651246070861816,2,3,8.66447498992784e-06,4,C2,37,6,0,4,64
C2_sa_ff_L2_W64_H2_S37,correct,1024,24,sa_ff,2,2,fresh-random,7.278276443481445,2,3,0.9993098974227905,1,C2,37,4,1,4,64
C2_sa_ff_L2_W64_H2_S37,none,1024,24,sa_ff,2,2,fresh-random,-12.995455741882324,2,3,2.1437501800392056e-06,6,C2,37,4,0,4,64
C2_sa_ff_L2_W64_H2_S37,shuffled_pairings,1024,24,sa_ff,2,2,fresh-random,-10.539262771606445,2,3,2.6473775506019592e-05,3,C2,37,4,0,4,64
C2_sa_ff_L2_W64_H2_S37,shuffled_order,1024,24,sa_ff,2,2,fresh-random,4.80135440826416,2,3,0.9870055913925171,1,C2,37,4,1,4,64
C2_sa_ff_L2_W64_H2_S37,wrong_query,1024,24,sa_ff,2,2,fresh-random,4.774691581726074,2,3,0.9910749197006226,1,C2,37,4,1,4,64
C2_sa_ff_L2_W64_H2_S37,correct,1024,25,sa_ff,2,2,fresh-random,-0.06402778625488281,2,3,0.4731156527996063,2,C2,37,4,0,4,64
C2_sa_ff_L2_W64_H2_S37,none,1024,25,sa_ff,2,2,fresh-random,-0.4076213836669922,2,3,0.2730780839920044,3,C2,37,4,0,4,64
C2_sa_ff_L2_W64_H2_S37,shuffled_pairings,1024,25,sa_ff,2,2,fresh-random,-4.434624671936035,2,3,0.010312337428331375,3,C2,37,4,0,4,64
C2_sa_ff_L2_W64_H2_S37,shuffled_order,1024,25,sa_ff,2,2,fresh-random,-3.151416778564453,2,3,0.03434554114937782,3,C2,37,4,0,4,64
C2_sa_ff_L2_W64_H2_S37,wrong_query,1024,25,sa_ff,2,2,fresh-random,-6.7866644859313965,2,3,0.0011271967086941004,2,C2,37,4,0,4,64
C2_sa_ff_L2_W64_H2_S37,correct,1024,26,sa_ff,2,2,fresh-random,0.4863777160644531,2,3,0.5871973633766174,1,C2,37,6,1,4,64
C2_sa_ff_L2_W64_H2_S37,none,1024,26,sa_ff,2,2,fresh-random,-2.925184726715088,2,3,0.03215762972831726,3,C2,37,6,0,4,64
C2_sa_ff_L2_W64_H2_S37,shuffled_pairings,1024,26,sa_ff,2,2,fresh-random,0.6506500244140625,2,3,0.5540252327919006,1,C2,37,6,1,4,64
C2_sa_ff_L2_W64_H2_S37,shuffled_order,1024,26,sa_ff,2,2,fresh-random,2.4312915802001953,2,3,0.9061171412467957,1,C2,37,6,1,4,64
C2_sa_ff_L2_W64_H2_S37,wrong_query,1024,26,sa_ff,2,2,fresh-random,2.7415266036987305,2,3,0.9392516613006592,1,C2,37,6,1,4,64
C2_sa_ff_L2_W64_H2_S37,correct,1024,27,sa_ff,2,2,fresh-random,1.9060897827148438,2,3,0.8319164514541626,1,C2,37,3,1,4,64
C2_sa_ff_L2_W64_H2_S37,none,1024,27,sa_ff,2,2,fresh-random,0.49226951599121094,2,3,0.5993432998657227,1,C2,37,3,1,4,64
C2_sa_ff_L2_W64_H2_S37,shuffled_pairings,1024,27,sa_ff,2,2,fresh-random,0.7614803314208984,2,3,0.6751827597618103,1,C2,37,3,1,4,64
C2_sa_ff_L2_W64_H2_S37,shuffled_order,1024,27,sa_ff,2,2,fresh-random,-0.8585844039916992,2,3,0.2798873484134674,2,C2,37,3,0,4,64
C2_sa_ff_L2_W64_H2_S37,wrong_query,1024,27,sa_ff,2,2,fresh-random,-6.517549514770508,2,3,0.0014749354450032115,2,C2,37,3,0,4,64
C2_sa_ff_L2_W64_H2_S37,correct,1024,28,sa_ff,2,2,fresh-random,-1.0985784530639648,2,3,0.22041872143745422,2,C2,37,5,0,4,64
C2_sa_ff_L2_W64_H2_S37,none,1024,28,sa_ff,2,2,fresh-random,-0.32868146896362305,2,3,0.2955085337162018,2,C2,37,5,0,4,64
C2_sa_ff_L2_W64_H2_S37,shuffled_pairings,1024,28,sa_ff,2,2,fresh-random,-1.8720207214355469,2,3,0.12511244416236877,2,C2,37,5,0,4,64
C2_sa_ff_L2_W64_H2_S37,shuffled_order,1024,28,sa_ff,2,2,fresh-random,1.0233564376831055,2,3,0.7117796540260315,1,C2,37,5,1,4,64
C2_sa_ff_L2_W64_H2_S37,wrong_query,1024,28,sa_ff,2,2,fresh-random,-12.879459381103516,2,3,2.547573103584e-06,4,C2,37,5,0,4,64
C2_sa_ff_L2_W64_H2_S37,correct,1024,29,sa_ff,2,2,fresh-random,4.70992374420166,2,3,0.9904962778091431,1,C2,37,6,1,4,64
C2_sa_ff_L2_W64_H2_S37,none,1024,29,sa_ff,2,2,fresh-random,-2.165983200073242,2,3,0.08854234963655472,3,C2,37,6,0,4,64
C2_sa_ff_L2_W64_H2_S37,shuffled_pairings,1024,29,sa_ff,2,2,fresh-random,8.669445037841797,2,3,0.9997454285621643,1,C2,37,6,1,4,64
C2_sa_ff_L2_W64_H2_S37,shuffled_order,1024,29,sa_ff,2,2,fresh-random,4.168733596801758,2,3,0.9832200407981873,1,C2,37,6,1,4,64
C2_sa_ff_L2_W64_H2_S37,wrong_query,1024,29,sa_ff,2,2,fresh-random,-0.8157167434692383,2,3,0.3054829239845276,2,C2,37,6,0,4,64
C2_sa_ff_L2_W64_H2_S37,correct,1024,30,sa_ff,2,2,fresh-random,9.065401077270508,2,3,0.9998555183410645,1,C2,37,4,1,4,64
C2_sa_ff_L2_W64_H2_S37,none,1024,30,sa_ff,2,2,fresh-random,1.7578630447387695,2,3,0.7723702788352966,1,C2,37,4,1,4,64
C2_sa_ff_L2_W64_H2_S37,shuffled_pairings,1024,30,sa_ff,2,2,fresh-random,-2.5932846069335938,2,3,0.06955672055482864,2,C2,37,4,0,4,64
C2_sa_ff_L2_W64_H2_S37,shuffled_order,1024,30,sa_ff,2,2,fresh-random,1.840357780456543,2,3,0.859998345375061,1,C2,37,4,1,4,64
C2_sa_ff_L2_W64_H2_S37,wrong_query,1024,30,sa_ff,2,2,fresh-random,-11.973429679870605,2,3,3.4957067782670492e-06,6,C2,37,4,0,4,64
C2_sa_ff_L2_W64_H2_S37,correct,1024,31,sa_ff,2,2,fresh-random,6.543854713439941,2,3,0.997739315032959,1,C2,37,3,1,4,64
C2_sa_ff_L2_W64_H2_S37,none,1024,31,sa_ff,2,2,fresh-random,-10.161184310913086,2,3,3.648236452136189e-05,3,C2,37,3,0,4,64
C2_sa_ff_L2_W64_H2_S37,shuffled_pairings,1024,31,sa_ff,2,2,fresh-random,-8.467573165893555,2,3,0.0002101300487993285,2,C2,37,3,0,4,64
C2_sa_ff_L2_W64_H2_S37,shuffled_order,1024,31,sa_ff,2,2,fresh-random,6.543854713439941,2,3,0.997739315032959,1,C2,37,3,1,4,64
C2_sa_ff_L2_W64_H2_S37,wrong_query,1024,31,sa_ff,2,2,fresh-random,-3.1843109130859375,2,3,0.03768526390194893,3,C2,37,3,0,4,64
C2_sa_ff_L2_W64_H2_S37,correct,1024,32,sa_ff,2,2,fresh-random,-0.8832530975341797,2,3,0.24620378017425537,2,C2,37,5,0,4,64
C2_sa_ff_L2_W64_H2_S37,none,1024,32,sa_ff,2,2,fresh-random,-0.49226951599121094,2,3,0.36634117364883423,2,C2,37,5,0,4,64
C2_sa_ff_L2_W64_H2_S37,shuffled_pairings,1024,32,sa_ff,2,2,fresh-random,0.2888526916503906,2,3,0.55235356092453,1,C2,37,5,1,4,64
C2_sa_ff_L2_W64_H2_S37,shuffled_order,1024,32,sa_ff,2,2,fresh-random,-1.4194097518920898,2,3,0.16847211122512817,2,C2,37,5,0,4,64
C2_sa_ff_L2_W64_H2_S37,wrong_query,1024,32,sa_ff,2,2,fresh-random,-19.248218536376953,2,3,4.370919626239811e-09,6,C2,37,5,0,4,64
C2_sa_ff_L2_W64_H2_S37,correct,1024,33,sa_ff,2,2,fresh-random,2.4834837913513184,2,3,0.9226394891738892,1,C2,37,3,1,4,64
C2_sa_ff_L2_W64_H2_S37,none,1024,33,sa_ff,2,2,fresh-random,-1.7578630447387695,2,3,0.1331666111946106,2,C2,37,3,0,4,64
C2_sa_ff_L2_W64_H2_S37,shuffled_pairings,1024,33,sa_ff,2,2,fresh-random,-6.799014091491699,2,3,0.0011133285006508231,2,C2,37,3,0,4,64
C2_sa_ff_L2_W64_H2_S37,shuffled_order,1024,33,sa_ff,2,2,fresh-random,18.49131965637207,2,3,1.0,1,C2,37,3,1,4,64
C2_sa_ff_L2_W64_H2_S37,wrong_query,1024,33,sa_ff,2,2,fresh-random,-3.450042724609375,2,3,0.027617931365966797,3,C2,37,3,0,4,64
C2_sa_ff_L2_W64_H2_S37,correct,1024,34,sa_ff,2,2,fresh-random,7.934914588928223,2,3,0.9995417594909668,1,C2,37,5,1,4,64
C2_sa_ff_L2_W64_H2_S37,none,1024,34,sa_ff,2,2,fresh-random,2.8283538818359375,2,3,0.9441241025924683,1,C2,37,5,1,4,64
C2_sa_ff_L2_W64_H2_S37,shuffled_pairings,1024,34,sa_ff,2,2,fresh-random,2.399702548980713,2,3,0.8734562993049622,1,C2,37,5,1,4,64
C2_sa_ff_L2_W64_H2_S37,shuffled_order,1024,34,sa_ff,2,2,fresh-random,12.266791343688965,2,3,0.9999953508377075,1,C2,37,5,1,4,64
C2_sa_ff_L2_W64_H2_S37,wrong_query,1024,34,sa_ff,2,2,fresh-random,-19.638309478759766,2,3,2.9592852612836396e-09,4,C2,37,5,0,4,64
C2_sa_ff_L2_W64_H2_S37,correct,1024,35,sa_ff,2,2,fresh-random,1.7503910064697266,2,3,0.8450809121131897,1,C2,37,6,1,4,64
C2_sa_ff_L2_W64_H2_S37,none,1024,35,sa_ff,2,2,fresh-random,-2.993074417114258,2,3,0.020579688251018524,4,C2,37,6,0,4,64
C2_sa_ff_L2_W64_H2_S37,shuffled_pairings,1024,35,sa_ff,2,2,fresh-random,0.6462535858154297,2,3,0.649263322353363,1,C2,37,6,1,4,64
C2_sa_ff_L2_W64_H2_S37,shuffled_order,1024,35,sa_ff,2,2,fresh-random,1.3044681549072266,2,3,0.7474580407142639,1,C2,37,6,1,4,64
C2_sa_ff_L2_W64_H2_S37,wrong_query,1024,35,sa_ff,2,2,fresh-random,-9.9285306930542,2,3,4.8759815399535e-05,2,C2,37,6,0,4,64
C2_sa_ff_L2_W64_H2_S37,correct,1024,36,sa_ff,2,2,fresh-random,4.307832717895508,2,3,0.9867124557495117,1,C2,37,4,1,4,64
C2_sa_ff_L2_W64_H2_S37,none,1024,36,sa_ff,2,2,fresh-random,-12.995455741882324,2,3,2.1437501800392056e-06,6,C2,37,4,0,4,64
C2_sa_ff_L2_W64_H2_S37,shuffled_pairings,1024,36,sa_ff,2,2,fresh-random,-7.842911720275879,2,3,0.00038919688086025417,4,C2,37,4,0,4,64
C2_sa_ff_L2_W64_H2_S37,shuffled_order,1024,36,sa_ff,2,2,fresh-random,2.718857765197754,2,3,0.9073077440261841,1,C2,37,4,1,4,64
C2_sa_ff_L2_W64_H2_S37,wrong_query,1024,36,sa_ff,2,2,fresh-random,-12.40280532836914,2,3,3.6605656532628927e-06,6,C2,37,4,0,4,64
C2_sa_ff_L2_W64_H2_S37,correct,1024,37,sa_ff,2,2,fresh-random,2.267247200012207,2,3,0.8386311531066895,1,C2,37,4,1,4,64
C2_sa_ff_L2_W64_H2_S37,none,1024,37,sa_ff,2,2,fresh-random,-0.4076213836669922,2,3,0.2730780839920044,3,C2,37,4,0,4,64
C2_sa_ff_L2_W64_H2_S37,shuffled_pairings,1024,37,sa_ff,2,2,fresh-random,-0.8189964294433594,2,3,0.29696545004844666,2,C2,37,4,0,4,64
C2_sa_ff_L2_W64_H2_S37,shuffled_order,1024,37,sa_ff,2,2,fresh-random,-1.8733091354370117,2,3,0.1326584368944168,2,C2,37,4,0,4,64
C2_sa_ff_L2_W64_H2_S37,wrong_query,1024,37,sa_ff,2,2,fresh-random,-9.516279220581055,2,3,6.407048931578174e-05,4,C2,37,4,0,4,64
C2_sa_ff_L2_W64_H2_S37,correct,1024,38,sa_ff,2,2,fresh-random,0.09207916259765625,2,3,0.4933643639087677,1,C2,37,6,1,4,64
C2_sa_ff_L2_W64_H2_S37,none,1024,38,sa_ff,2,2,fresh-random,-2.925184726715088,2,3,0.03215762972831726,3,C2,37,6,0,4,64
C2_sa_ff_L2_W64_H2_S37,shuffled_pairings,1024,38,sa_ff,2,2,fresh-random,-0.6479377746582031,2,3,0.3205704689025879,2,C2,37,6,0,4,64
C2_sa_ff_L2_W64_H2_S37,shuffled_order,1024,38,sa_ff,2,2,fresh-random,4.124316692352295,2,3,0.971261739730835,1,C2,37,6,1,4,64
C2_sa_ff_L2_W64_H2_S37,wrong_query,1024,38,sa_ff,2,2,fresh-random,-11.584246635437012,2,3,9.291352398577146e-06,4,C2,37,6,0,4,64
C2_sa_ff_L2_W64_H2_S37,correct,1024,39,sa_ff,2,2,fresh-random,5.989429950714111,2,3,0.9972108006477356,1,C2,37,3,1,4,64
C2_sa_ff_L2_W64_H2_S37,none,1024,39,sa_ff,2,2,fresh-random,0.49226951599121094,2,3,0.5993432998657227,1,C2,37,3,1,4,64
C2_sa_ff_L2_W64_H2_S37,shuffled_pairings,1024,39,sa_ff,2,2,fresh-random,-2.0055036544799805,2,3,0.11808951944112778,2,C2,37,3,0,4,64
C2_sa_ff_L2_W64_H2_S37,shuffled_order,1024,39,sa_ff,2,2,fresh-random,4.527697563171387,2,3,0.9892669916152954,1,C2,37,3,1,4,64
C2_sa_ff_L2_W64_H2_S37,wrong_query,1024,39,sa_ff,2,2,fresh-random,-5.278822422027588,2,3,0.0034678166266530752,4,C2,37,3,0,4,64
C2_sa_ff_L2_W64_H2_S37,correct,1024,40,sa_ff,2,2,fresh-random,2.5193686485290527,2,3,0.8990756869316101,1,C2,37,5,1,4,64
C2_sa_ff_L2_W64_H2_S37,none,1024,40,sa_ff,2,2,fresh-random,-0.32868146896362305,2,3,0.2955085337162018,2,C2,37,5,0,4,64
C2_sa_ff_L2_W64_H2_S37,shuffled_pairings,1024,40,sa_ff,2,2,fresh-random,-2.0432448387145996,2,3,0.10494381934404373,2,C2,37,5,0,4,64
C2_sa_ff_L2_W64_H2_S37,shuffled_order,1024,40,sa_ff,2,2,fresh-random,-1.068756103515625,2,3,0.2525014877319336,2,C2,37,5,0,4,64
C2_sa_ff_L2_W64_H2_S37,wrong_query,1024,40,sa_ff,2,2,fresh-random,-11.58344841003418,2,3,9.315025636169594e-06,3,C2,37,5,0,4,64
C2_sa_ff_L2_W64_H2_S37,correct,1024,41,sa_ff,2,2,fresh-random,5.172455787658691,2,3,0.9915521144866943,1,C2,37,6,1,4,64
C2_sa_ff_L2_W64_H2_S37,none,1024,41,sa_ff,2,2,fresh-random,-2.165983200073242,2,3,0.08854234963655472,3,C2,37,6,0,4,64
C2_sa_ff_L2_W64_H2_S37,shuffled_pairings,1024,41,sa_ff,2,2,fresh-random,-3.375229835510254,2,3,0.033023323863744736,2,C2,37,6,0,4,64
C2_sa_ff_L2_W64_H2_S37,shuffled_order,1024,41,sa_ff,2,2,fresh-random,-0.15715599060058594,2,3,0.4605424702167511,2,C2,37,6,0,4,64
C2_sa_ff_L2_W64_H2_S37,wrong_query,1024,41,sa_ff,2,2,fresh-random,-13.019644737243652,2,3,2.2154476937430445e-06,4,C2,37,6,0,4,64
C2_sa_ff_L2_W64_H2_S37,correct,1024,42,sa_ff,2,2,fresh-random,8.946422576904297,2,3,0.999819815158844,1,C2,37,4,1,4,64
C2_sa_ff_L2_W64_H2_S37,none,1024,42,sa_ff,2,2,fresh-random,1.7578630447387695,2,3,0.7723702788352966,1,C2,37,4,1,4,64
C2_sa_ff_L2_W64_H2_S37,shuffled_pairings,1024,42,sa_ff,2,2,fresh-random,-5.324656963348389,2,3,0.004835488274693489,2,C2,37,4,0,4,64
C2_sa_ff_L2_W64_H2_S37,shuffled_order,1024,42,sa_ff,2,2,fresh-random,7.229120254516602,2,3,0.999087929725647,1,C2,37,4,1,4,64
C2_sa_ff_L2_W64_H2_S37,wrong_query,1024,42,sa_ff,2,2,fresh-random,-2.761662483215332,2,3,0.037601288408041,3,C2,37,4,0,4,64
C2_sa_ff_L2_W64_H2_S37,correct,1024,43,sa_ff,2,2,fresh-random,5.70108699798584,2,3,0.9965534210205078,1,C2,37,3,1,4,64
C2_sa_ff_L2_W64_H2_S37,none,1024,43,sa_ff,2,2,fresh-random,-10.161184310913086,2,3,3.648236452136189e-05,3,C2,37,3,0,4,64
C2_sa_ff_L2_W64_H2_S37,shuffled_pairings,1024,43,sa_ff,2,2,fresh-random,-6.215825080871582,2,3,0.00199358188547194,2,C2,37,3,0,4,64
C2_sa_ff_L2_W64_H2_S37,shuffled_order,1024,43,sa_ff,2,2,fresh-random,4.675868034362793,2,3,0.9907686114311218,1,C2,37,3,1,4,64
C2_sa_ff_L2_W64_H2_S37,wrong_query,1024,43,sa_ff,2,2,fresh-random,-8.865522384643555,2,3,0.00014079605170991272,4,C2,37,3,0,4,64
C2_sa_ff_L2_W64_H2_S37,correct,1024,44,sa_ff,2,2,fresh-random,0.7110385894775391,2,3,0.5934594869613647,1,C2,37,5,1,4,64
C2_sa_ff_L2_W64_H2_S37,none,1024,44,sa_ff,2,2,fresh-random,-0.49226951599121094,2,3,0.36634117364883423,2,C2,37,5,0,4,64
C2_sa_ff_L2_W64_H2_S37,shuffled_pairings,1024,44,sa_ff,2,2,fresh-random,1.4524316787719727,2,3,0.7848911881446838,1,C2,37,5,1,4,64
C2_sa_ff_L2_W64_H2_S37,shuffled_order,1024,44,sa_ff,2,2,fresh-random,0.7110385894775391,2,3,0.5934594869613647,1,C2,37,5,1,4,64
C2_sa_ff_L2_W64_H2_S37,wrong_query,1024,44,sa_ff,2,2,fresh-random,-6.849067687988281,2,3,0.001057610148563981,3,C2,37,5,0,4,64
C2_sa_ff_L2_W64_H2_S37,correct,1024,45,sa_ff,2,2,fresh-random,10.8396577835083,2,3,0.9999794960021973,1,C2,37,3,1,4,64
C2_sa_ff_L2_W64_H2_S37,none,1024,45,sa_ff,2,2,fresh-random,-1.7578630447387695,2,3,0.1331666111946106,2,C2,37,3,0,4,64
C2_sa_ff_L2_W64_H2_S37,shuffled_pairings,1024,45,sa_ff,2,2,fresh-random,-8.647394180297852,2,3,0.00017546828894410282,3,C2,37,3,0,4,64
C2_sa_ff_L2_W64_H2_S37,shuffled_order,1024,45,sa_ff,2,2,fresh-random,-9.154666900634766,2,3,0.00010317774285795167,3,C2,37,3,0,4,64
C2_sa_ff_L2_W64_H2_S37,wrong_query,1024,45,sa_ff,2,2,fresh-random,-9.0545072555542,2,3,0.00011684942001011223,2,C2,37,3,0,4,64
C2_sa_ff_L2_W64_H2_S37,correct,1024,46,sa_ff,2,2,fresh-random,2.128972053527832,2,3,0.8510822653770447,1,C2,37,5,1,4,64
C2_sa_ff_L2_W64_H2_S37,none,1024,46,sa_ff,2,2,fresh-random,2.8283538818359375,2,3,0.9441241025924683,1,C2,37,5,1,4,64
C2_sa_ff_L2_W64_H2_S37,shuffled_pairings,1024,46,sa_ff,2,2,fresh-random,-1.2767629623413086,2,3,0.2018072009086609,2,C2,37,5,0,4,64
C2_sa_ff_L2_W64_H2_S37,shuffled_order,1024,46,sa_ff,2,2,fresh-random,12.267005920410156,2,3,0.9999953508377075,1,C2,37,5,1,4,64
C2_sa_ff_L2_W64_H2_S37,wrong_query,1024,46,sa_ff,2,2,fresh-random,-2.140817642211914,2,3,0.10227753967046738,2,C2,37,5,0,4,64
C2_sa_ff_L2_W64_H2_S37,correct,1024,47,sa_ff,2,2,fresh-random,1.6756534576416016,2,3,0.7811229825019836,1,C2,37,6,1,4,64
C2_sa_ff_L2_W64_H2_S37,none,1024,47,sa_ff,2,2,fresh-random,-2.993074417114258,2,3,0.020579688251018524,4,C2,37,6,0,4,64
C2_sa_ff_L2_W64_H2_S37,shuffled_pairings,1024,47,sa_ff,2,2,fresh-random,2.587779998779297,2,3,0.9242614507675171,1,C2,37,6,1,4,64
C2_sa_ff_L2_W64_H2_S37,shuffled_order,1024,47,sa_ff,2,2,fresh-random,1.6756534576416016,2,3,0.7811229825019836,1,C2,37,6,1,4,64
C2_sa_ff_L2_W64_H2_S37,wrong_query,1024,47,sa_ff,2,2,fresh-random,-4.535467147827148,2,3,0.010606280528008938,2,C2,37,6,0,4,64
