axis,cell_id,competent_seed_count,generator_family,head_count,maximum_seed_accuracy,mean_accuracy,minimum_seed_accuracy,model_depth,model_width,nuisance_count,predictive_order,raw_length,requested_dependency_span,seed_count,three_seed_competent,training_budget
dependency_span,0c9a5ad51bfa,2,skip_gram,4,1.0,0.8541666666666666,0.75,2,64,0,2,12,8,3,0,2
dependency_span,239494a22bda,2,skip_gram,4,1.0,0.90625,0.71875,2,64,0,2,12,4,3,0,2
dependency_span,516d5f3a8cea,1,skip_gram,4,1.0,0.8020833333333334,0.65625,2,64,0,2,12,2,3,0,2
dependency_span,7a494b2e93f4,3,skip_gram,4,1.0,0.9479166666666666,0.90625,2,64,0,2,12,16,3,1,2
dependency_span,cdd05bfab044,3,skip_gram,4,1.0,0.9375,0.90625,2,64,0,2,12,32,3,1,2
generator_family,64e7c9b15cd9,2,contiguous,4,1.0,0.7395833333333334,0.40625,2,64,0,2,12,2,3,0,2
generator_family,cd72217c00e4,3,necessary_pattern,4,1.0,0.96875,0.90625,2,64,0,2,12,4,3,1,2
generator_family,dad81f86a87c,2,skip_gram,4,1.0,0.90625,0.71875,2,64,0,2,12,4,3,0,2
nuisance,0ebbf95b3e38,3,necessary_pattern,4,1.0,0.9791666666666666,0.9375,2,64,4,2,12,4,3,1,2
nuisance,7a6b0b00032a,3,necessary_pattern,4,1.0,0.9895833333333334,0.96875,2,64,8,2,12,4,3,1,2
nuisance,888714c4e48e,3,necessary_pattern,4,1.0,0.96875,0.90625,2,64,0,2,12,4,3,1,2
nuisance,9fe6cfcfa630,3,necessary_pattern,4,1.0,0.96875,0.90625,2,64,16,2,12,4,3,1,2
nuisance,b7046cfe3bf0,3,necessary_pattern,4,1.0,0.9375,0.84375,2,64,32,2,12,4,3,1,2
nuisance,ca9c5624dbda,3,necessary_pattern,4,1.0,0.96875,0.90625,2,64,2,2,12,4,3,1,2
predictive_order,2368e64e6ae0,0,necessary_pattern,4,0.5625,0.4166666666666667,0.25,2,64,0,3,12,4,3,0,2
predictive_order,30712ebe71a9,0,necessary_pattern,4,0.3125,0.28125,0.25,2,64,0,8,12,8,3,0,2
predictive_order,3c1c7bde239d,3,necessary_pattern,4,1.0,0.875,0.8125,2,64,0,1,12,4,3,1,2
predictive_order,96300ccbcaee,0,necessary_pattern,4,0.375,0.25,0.09375,2,64,0,6,12,6,3,0,2
predictive_order,a5891a5b16d7,0,necessary_pattern,4,0.28125,0.25,0.21875,2,64,0,12,12,12,3,0,2
predictive_order,ecae3be4326f,0,necessary_pattern,4,0.375,0.34375,0.3125,2,64,0,4,12,4,3,0,2
predictive_order,f306bd7c1d91,3,necessary_pattern,4,1.0,0.96875,0.90625,2,64,0,2,12,4,3,1,2
raw_length,07cdc0054772,3,necessary_pattern,4,1.0,1.0,1.0,2,64,0,2,2,4,3,1,2
raw_length,5b3975d8947d,3,necessary_pattern,4,1.0,1.0,1.0,2,64,0,2,3,4,3,1,2
raw_length,5bed8b907b14,3,necessary_pattern,4,1.0,1.0,1.0,2,64,0,2,16,4,3,1,2
raw_length,6ee96a3ceda6,3,necessary_pattern,4,1.0,0.9791666666666666,0.9375,2,64,0,2,8,4,3,1,2
raw_length,9cb22f271bee,3,necessary_pattern,4,1.0,0.96875,0.90625,2,64,0,2,24,4,3,1,2
raw_length,dcb8f7366193,3,necessary_pattern,4,1.0,0.96875,0.90625,2,64,0,2,12,4,3,1,2
raw_length,def8612efd03,3,necessary_pattern,4,1.0,1.0,1.0,2,64,0,2,6,4,3,1,2
raw_length,e9e9842f144b,3,necessary_pattern,4,1.0,1.0,1.0,2,64,0,2,4,4,3,1,2
dependency_span,0c9a5ad51bfa,2,skip_gram,4,1.0,0.8125,0.59375,8,32,0,2,12,8,3,0,2
dependency_span,239494a22bda,2,skip_gram,4,1.0,0.8229166666666666,0.625,8,32,0,2,12,4,3,0,2
dependency_span,516d5f3a8cea,2,skip_gram,4,1.0,0.8229166666666666,0.625,8,32,0,2,12,2,3,0,2
dependency_span,7a494b2e93f4,2,skip_gram,4,1.0,0.84375,0.71875,8,32,0,2,12,16,3,0,2
dependency_span,cdd05bfab044,2,skip_gram,4,1.0,0.8125,0.625,8,32,0,2,12,32,3,0,2
generator_family,64e7c9b15cd9,2,contiguous,4,1.0,0.875,0.65625,8,32,0,2,12,2,3,0,2
generator_family,cd72217c00e4,2,necessary_pattern,4,1.0,0.9166666666666666,0.75,8,32,0,2,12,4,3,0,2
generator_family,dad81f86a87c,2,skip_gram,4,1.0,0.8229166666666666,0.625,8,32,0,2,12,4,3,0,2
nuisance,0ebbf95b3e38,2,necessary_pattern,4,1.0,0.8958333333333334,0.71875,8,32,4,2,12,4,3,0,2
nuisance,7a6b0b00032a,2,necessary_pattern,4,1.0,0.8854166666666666,0.6875,8,32,8,2,12,4,3,0,2
nuisance,888714c4e48e,2,necessary_pattern,4,1.0,0.9166666666666666,0.75,8,32,0,2,12,4,3,0,2
nuisance,9fe6cfcfa630,2,necessary_pattern,4,1.0,0.875,0.71875,8,32,16,2,12,4,3,0,2
nuisance,b7046cfe3bf0,1,necessary_pattern,4,1.0,0.8125,0.6875,8,32,32,2,12,4,3,0,2
nuisance,ca9c5624dbda,2,necessary_pattern,4,1.0,0.9166666666666666,0.75,8,32,2,2,12,4,3,0,2
predictive_order,2368e64e6ae0,0,necessary_pattern,4,0.59375,0.4166666666666667,0.25,8,32,0,3,12,4,3,0,2
predictive_order,30712ebe71a9,0,necessary_pattern,4,0.3125,0.3020833333333333,0.28125,8,32,0,8,12,8,3,0,2
predictive_order,3c1c7bde239d,1,necessary_pattern,4,1.0,0.5625,0.25,8,32,0,1,12,4,3,0,2
predictive_order,96300ccbcaee,0,necessary_pattern,4,0.3125,0.23958333333333334,0.125,8,32,0,6,12,6,3,0,2
predictive_order,a5891a5b16d7,0,necessary_pattern,4,0.28125,0.25,0.21875,8,32,0,12,12,12,3,0,2
predictive_order,ecae3be4326f,0,necessary_pattern,4,0.4375,0.3125,0.21875,8,32,0,4,12,4,3,0,2
predictive_order,f306bd7c1d91,2,necessary_pattern,4,1.0,0.9166666666666666,0.75,8,32,0,2,12,4,3,0,2
raw_length,07cdc0054772,2,necessary_pattern,4,1.0,0.8854166666666666,0.71875,8,32,0,2,2,4,3,0,2
raw_length,5b3975d8947d,2,necessary_pattern,4,1.0,0.8854166666666666,0.71875,8,32,0,2,3,4,3,0,2
raw_length,5bed8b907b14,2,necessary_pattern,4,1.0,0.8854166666666666,0.71875,8,32,0,2,16,4,3,0,2
raw_length,6ee96a3ceda6,2,necessary_pattern,4,1.0,0.8854166666666666,0.71875,8,32,0,2,8,4,3,0,2
raw_length,9cb22f271bee,2,necessary_pattern,4,1.0,0.8854166666666666,0.71875,8,32,0,2,24,4,3,0,2
raw_length,dcb8f7366193,2,necessary_pattern,4,1.0,0.9166666666666666,0.75,8,32,0,2,12,4,3,0,2
raw_length,def8612efd03,2,necessary_pattern,4,1.0,0.84375,0.625,8,32,0,2,6,4,3,0,2
raw_length,e9e9842f144b,2,necessary_pattern,4,1.0,0.8854166666666666,0.71875,8,32,0,2,4,4,3,0,2
